Workbook
Name LPI: 'Formula of Liquefaction'!$AE$2

Sheet Formula of Liquefaction
A1: Latitude | B1: Longitude | C1: Depth (z) | D1: Layer Thickness (z2) | E1: Total Unit Weight (y) | F1: N60 | G1: Fines Content (FC) | H1: Magnitude | I1: Peak Ground Acceleration (PGA) | J1: Gound Water Level (GWL) | K1: Pore Pressure (u) | L1: Total Stress (Ot) | M1: Effective Stress | N1: Cn | O1: N160 | P1: N160_2 | Q1: N160cs | R1: m | S1: Cn_final | T1: N160cs_final | U1: rd | V1: CSR | W1: MSFmax | X1: MSF | Y1: Ko | Z1: CRR7.5 | AA1: FS | AB1: Remarks | AC1: Severity (Fi) | AD1: Weighting Factor | AE1: LPI | AF1: Remarks
C2: 1.5 | D2: 1.5 | E2: 18 | F2: 6 | G2: 57.32 | H2: 7 | I2: 0.4 | J2: 1.1 | K2: =IF(C2<=J2, 0, (C2-J2)*9.81) -> 3.924 | L2: =IF(ROW()=2, C2*E2, L1 + (C2-C1)*E2) -> 27 | M2: =L2 - K2 -> 23.076 | N2: =MIN(1.7, (101.3 / M2)^0.5) -> 1.7 | O2: =F2 * N2 -> 10.2 | P2: =EXP(1.63 + (9.7/(G2+0.01)) - ((15.7/(G2+0.01))^2)) -> 5.6080347 | Q2: =O2 + P2 -> 15.808035 | R2: =0.784 - 0.0768 * SQRT(Q2) -> 0.47864843 | S2: =MIN(1.7, (101.3 / M2)^R2) -> 1.7 | T2: =(F2 * S2) + P2 -> 15.808035 | U2: =EXP((-1.012 - 1.126*SIN((C2/11.73)+5.133)) + (0.106 + 0.118*SIN((C2/11.28)+5.142))*H2) -> 0.99216797 | V2: =0.65 * I2 * (L2 / M2) * U2 -> 0.30182957 | W2: =MIN(2.2, 1.09 + (T2 / 31.5)^2) -> 1.3418458 | X2: =1 + (W2 - 1) * (8.64 * EXP(-H2/4) - 1.325) -> 1.0603039 | Y2: =MIN(1.1, 1 - MIN(0.3, 1 / (18.9 - 2.55 * SQRT(T2))) * LN(M2 / 101.3)) -> 1.1 | Z2: =EXP((T2/14.1) + (T2/126)^2 - (T2/23.6)^3 + (T2/25.4)^4 - 2.8) -> 0.1630612 | AA2: =IF(V2=0, "N/A", (Z2 * X2 * Y2) / V2) -> 0.63010351 | AB2: =IF(AA2>1, "NOT LIQUEFIABLE", "LIQUEFIABLE") -> LIQUEFIABLE | AC2: =IF(AA2<1, 1-AA2, 0) -> 0.36989649 | AD2: =IF(C2<=20, 10 - (0.5 * C2), 0) -> 9.25 | AE2: =AC2 * AD2 * D2 -> 5.1323138 | AF2: =IF(AE2<=0,"Very Low",IF(AND(AE2>0,AE2<=5),"Low",IF(AND(AE2>5,AE2<=15),"High","Very High"))) -> High
C3: 3 | D3: 1.5 | E3: 17 | F3: 6 | G3: 51.34 | H3: 7 | I3: 0.4 | J3: 1.1 | K3: =IF(C3<=J3, 0, (C3-J3)*9.81) -> 18.639 | L3: =IF(ROW()=2, C3*E3, L2 + (C3-C2)*E3) -> 52.5 | M3: =L3 - K3 -> 33.861 | N3: =MIN(1.7, (101.3 / M3)^0.5) -> 1.7 | O3: =F3 * N3 -> 10.2 | P3: =EXP(1.63 + (9.7/(G3+0.01)) - ((15.7/(G3+0.01))^2)) -> 5.6148775 | Q3: =O3 + P3 -> 15.814877 | R3: =0.784 - 0.0768 * SQRT(Q3) -> 0.47858235 | S3: =MIN(1.7, (101.3 / M3)^R3) -> 1.6895147 | T3: =(F3 * S3) + P3 -> 15.751965 | U3: =EXP((-1.012 - 1.126*SIN((C3/11.73)+5.133)) + (0.106 + 0.118*SIN((C3/11.28)+5.142))*H3) -> 0.97433785 | V3: =0.65 * I3 * (L3 / M3) * U3 -> 0.39277374 | W3: =MIN(2.2, 1.09 + (T3 / 31.5)^2) -> 1.3400624 | X3: =1 + (W3 - 1) * (8.64 * EXP(-H3/4) - 1.325) -> 1.0599893 | Y3: =MIN(1.1, 1 - MIN(0.3, 1 / (18.9 - 2.55 * SQRT(T3))) * LN(M3 / 101.3)) -> 1.1 | Z3: =EXP((T3/14.1) + (T3/126)^2 - (T3/23.6)^3 + (T3/25.4)^4 - 2.8) -> 0.16256971 | AA3: =IF(V3=0, "N/A", (Z3 * X3 * Y3) / V3) -> 0.4826045 | AB3: =IF(AA3>1, "NOT LIQUEFIABLE", "LIQUEFIABLE") -> LIQUEFIABLE | AC3: =IF(AA3<1, 1-AA3, 0) -> 0.5173955 | AD3: =IF(C3<=20, 10 - (0.5 * C3), 0) -> 8.5 | AE3: =AC3 * AD3 * D3 -> 6.5967926 | AF3: =IF(AE3<=0,"Very Low",IF(AND(AE3>0,AE3<=5),"Low",IF(AND(AE3>5,AE3<=15),"High","Very High"))) -> High
C4: 4.5 | D4: 1.5 | E4: 17.9 | F4: 9 | G4: 51.28 | H4: 7 | I4: 0.4 | J4: 1.1 | K4: =IF(C4<=J4, 0, (C4-J4)*9.81) -> 33.354 | L4: =IF(ROW()=2, C4*E4, L3 + (C4-C3)*E4) -> 79.35 | M4: =L4 - K4 -> 45.996 | N4: =MIN(1.7, (101.3 / M4)^0.5) -> 1.4840369 | O4: =F4 * N4 -> 13.356332 | P4: =EXP(1.63 + (9.7/(G4+0.01)) - ((15.7/(G4+0.01))^2)) -> 5.6148895 | Q4: =O4 + P4 -> 18.971221 | R4: =0.784 - 0.0768 * SQRT(Q4) -> 0.44949018 | S4: =MIN(1.7, (101.3 / M4)^R4) -> 1.4260193 | T4: =(F4 * S4) + P4 -> 18.449063 | U4: =EXP((-1.012 - 1.126*SIN((C4/11.73)+5.133)) + (0.106 + 0.118*SIN((C4/11.28)+5.142))*H4) -> 0.95382539 | V4: =0.65 * I4 * (L4 / M4) * U4 -> 0.42782789 | W4: =MIN(2.2, 1.09 + (T4 / 31.5)^2) -> 1.4330264 | X4: =1 + (W4 - 1) * (8.64 * EXP(-H4/4) - 1.325) -> 1.0763888 | Y4: =MIN(1.1, 1 - MIN(0.3, 1 / (18.9 - 2.55 * SQRT(T4))) * LN(M4 / 101.3)) -> 1.0993479 | Z4: =EXP((T4/14.1) + (T4/126)^2 - (T4/23.6)^3 + (T4/25.4)^4 - 2.8) -> 0.18833745 | AA4: =IF(V4=0, "N/A", (Z4 * X4 * Y4) / V4) -> 0.52092106 | AB4: =IF(AA4>1, "NOT LIQUEFIABLE", "LIQUEFIABLE") -> LIQUEFIABLE | AC4: =IF(AA4<1, 1-AA4, 0) -> 0.47907894 | AD4: =IF(C4<=20, 10 - (0.5 * C4), 0) -> 7.75 | AE4: =AC4 * AD4 * D4 -> 5.5692927 | AF4: =IF(AE4<=0,"Very Low",IF(AND(AE4>0,AE4<=5),"Low",IF(AND(AE4>5,AE4<=15),"High","Very High"))) -> High
C5: 6 | D5: 1.5 | E5: 18.3 | F5: 18 | G5: 55.75 | H5: 7 | I5: 0.4 | J5: 1.1 | K5: =IF(C5<=J5, 0, (C5-J5)*9.81) -> 48.069 | L5: =IF(ROW()=2, C5*E5, L4 + (C5-C4)*E5) -> 106.8 | M5: =L5 - K5 -> 58.731 | N5: =MIN(1.7, (101.3 / M5)^0.5) -> 1.3133214 | O5: =F5 * N5 -> 23.639785 | P5: =EXP(1.63 + (9.7/(G5+0.01)) - ((15.7/(G5+0.01))^2)) -> 5.6107345 | Q5: =O5 + P5 -> 29.25052 | R5: =0.784 - 0.0768 * SQRT(Q5) -> 0.3686368 | S5: =MIN(1.7, (101.3 / M5)^R5) -> 1.2225646 | T5: =(F5 * S5) + P5 -> 27.616898 | U5: =EXP((-1.012 - 1.126*SIN((C5/11.73)+5.133)) + (0.106 + 0.118*SIN((C5/11.28)+5.142))*H5) -> 0.93104429 | V5: =0.65 * I5 * (L5 / M5) * U5 -> 0.44019747 | W5: =MIN(2.2, 1.09 + (T5 / 31.5)^2) -> 1.8586501 | X5: =1 + (W5 - 1) * (8.64 * EXP(-H5/4) - 1.325) -> 1.1514718 | Y5: =MIN(1.1, 1 - MIN(0.3, 1 / (18.9 - 2.55 * SQRT(T5))) * LN(M5 / 101.3)) -> 1.0991252 | Z5: =EXP((T5/14.1) + (T5/126)^2 - (T5/23.6)^3 + (T5/25.4)^4 - 2.8) -> 0.36852819 | AA5: =IF(V5=0, "N/A", (Z5 * X5 * Y5) / V5) -> 1.0595553 | AB5: =IF(AA5>1, "NOT LIQUEFIABLE", "LIQUEFIABLE") -> NOT LIQUEFIABLE | AC5: =IF(AA5<1, 1-AA5, 0) -> 0 | AD5: =IF(C5<=20, 10 - (0.5 * C5), 0) -> 7 | AE5: =AC5 * AD5 * D5 -> 0 | AF5: =IF(AE5<=0,"Very Low",IF(AND(AE5>0,AE5<=5),"Low",IF(AND(AE5>5,AE5<=15),"High","Very High"))) -> Very Low
C6: 7.5 | D6: 1.5 | E6: 17.6 | F6: 11 | G6: 56.46 | H6: 7 | I6: 0.4 | J6: 1.1 | K6: =IF(C6<=J6, 0, (C6-J6)*9.81) -> 62.784 | L6: =IF(ROW()=2, C6*E6, L5 + (C6-C5)*E6) -> 133.2 | M6: =L6 - K6 -> 70.416 | N6: =MIN(1.7, (101.3 / M6)^0.5) -> 1.1994138 | O6: =F6 * N6 -> 13.193552 | P6: =EXP(1.63 + (9.7/(G6+0.01)) - ((15.7/(G6+0.01))^2)) -> 5.6095776 | Q6: =O6 + P6 -> 18.80313 | R6: =0.784 - 0.0768 * SQRT(Q6) -> 0.45097542 | S6: =MIN(1.7, (101.3 / M6)^R6) -> 1.1782195 | T6: =(F6 * S6) + P6 -> 18.569992 | U6: =EXP((-1.012 - 1.126*SIN((C6/11.73)+5.133)) + (0.106 + 0.118*SIN((C6/11.28)+5.142))*H6) -> 0.90643373 | V6: =0.65 * I6 * (L6 / M6) * U6 -> 0.44580228 | W6: =MIN(2.2, 1.09 + (T6 / 31.5)^2) -> 1.437538 | X6: =1 + (W6 - 1) * (8.64 * EXP(-H6/4) - 1.325) -> 1.0771847 | Y6: =MIN(1.1, 1 - MIN(0.3, 1 / (18.9 - 2.55 * SQRT(T6))) * LN(M6 / 101.3)) -> 1.0459679 | Z6: =EXP((T6/14.1) + (T6/126)^2 - (T6/23.6)^3 + (T6/25.4)^4 - 2.8) -> 0.18961722 | AA6: =IF(V6=0, "N/A", (Z6 * X6 * Y6) / V6) -> 0.47923002 | AB6: =IF(AA6>1, "NOT LIQUEFIABLE", "LIQUEFIABLE") -> LIQUEFIABLE | AC6: =IF(AA6<1, 1-AA6, 0) -> 0.52076998 | AD6: =IF(C6<=20, 10 - (0.5 * C6), 0) -> 6.25 | AE6: =AC6 * AD6 * D6 -> 4.8822186 | AF6: =IF(AE6<=0,"Very Low",IF(AND(AE6>0,AE6<=5),"Low",IF(AND(AE6>5,AE6<=15),"High","Very High"))) -> Low
C7: 9 | D7: 1.5 | E7: 18 | F7: 12 | G7: 55.52 | H7: 7 | I7: 0.4 | J7: 1.1 | K7: =IF(C7<=J7, 0, (C7-J7)*9.81) -> 77.499 | L7: =IF(ROW()=2, C7*E7, L6 + (C7-C6)*E7) -> 160.2 | M7: =L7 - K7 -> 82.701 | N7: =MIN(1.7, (101.3 / M7)^0.5) -> 1.1067495 | O7: =F7 * N7 -> 13.280994 | P7: =EXP(1.63 + (9.7/(G7+0.01)) - ((15.7/(G7+0.01))^2)) -> 5.6110848 | Q7: =O7 + P7 -> 18.892079 | R7: =0.784 - 0.0768 * SQRT(Q7) -> 0.45018865 | S7: =MIN(1.7, (101.3 / M7)^R7) -> 1.0956227 | T7: =(F7 * S7) + P7 -> 18.758557 | U7: =EXP((-1.012 - 1.126*SIN((C7/11.73)+5.133)) + (0.106 + 0.118*SIN((C7/11.28)+5.142))*H7) -> 0.88044424 | V7: =0.65 * I7 * (L7 / M7) * U7 -> 0.44343192 | W7: =MIN(2.2, 1.09 + (T7 / 31.5)^2) -> 1.4446319 | X7: =1 + (W7 - 1) * (8.64 * EXP(-H7/4) - 1.325) -> 1.0784361 | Y7: =MIN(1.1, 1 - MIN(0.3, 1 / (18.9 - 2.55 * SQRT(T7))) * LN(M7 / 101.3)) -> 1.0258228 | Z7: =EXP((T7/14.1) + (T7/126)^2 - (T7/23.6)^3 + (T7/25.4)^4 - 2.8) -> 0.19163913 | AA7: =IF(V7=0, "N/A", (Z7 * X7 * Y7) / V7) -> 0.47810577 | AB7: =IF(AA7>1, "NOT LIQUEFIABLE", "LIQUEFIABLE") -> LIQUEFIABLE | AC7: =IF(AA7<1, 1-AA7, 0) -> 0.52189423 | AD7: =IF(C7<=20, 10 - (0.5 * C7), 0) -> 5.5 | AE7: =AC7 * AD7 * D7 -> 4.3056274 | AF7: =IF(AE7<=0,"Very Low",IF(AND(AE7>0,AE7<=5),"Low",IF(AND(AE7>5,AE7<=15),"High","Very High"))) -> Low
C8: 10.5 | D8: 1.5 | E8: 18 | F8: 17 | G8: 52.11 | H8: 7 | I8: 0.4 | J8: 1.1 | K8: =IF(C8<=J8, 0, (C8-J8)*9.81) -> 92.214 | L8: =IF(ROW()=2, C8*E8, L7 + (C8-C7)*E8) -> 187.2 | M8: =L8 - K8 -> 94.986 | N8: =MIN(1.7, (101.3 / M8)^0.5) -> 1.0327018 | O8: =F8 * N8 -> 17.55593 | P8: =EXP(1.63 + (9.7/(G8+0.01)) - ((15.7/(G8+0.01))^2)) -> 5.614602 | Q8: =O8 + P8 -> 23.170532 | R8: =0.784 - 0.0768 * SQRT(Q8) -> 0.41431722 | S8: =MIN(1.7, (101.3 / M8)^R8) -> 1.0270228 | T8: =(F8 * S8) + P8 -> 23.07399 | U8: =EXP((-1.012 - 1.126*SIN((C8/11.73)+5.133)) + (0.106 + 0.118*SIN((C8/11.28)+5.142))*H8) -> 0.8535246 | V8: =0.65 * I8 * (L8 / M8) * U8 -> 0.43735655 | W8: =MIN(2.2, 1.09 + (T8 / 31.5)^2) -> 1.6265674 | X8: =1 + (W8 - 1) * (8.64 * EXP(-H8/4) - 1.325) -> 1.1105308 | Y8: =MIN(1.1, 1 - MIN(0.3, 1 / (18.9 - 2.55 * SQRT(T8))) * LN(M8 / 101.3)) -> 1.0096763 | Z8: =EXP((T8/14.1) + (T8/126)^2 - (T8/23.6)^3 + (T8/25.4)^4 - 2.8) -> 0.25067172 | AA8: =IF(V8=0, "N/A", (Z8 * X8 * Y8) / V8) -> 0.6426618 | AB8: =IF(AA8>1, "NOT LIQUEFIABLE", "LIQUEFIABLE") -> LIQUEFIABLE | AC8: =IF(AA8<1, 1-AA8, 0) -> 0.3573382 | AD8: =IF(C8<=20, 10 - (0.5 * C8), 0) -> 4.75 | AE8: =AC8 * AD8 * D8 -> 2.5460347 | AF8: =IF(AE8<=0,"Very Low",IF(AND(AE8>0,AE8<=5),"Low",IF(AND(AE8>5,AE8<=15),"High","Very High"))) -> Low
C9: 12 | D9: 1.5 | E9: 18.2 | F9: 20 | G9: 52.41 | H9: 7 | I9: 0.4 | J9: 1.1 | K9: =IF(C9<=J9, 0, (C9-J9)*9.81) -> 106.929 | L9: =IF(ROW()=2, C9*E9, L8 + (C9-C8)*E9) -> 214.5 | M9: =L9 - K9 -> 107.571 | N9: =MIN(1.7, (101.3 / M9)^0.5) -> 0.97041415 | O9: =F9 * N9 -> 19.408283 | P9: =EXP(1.63 + (9.7/(G9+0.01)) - ((15.7/(G9+0.01))^2)) -> 5.6144365 | Q9: =O9 + P9 -> 25.022719 | R9: =0.784 - 0.0768 * SQRT(Q9) -> 0.39982555 | S9: =MIN(1.7, (101.3 / M9)^R9) -> 0.97627068 | T9: =(F9 * S9) + P9 -> 25.13985 | U9: =EXP((-1.012 - 1.126*SIN((C9/11.73)+5.133)) + (0.106 + 0.118*SIN((C9/11.28)+5.142))*H9) -> 0.82611022 | V9: =0.65 * I9 * (L9 / M9) * U9 -> 0.42829542 | W9: =MIN(2.2, 1.09 + (T9 / 31.5)^2) -> 1.7269484 | X9: =1 + (W9 - 1) * (8.64 * EXP(-H9/4) - 1.325) -> 1.1282387 | Y9: =MIN(1.1, 1 - MIN(0.3, 1 / (18.9 - 2.55 * SQRT(T9))) * LN(M9 / 101.3)) -> 0.9901765 | Z9: =EXP((T9/14.1) + (T9/126)^2 - (T9/23.6)^3 + (T9/25.4)^4 - 2.8) -> 0.29335867 | AA9: =IF(V9=0, "N/A", (Z9 * X9 * Y9) / V9) -> 0.76518967 | AB9: =IF(AA9>1, "NOT LIQUEFIABLE", "LIQUEFIABLE") -> LIQUEFIABLE | AC9: =IF(AA9<1, 1-AA9, 0) -> 0.23481033 | AD9: =IF(C9<=20, 10 - (0.5 * C9), 0) -> 4 | AE9: =AC9 * AD9 * D9 -> 1.408862 | AF9: =IF(AE9<=0,"Very Low",IF(AND(AE9>0,AE9<=5),"Low",IF(AND(AE9>5,AE9<=15),"High","Very High"))) -> Low
C10: 13.5 | D10: 1.5 | E10: 16.9 | F10: 25 | G10: 56.38 | H10: 7 | I10: 0.4 | J10: 1.1 | K10: =IF(C10<=J10, 0, (C10-J10)*9.81) -> 121.644 | L10: =IF(ROW()=2, C10*E10, L9 + (C10-C9)*E10) -> 239.85 | M10: =L10 - K10 -> 118.206 | N10: =MIN(1.7, (101.3 / M10)^0.5) -> 0.92573133 | O10: =F10 * N10 -> 23.143283 | P10: =EXP(1.63 + (9.7/(G10+0.01)) - ((15.7/(G10+0.01))^2)) -> 5.6097135 | Q10: =O10 + P10 -> 28.752997 | R10: =0.784 - 0.0768 * SQRT(Q10) -> 0.37218442 | S10: =MIN(1.7, (101.3 / M10)^R10) -> 0.9441749 | T10: =(F10 * S10) + P10 -> 29.214086 | U10: =EXP((-1.012 - 1.126*SIN((C10/11.73)+5.133)) + (0.106 + 0.118*SIN((C10/11.28)+5.142))*H10) -> 0.79861349 | V10: =0.65 * I10 * (L10 / M10) * U10 -> 0.42131817 | W10: =MIN(2.2, 1.09 + (T10 / 31.5)^2) -> 1.9501288 | X10: =1 + (W10 - 1) * (8.64 * EXP(-H10/4) - 1.325) -> 1.1676093 | Y10: =MIN(1.1, 1 - MIN(0.3, 1 / (18.9 - 2.55 * SQRT(T10))) * LN(M10 / 101.3)) -> 0.9698387 | Z10: =EXP((T10/14.1) + (T10/126)^2 - (T10/23.6)^3 + (T10/25.4)^4 - 2.8) -> 0.43989446 | AA10: =IF(V10=0, "N/A", (Z10 * X10 * Y10) / V10) -> 1.1823208 | AB10: =IF(AA10>1, "NOT LIQUEFIABLE", "LIQUEFIABLE") -> NOT LIQUEFIABLE | AC10: =IF(AA10<1, 1-AA10, 0) -> 0 | AD10: =IF(C10<=20, 10 - (0.5 * C10), 0) -> 3.25 | AE10: =AC10 * AD10 * D10 -> 0 | AF10: =IF(AE10<=0,"Very Low",IF(AND(AE10>0,AE10<=5),"Low",IF(AND(AE10>5,AE10<=15),"High","Very High"))) -> Very Low
C11: 15 | D11: 1.5 | E11: 17.1 | F11: 27 | G11: 51.36 | H11: 7 | I11: 0.4 | J11: 1.1 | K11: =IF(C11<=J11, 0, (C11-J11)*9.81) -> 136.359 | L11: =IF(ROW()=2, C11*E11, L10 + (C11-C10)*E11) -> 265.5 | M11: =L11 - K11 -> 129.141 | N11: =MIN(1.7, (101.3 / M11)^0.5) -> 0.88567146 | O11: =F11 * N11 -> 23.913129 | P11: =EXP(1.63 + (9.7/(G11+0.01)) - ((15.7/(G11+0.01))^2)) -> 5.6148732 | Q11: =O11 + P11 -> 29.528003 | R11: =0.784 - 0.0768 * SQRT(Q11) -> 0.3666713 | S11: =MIN(1.7, (101.3 / M11)^R11) -> 0.91481397 | T11: =(F11 * S11) + P11 -> 30.31485 | U11: =EXP((-1.012 - 1.126*SIN((C11/11.73)+5.133)) + (0.106 + 0.118*SIN((C11/11.28)+5.142))*H11) -> 0.7714163 | V11: =0.65 * I11 * (L11 / M11) * U11 -> 0.41234672 | W11: =MIN(2.2, 1.09 + (T11 / 31.5)^2) -> 2.016168 | X11: =1 + (W11 - 1) * (8.64 * EXP(-H11/4) - 1.325) -> 1.179259 | Y11: =MIN(1.1, 1 - MIN(0.3, 1 / (18.9 - 2.55 * SQRT(T11))) * LN(M11 / 101.3)) -> 0.9500371 | Z11: =EXP((T11/14.1) + (T11/126)^2 - (T11/23.6)^3 + (T11/25.4)^4 - 2.8) -> 0.5053079 | AA11: =IF(V11=0, "N/A", (Z11 * X11 * Y11) / V11) -> 1.3729139 | AB11: =IF(AA11>1, "NOT LIQUEFIABLE", "LIQUEFIABLE") -> NOT LIQUEFIABLE | AC11: =IF(AA11<1, 1-AA11, 0) -> 0 | AD11: =IF(C11<=20, 10 - (0.5 * C11), 0) -> 2.5 | AE11: =AC11 * AD11 * D11 -> 0 | AF11: =IF(AE11<=0,"Very Low",IF(AND(AE11>0,AE11<=5),"Low",IF(AND(AE11>5,AE11<=15),"High","Very High"))) -> Very Low
AD12: TOTAL | AE12: =SUM(AE2:AE11) -> 30.441142 | AF12: =IF(AE12<=0,"Very Low",IF(AND(AE12>0,AE12<=5),"Low",IF(AND(AE12>5,AE12<=15),"High","Very High"))) -> Very High

Sheet Liquefaction & SBC
A1: No. of Boreholes | B1: Latitude | C1: Longitude | D1: Depth (z) | E1: Layer Thickness (z2) | F1: Total Unit Weight (y) | G1: N60 | H1: Fines Content (FC) | I1: Magnitude | J1: Peak Ground Acceleration (PGA) | K1: Gound Water Level (GWL) | L1: Soil Type | M1: Pore Pressure (u) | N1: Total Stress (Ot) | O1: Effective Stress | P1: Cn | Q1: N160 | R1: N160_2 | S1: N160cs | T1: m | U1: Cn_final | V1: N160cs_final | W1: rd | X1: CSR | Y1: MSFmax | Z1: MSF | AA1: Ko | AB1: CRR7.5 | AC1: FS | AD1: Remarks | AE1: Severity (Fi) | AF1: Weighting Factor | AG1: LPI | AH1: Remarks | AI1: Footing Width, B | AJ1: Depth of Footing, Df | AK1: Tolerable Settlement | AL1: Depth Factor, Fd | AM1: N | AN1: N_Design | AO1: Nc | AP1: SBC (qa) | AQ1: SBC (qa) NEW | AR1: SBC (qa) NEW (Final) | AS1: REMARKS
A2: 1 | B2: 15.279407 | C2: 120.5691 | D2: 1.5 | E2: 1.5 | F2: 21 | G2: 17 | H2: 51.21 | I2: 7 | J2: 0.4 | K2: 9 | L2: ML | M2: =IF(D2<=K2, 0, (D2-K2)*9.81) -> 0 | N2: =IF(ROW()=2, D2*F2, N1 + (D2-D1)*F2) -> 31.5 | O2: =N2 - M2 -> 31.5 | P2: =MIN(1.7, (101.3 / O2)^0.5) -> 1.7 | Q2: =G2 * P2 -> 28.9 | R2: =EXP(1.63 + (9.7/(H2+0.01)) - ((15.7/(H2+0.01))^2)) -> 5.6149018 | S2: =Q2 + R2 -> 34.514902 | T2: =0.784 - 0.0768 * SQRT(S2) -> 0.33280473 | U2: =MIN(1.7, (101.3 / O2)^T2) -> 1.475134 | V2: =(G2 * U2) + R2 -> 30.69218 | W2: =EXP((-1.012 - 1.126*SIN((D2/11.73)+5.133)) + (0.106 + 0.118*SIN((D2/11.28)+5.142))*I2) -> 0.99216797 | X2: =0.65 * J2 * (N2 / O2) * W2 -> 0.25796367 | Y2: =MIN(2.2, 1.09 + (V2 / 31.5)^2) -> 2.0393675 | Z2: =1 + (Y2 - 1) * (8.64 * EXP(-I2/4) - 1.325) -> 1.1833516 | AA2: =MIN(1.1, 1 - MIN(0.3, 1 / (18.9 - 2.55 * SQRT(V2))) * LN(O2 / 101.3)) -> 1.1 | AB2: =EXP((V2/14.1) + (V2/126)^2 - (V2/23.6)^3 + (V2/25.4)^4 - 2.8) -> 0.53174751 | AC2: =IF(X2=0, "N/A", MIN(5, (AB2 * Z2 * AA2) / X2)) -> 2.6832021 | AD2: =IF(AC2>1, "NOT LIQUEFIABLE", "LIQUEFIABLE") -> NOT LIQUEFIABLE | AE2: =IF(AC2<1, 1-AC2, 0) -> 0 | AF2: =IF(D2<=20, 10 - (0.5 * D2), 0) -> 9.25 | AG2: =AE2 * AF2 * E2 -> 0 | AH2: =IF(AG2<=0,"Very Low",IF(AND(AG2>0,AG2<=5),"Low",IF(AND(AG2>5,AG2<=15),"High","Very High"))) -> Very Low | AI2: 3 | AJ2: 1.5 | AK2: 25 | AL2: =MIN(1 + 0.33 * (AJ2 / AI2), 1.33) -> 1.165 | AM2: =AVERAGEIFS(G2:G11, D2:D11, ">" & AJ2, D2:D11, "<" & (AJ2 + AI2 + 1.5)) -> 19 | AN2: {=_xlfn.LET( _xlpm.Df, AJ2, _xlpm.B, AI2, _xlpm.LayerBottoms, D2:D11, _xlpm.LayerTops, D2:D11 - E2:E11, _xlpm.N_values, G2:G11, _xlpm.FilteredN, _xlfn._xlws.FILTER(_xlpm.N_values, (_xlpm.LayerBottoms > _xlpm.Df) * (_xlpm.LayerTops < (_xlpm.Df + 2*_xlpm.B))), _xlpm.i, _xlfn.SEQUENCE(ROWS(_xlpm.FilteredN)), SUM(_xlpm.FilteredN / _xlpm.i^2) / SUM(1 / _xlpm.i^2) )} -> 18.697561 | AO2: =MIN(6 * (1 + 0.2 * (AJ2 / AI2)), 9) -> 6.6 | AP2: =IF(AI2<=1.2,12*AM2*AL2*(AK2/25.4),8*AM2*((3.28*AI2+1)/(3.28*AI2))^2*AL2*(AK2/25.4)) -> 211.51646 | AQ2: {=_xlfn.LET( _xlpm.Df, AJ2, _xlpm.B, AI2, _xlpm.Settlement, AK2, _xlpm.NMeyerhof, AM2, _xlpm.NDesign, AN2, _xlpm.Nc, AO2, _xlpm.Fd, AL2, _xlpm.LayerBottoms, D2:D11, _xlpm.LayerThickness, E2:E11, _xlpm.USCS, L2:L11, _xlpm.LayerTops, _xlpm.LayerBottoms - _xlpm.LayerThickness, _xlpm.Overlap, (_xlpm.LayerBottoms > _xlpm.Df) * (_xlpm.LayerTops < (_xlpm.Df + 2*_xlpm.B)), _xlpm.FilteredUSCS, _xlfn._xlws.FILTER(_xlpm.USCS, _xlpm.Overlap, "None"), _xlpm.TotalLayers, ROWS(_xlpm.FilteredUSCS), _xlpm.CohesiveCount, SUM(--(ISNUMBER(MATCH(_xlpm.FilteredUSCS, {"CH","MH","CL","ML","OH","OL"}, 0)))), _xlpm.CohesionlessCount, SUM(--(ISNUMBER(MATCH(_xlpm.FilteredUSCS, {"GW","GP","GM","GC","SW","SP","SM","SC"}, 0)))), _xlpm.ZoneType, IF(INDEX(_xlpm.FilteredUSCS,1)="None", "No Soil", IF(_xlpm.CohesiveCount = _xlpm.TotalLayers, "Cohesive", IF(_xlpm.CohesionlessCount = _xlpm.TotalLayers, "Cohesionless", "Mixed"))), IF(_xlpm.ZoneType = "Cohesive", 2 * _xlpm.NDesign * _xlpm.Nc, IF(_xlpm.ZoneType = "Cohesionless", IF(_xlpm.B <= 1.2, 12 * _xlpm.NMeyerhof * _xlpm.Fd * (_xlpm.Settlement / 25.4), 8 * _xlpm.NMeyerhof * ((3.28 * _xlpm.B + 1) / (3.28 * _xlpm.B))^2 * _xlpm.Fd * (_xlpm.Settlement / 25.4) ), "Mixed Zone - Needs Manual Analysis" ) ) )} -> Mixed Zone - Needs Manual Analysis | AR2: {=_xlfn.LET( _xlpm.Df, AJ2, _xlpm.B, AI2, _xlpm.Settlement, AK2, _xlpm.NMeyerhof, AM2, _xlpm.NDesign, AN2, _xlpm.Nc, AO2, _xlpm.Fd, AL2, _xlpm.LayerBottoms, D2:D11, _xlpm.LayerThickness, E2:E11, _xlpm.USCS, L2:L11, _xlpm.LayerTops, _xlpm.LayerBottoms - _xlpm.LayerThickness, _xlpm.Overlap, (_xlpm.LayerBottoms > _xlpm.Df) * (_xlpm.LayerTops < (_xlpm.Df + 2*_xlpm.B)), _xlpm.FilteredUSCS, _xlfn._xlws.FILTER(_xlpm.USCS, _xlpm.Overlap, "None"), _xlpm.TotalLayers, ROWS(_xlpm.FilteredUSCS), _xlpm.CohesiveCount, SUM(--(ISNUMBER(MATCH(_xlpm.FilteredUSCS, {"CH","MH","CL","ML","OH","OL"}, 0)))), _xlpm.CohesionlessCount, SUM(--(ISNUMBER(MATCH(_xlpm.FilteredUSCS, {"GW","GP","GM","GC","SW","SP","SM","SC"}, 0)))), _xlpm.ZoneType, IF(INDEX(_xlpm.FilteredUSCS,1)="None", "No Soil", IF(_xlpm.CohesiveCount = _xlpm.TotalLayers, "Cohesive", IF(_xlpm.CohesionlessCount = _xlpm.TotalLayers, "Cohesionless", "Mixed"))), _xlpm.Qa_Cohesive, 2 * _xlpm.NDesign * _xlpm.Nc, _xlpm.Qa_Cohesionless, IF(_xlpm.B <= 1.2, 12 * _xlpm.NMeyerhof * _xlpm.Fd * (_xlpm.Settlement / 25.4), 8 * _xlpm.NMeyerhof * ((3.28 * _xlpm.B + 1) / (3.28 * _xlpm.B))^2 * _xlpm.Fd * (_xlpm.Settlement / 25.4)), IF(_xlpm.ZoneType = "Cohesive", _xlpm.Qa_Cohesive, IF(_xlpm.ZoneType = "Cohesionless", _xlpm.Qa_Cohesionless, IF(_xlpm.ZoneType = "Mixed", MIN(_xlpm.Qa_Cohesive, _xlpm.Qa_Cohesionless), "Invalid Data" ) ) ) )} -> 211.51646 | AS2: {=_xlfn.LET( _xlpm.Df, AJ2, _xlpm.B, AI2, _xlpm.Settlement, AK2, _xlpm.NMeyerhof, AM2, _xlpm.NDesign, AN2, _xlpm.Nc, AO2, _xlpm.Fd, AL2, _xlpm.LayerBottoms, D2:D11, _xlpm.LayerThickness, E2:E11, _xlpm.Material, L2:L11, _xlpm.LayerTops, _xlpm.LayerBottoms - _xlpm.LayerThickness, _xlpm.Overlap, (_xlpm.LayerBottoms > _xlpm.Df) * (_xlpm.LayerTops < (_xlpm.Df + 2*_xlpm.B)), _xlpm.FilteredMat, _xlfn._xlws.FILTER(_xlpm.Material, _xlpm.Overlap, "None"), _xlpm.TotalLayers, ROWS(_xlpm.FilteredMat), _xlpm.RockCount, SUM(--(ISNUMBER(MATCH(_xlpm.FilteredMat, {"Sandstone","Basalt","Cobblestone","Cobble Stone","Coring","Tuff"}, 0)))), _xlpm.CohesiveCount, SUM(--(ISNUMBER(MATCH(_xlpm.FilteredMat, {"CH","MH","CL","ML","OH","OL","Silty Tuff"}, 0)))), _xlpm.CohesionlessCount, SUM(--(ISNUMBER(MATCH(_xlpm.FilteredMat, {"GW","GP","GM","GC","SW","SP","SM","SC","Gravel"}, 0)))), _xlpm.ZoneType, IF(INDEX(_xlpm.FilteredMat,1)="None", "No Soil", IF(_xlpm.RockCount > 0, "Rock", IF(_xlpm.CohesiveCount = _xlpm.TotalLayers, "Cohesive", IF(_xlpm.CohesionlessCount = _xlpm.TotalLayers, "Cohesionless", "Mixed" ) ) ) ), _xlpm.Qa_Cohesive, 2 * _xlpm.NDesign * _xlpm.Nc, _xlpm.Qa_Cohesionless, IF(_xlpm.B <= 1.2, 12 * _xlpm.NMeyerhof * _xlpm.Fd * (_xlpm.Settlement / 25.4), 8 * _xlpm.NMeyerhof * ((3.28 * _xlpm.B + 1) / (3.28 * _xlpm.B))^2 * _xlpm.Fd * (_xlpm.Settlement / 25.4)), IF(_xlpm.ZoneType = "Rock", "N/A - Rock/Cobble Detected (Use Rock Mechanics)", IF(_xlpm.ZoneType = "Cohesive", _xlpm.Qa_Cohesive, IF(_xlpm.ZoneType = "Cohesionless", _xlpm.Qa_Cohesionless, IF(_xlpm.ZoneType = "Mixed", MIN(_xlpm.Qa_Cohesive, _xlpm.Qa_Cohesionless), "Invalid Data" ) ) ) ) )} -> 211.51646
B3: 15.279407 | C3: 120.5691 | D3: =D2+1.5 -> 3 | E3: 1.5 | F3: 21 | G3: 17 | H3: 51.21 | I3: 7 | J3: 0.4 | K3: 9 | L3: ML | M3: =IF(D3<=K3, 0, (D3-K3)*9.81) -> 0 | N3: =IF(ROW()=2, D3*F3, N2 + (D3-D2)*F3) -> 63 | O3: =N3 - M3 -> 63 | P3: =MIN(1.7, (101.3 / O3)^0.5) -> 1.2680444 | Q3: =G3 * P3 -> 21.556754 | R3: =EXP(1.63 + (9.7/(H3+0.01)) - ((15.7/(H3+0.01))^2)) -> 5.6149018 | S3: =Q3 + R3 -> 27.171656 | T3: =0.784 - 0.0768 * SQRT(S3) -> 0.38366895 | U3: =MIN(1.7, (101.3 / O3)^T3) -> 1.1998832 | V3: =(G3 * U3) + R3 -> 26.012916 | W3: =EXP((-1.012 - 1.126*SIN((D3/11.73)+5.133)) + (0.106 + 0.118*SIN((D3/11.28)+5.142))*I3) -> 0.97433785 | X3: =0.65 * J3 * (N3 / O3) * W3 -> 0.25332784 | Y3: =MIN(2.2, 1.09 + (V3 / 31.5)^2) -> 1.771957 | Z3: =1 + (Y3 - 1) * (8.64 * EXP(-I3/4) - 1.325) -> 1.1361785 | AA3: =MIN(1.1, 1 - MIN(0.3, 1 / (18.9 - 2.55 * SQRT(V3))) * LN(O3 / 101.3)) -> 1.0805785 | AB3: =EXP((V3/14.1) + (V3/126)^2 - (V3/23.6)^3 + (V3/25.4)^4 - 2.8) -> 0.31613897 | AC3: =IF(X3=0, "N/A", (AB3 * Z3 * AA3) / X3) -> 1.5321385 | AD3: =IF(AC3>1, "NOT LIQUEFIABLE", "LIQUEFIABLE") -> NOT LIQUEFIABLE | AE3: =IF(AC3<1, 1-AC3, 0) -> 0 | AF3: =IF(D3<=20, 10 - (0.5 * D3), 0) -> 8.5 | AG3: =AE3 * AF3 * E3 -> 0 | AH3: =IF(AG3<=0,"Very Low",IF(AND(AG3>0,AG3<=5),"Low",IF(AND(AG3>5,AG3<=15),"High","Very High"))) -> Very Low
B4: 15.279407 | C4: 120.5691 | D4: =D3+1.5 -> 4.5 | E4: 1.5 | F4: 20 | G4: 21 | H4: 25.01 | I4: 7 | J4: 0.4 | K4: 9 | L4: SM | M4: =IF(D4<=K4, 0, (D4-K4)*9.81) -> 0 | N4: =IF(ROW()=2, D4*F4, N3 + (D4-D3)*F4) -> 93 | O4: =N4 - M4 -> 93 | P4: =MIN(1.7, (101.3 / O4)^0.5) -> 1.0436701 | Q4: =G4 * P4 -> 21.917072 | R4: =EXP(1.63 + (9.7/(H4+0.01)) - ((15.7/(H4+0.01))^2)) -> 5.073019 | S4: =Q4 + R4 -> 26.990091 | T4: =0.784 - 0.0768 * SQRT(S4) -> 0.38500873 | U4: =MIN(1.7, (101.3 / O4)^T4) -> 1.0334608 | V4: =(G4 * U4) + R4 -> 26.775697 | W4: =EXP((-1.012 - 1.126*SIN((D4/11.73)+5.133)) + (0.106 + 0.118*SIN((D4/11.28)+5.142))*I4) -> 0.95382539 | X4: =0.65 * J4 * (N4 / O4) * W4 -> 0.2479946 | Y4: =MIN(2.2, 1.09 + (V4 / 31.5)^2) -> 1.8125376 | Z4: =1 + (Y4 - 1) * (8.64 * EXP(-I4/4) - 1.325) -> 1.1433372 | AA4: =MIN(1.1, 1 - MIN(0.3, 1 / (18.9 - 2.55 * SQRT(V4))) * LN(O4 / 101.3)) -> 1.0149847 | AB4: =EXP((V4/14.1) + (V4/126)^2 - (V4/23.6)^3 + (V4/25.4)^4 - 2.8) -> 0.33911545 | AC4: =IF(X4=0, "N/A", (AB4 * Z4 * AA4) / X4) -> 1.586862 | AD4: =IF(AC4>1, "NOT LIQUEFIABLE", "LIQUEFIABLE") -> NOT LIQUEFIABLE | AE4: =IF(AC4<1, 1-AC4, 0) -> 0 | AF4: =IF(D4<=20, 10 - (0.5 * D4), 0) -> 7.75 | AG4: =AE4 * AF4 * E4 -> 0 | AH4: =IF(AG4<=0,"Very Low",IF(AND(AG4>0,AG4<=5),"Low",IF(AND(AG4>5,AG4<=15),"High","Very High"))) -> Very Low
B5: 15.279407 | C5: 120.5691 | D5: =D4+1.5 -> 6 | E5: 1.5 | F5: 20 | G5: 23 | H5: 24.31 | I5: 7 | J5: 0.4 | K5: 9 | L5: SM | M5: =IF(D5<=K5, 0, (D5-K5)*9.81) -> 0 | N5: =IF(ROW()=2, D5*F5, N4 + (D5-D4)*F5) -> 123 | O5: =N5 - M5 -> 123 | P5: =MIN(1.7, (101.3 / O5)^0.5) -> 0.90751156 | Q5: =G5 * P5 -> 20.872766 | R5: =EXP(1.63 + (9.7/(H5+0.01)) - ((15.7/(H5+0.01))^2)) -> 5.0133381 | S5: =Q5 + R5 -> 25.886104 | T5: =0.784 - 0.0768 * SQRT(S5) -> 0.39325398 | U5: =MIN(1.7, (101.3 / O5)^T5) -> 0.9265106 | V5: =(G5 * U5) + R5 -> 26.323082 | W5: =EXP((-1.012 - 1.126*SIN((D5/11.73)+5.133)) + (0.106 + 0.118*SIN((D5/11.28)+5.142))*I5) -> 0.93104429 | X5: =0.65 * J5 * (N5 / O5) * W5 -> 0.24207152 | Y5: =MIN(2.2, 1.09 + (V5 / 31.5)^2) -> 1.7883166 | Z5: =1 + (Y5 - 1) * (8.64 * EXP(-I5/4) - 1.325) -> 1.1390645 | AA5: =MIN(1.1, 1 - MIN(0.3, 1 / (18.9 - 2.55 * SQRT(V5))) * LN(O5 / 101.3)) -> 0.96663243 | AB5: =EXP((V5/14.1) + (V5/126)^2 - (V5/23.6)^3 + (V5/25.4)^4 - 2.8) -> 0.32510201 | AC5: =IF(X5=0, "N/A", (AB5 * Z5 * AA5) / X5) -> 1.4787189 | AD5: =IF(AC5>1, "NOT LIQUEFIABLE", "LIQUEFIABLE") -> NOT LIQUEFIABLE | AE5: =IF(AC5<1, 1-AC5, 0) -> 0 | AF5: =IF(D5<=20, 10 - (0.5 * D5), 0) -> 7 | AG5: =AE5 * AF5 * E5 -> 0 | AH5: =IF(AG5<=0,"Very Low",IF(AND(AG5>0,AG5<=5),"Low",IF(AND(AG5>5,AG5<=15),"High","Very High"))) -> Very Low
B6: 15.279407 | C6: 120.5691 | D6: =D5+1.5 -> 7.5 | E6: 1.5 | F6: 20 | G6: 29 | H6: 17.46 | I6: 7 | J6: 0.4 | K6: 9 | L6: SM | M6: =IF(D6<=K6, 0, (D6-K6)*9.81) -> 0 | N6: =IF(ROW()=2, D6*F6, N5 + (D6-D5)*F6) -> 153 | O6: =N6 - M6 -> 153 | P6: =MIN(1.7, (101.3 / O6)^0.5) -> 0.81369005 | Q6: =G6 * P6 -> 23.597012 | R6: =EXP(1.63 + (9.7/(H6+0.01)) - ((15.7/(H6+0.01))^2)) -> 3.9653955 | S6: =Q6 + R6 -> 27.562407 | T6: =0.784 - 0.0768 * SQRT(S6) -> 0.38080068 | U6: =MIN(1.7, (101.3 / O6)^T6) -> 0.85468377 | V6: =(G6 * U6) + R6 -> 28.751225 | W6: =EXP((-1.012 - 1.126*SIN((D6/11.73)+5.133)) + (0.106 + 0.118*SIN((D6/11.28)+5.142))*I6) -> 0.90643373 | X6: =0.65 * J6 * (N6 / O6) * W6 -> 0.23567277 | Y6: =MIN(2.2, 1.09 + (V6 / 31.5)^2) -> 1.9230894 | Z6: =1 + (Y6 - 1) * (8.64 * EXP(-I6/4) - 1.325) -> 1.1628393 | AA6: =MIN(1.1, 1 - MIN(0.3, 1 / (18.9 - 2.55 * SQRT(V6))) * LN(O6 / 101.3)) -> 0.92110909 | AB6: =EXP((V6/14.1) + (V6/126)^2 - (V6/23.6)^3 + (V6/25.4)^4 - 2.8) -> 0.41673931 | AC6: =IF(X6=0, "N/A", (AB6 * Z6 * AA6) / X6) -> 1.8940256 | AD6: =IF(AC6>1, "NOT LIQUEFIABLE", "LIQUEFIABLE") -> NOT LIQUEFIABLE | AE6: =IF(AC6<1, 1-AC6, 0) -> 0 | AF6: =IF(D6<=20, 10 - (0.5 * D6), 0) -> 6.25 | AG6: =AE6 * AF6 * E6 -> 0 | AH6: =IF(AG6<=0,"Very Low",IF(AND(AG6>0,AG6<=5),"Low",IF(AND(AG6>5,AG6<=15),"High","Very High"))) -> Very Low
B7: 15.279407 | C7: 120.5691 | D7: =D6+1.5 -> 9 | E7: 1.5 | F7: 21 | G7: 35 | H7: 34.46 | I7: 7 | J7: 0.4 | K7: 9 | L7: SM | M7: =IF(D7<=K7, 0, (D7-K7)*9.81) -> 0 | N7: =IF(ROW()=2, D7*F7, N6 + (D7-D6)*F7) -> 184.5 | O7: =N7 - M7 -> 184.5 | P7: =MIN(1.7, (101.3 / O7)^0.5) -> 0.74098009 | Q7: =G7 * P7 -> 25.934303 | R7: =EXP(1.63 + (9.7/(H7+0.01)) - ((15.7/(H7+0.01))^2)) -> 5.4956262 | S7: =Q7 + R7 -> 31.429929 | T7: =0.784 - 0.0768 * SQRT(S7) -> 0.35344075 | U7: =MIN(1.7, (101.3 / O7)^T7) -> 0.80903749 | V7: =(G7 * U7) + R7 -> 33.811939 | W7: =EXP((-1.012 - 1.126*SIN((D7/11.73)+5.133)) + (0.106 + 0.118*SIN((D7/11.28)+5.142))*I7) -> 0.88044424 | X7: =0.65 * J7 * (N7 / O7) * W7 -> 0.2289155 | Y7: =MIN(2.2, 1.09 + (V7 / 31.5)^2) -> 2.2 | Z7: =1 + (Y7 - 1) * (8.64 * EXP(-I7/4) - 1.325) -> 1.2116882 | AA7: =MIN(1.1, 1 - MIN(0.3, 1 / (18.9 - 2.55 * SQRT(V7))) * LN(O7 / 101.3)) -> 0.85276865 | AB7: =EXP((V7/14.1) + (V7/126)^2 - (V7/23.6)^3 + (V7/25.4)^4 - 2.8) -> 0.8774598 | AC7: =IF(X7=0, "N/A", (AB7 * Z7 * AA7) / X7) -> 3.96072 | AD7: =IF(AC7>1, "NOT LIQUEFIABLE", "LIQUEFIABLE") -> NOT LIQUEFIABLE | AE7: =IF(AC7<1, 1-AC7, 0) -> 0 | AF7: =IF(D7<=20, 10 - (0.5 * D7), 0) -> 5.5 | AG7: =AE7 * AF7 * E7 -> 0 | AH7: =IF(AG7<=0,"Very Low",IF(AND(AG7>0,AG7<=5),"Low",IF(AND(AG7>5,AG7<=15),"High","Very High"))) -> Very Low
B8: 15.279407 | C8: 120.5691 | D8: =D7+1.5 -> 10.5 | E8: 1.5 | F8: 21 | G8: 41 | H8: 28.25 | I8: 7 | J8: 0.4 | K8: 9 | L8: SM | M8: =IF(D8<=K8, 0, (D8-K8)*9.81) -> 14.715 | N8: =IF(ROW()=2, D8*F8, N7 + (D8-D7)*F8) -> 216 | O8: =N8 - M8 -> 201.285 | P8: =MIN(1.7, (101.3 / O8)^0.5) -> 0.70941279 | Q8: =G8 * P8 -> 29.085925 | R8: =EXP(1.63 + (9.7/(H8+0.01)) - ((15.7/(H8+0.01))^2)) -> 5.283556 | S8: =Q8 + R8 -> 34.369481 | T8: =0.784 - 0.0768 * SQRT(S8) -> 0.33375624 | U8: =MIN(1.7, (101.3 / O8)^T8) -> 0.79519425 | V8: =(G8 * U8) + R8 -> 37.88652 | W8: =EXP((-1.012 - 1.126*SIN((D8/11.73)+5.133)) + (0.106 + 0.118*SIN((D8/11.28)+5.142))*I8) -> 0.8535246 | X8: =0.65 * J8 * (N8 / O8) * W8 -> 0.23813966 | Y8: =MIN(2.2, 1.09 + (V8 / 31.5)^2) -> 2.2 | Z8: =1 + (Y8 - 1) * (8.64 * EXP(-I8/4) - 1.325) -> 1.2116882 | AA8: =MIN(1.1, 1 - MIN(0.3, 1 / (18.9 - 2.55 * SQRT(V8))) * LN(O8 / 101.3)) -> 0.79400938 | AB8: =EXP((V8/14.1) + (V8/126)^2 - (V8/23.6)^3 + (V8/25.4)^4 - 2.8) -> 2.2035626 | AC8: =IF(X8=0, "N/A", (AB8 * Z8 * AA8) / X8) -> 8.9024631 | AD8: =IF(AC8>1, "NOT LIQUEFIABLE", "LIQUEFIABLE") -> NOT LIQUEFIABLE | AE8: =IF(AC8<1, 1-AC8, 0) -> 0 | AF8: =IF(D8<=20, 10 - (0.5 * D8), 0) -> 4.75 | AG8: =AE8 * AF8 * E8 -> 0 | AH8: =IF(AG8<=0,"Very Low",IF(AND(AG8>0,AG8<=5),"Low",IF(AND(AG8>5,AG8<=15),"High","Very High"))) -> Very Low
B9: 15.279407 | C9: 120.5691 | D9: =D8+1.5 -> 12 | E9: 1.5 | F9: 21 | G9: 46 | H9: 31.13 | I9: 7 | J9: 0.4 | K9: 9 | L9: SM | M9: =IF(D9<=K9, 0, (D9-K9)*9.81) -> 29.43 | N9: =IF(ROW()=2, D9*F9, N8 + (D9-D8)*F9) -> 247.5 | O9: =N9 - M9 -> 218.07 | P9: =MIN(1.7, (101.3 / O9)^0.5) -> 0.68156418 | Q9: =G9 * P9 -> 31.351953 | R9: =EXP(1.63 + (9.7/(H9+0.01)) - ((15.7/(H9+0.01))^2)) -> 5.4048913 | S9: =Q9 + R9 -> 36.756844 | T9: =0.784 - 0.0768 * SQRT(S9) -> 0.31838139 | U9: =MIN(1.7, (101.3 / O9)^T9) -> 0.78339952 | V9: =(G9 * U9) + R9 -> 41.441269 | W9: =EXP((-1.012 - 1.126*SIN((D9/11.73)+5.133)) + (0.106 + 0.118*SIN((D9/11.28)+5.142))*I9) -> 0.82611022 | X9: =0.65 * J9 * (N9 / O9) * W9 -> 0.24377582 | Y9: =MIN(2.2, 1.09 + (V9 / 31.5)^2) -> 2.2 | Z9: =1 + (Y9 - 1) * (8.64 * EXP(-I9/4) - 1.325) -> 1.2116882 | AA9: =MIN(1.1, 1 - MIN(0.3, 1 / (18.9 - 2.55 * SQRT(V9))) * LN(O9 / 101.3)) -> 0.76998109 | AB9: =EXP((V9/14.1) + (V9/126)^2 - (V9/23.6)^3 + (V9/25.4)^4 - 2.8) -> 6.8117545 | AC9: =IF(X9=0, "N/A", (AB9 * Z9 * AA9) / X9) -> 26.069897 | AD9: =IF(AC9>1, "NOT LIQUEFIABLE", "LIQUEFIABLE") -> NOT LIQUEFIABLE | AE9: =IF(AC9<1, 1-AC9, 0) -> 0 | AF9: =IF(D9<=20, 10 - (0.5 * D9), 0) -> 4 | AG9: =AE9 * AF9 * E9 -> 0 | AH9: =IF(AG9<=0,"Very Low",IF(AND(AG9>0,AG9<=5),"Low",IF(AND(AG9>5,AG9<=15),"High","Very High"))) -> Very Low
B10: 15.279407 | C10: 120.5691 | D10: =D9+1.5 -> 13.5 | E10: 1.5 | F10: 21 | G10: 51 | H10: 30.4 | I10: 7 | J10: 0.4 | K10: 9 | L10: SM | M10: =IF(D10<=K10, 0, (D10-K10)*9.81) -> 44.145 | N10: =IF(ROW()=2, D10*F10, N9 + (D10-D9)*F10) -> 279 | O10: =N10 - M10 -> 234.855 | P10: =MIN(1.7, (101.3 / O10)^0.5) -> 0.65675716 | Q10: =G10 * P10 -> 33.494615 | R10: =EXP(1.63 + (9.7/(H10+0.01)) - ((15.7/(H10+0.01))^2)) -> 5.3786183 | S10: =Q10 + R10 -> 38.873234 | T10: =0.784 - 0.0768 * SQRT(S10) -> 0.30516426 | U10: =MIN(1.7, (101.3 / O10)^T10) -> 0.77367213 | V10: =(G10 * U10) + R10 -> 44.835897 | W10: =EXP((-1.012 - 1.126*SIN((D10/11.73)+5.133)) + (0.106 + 0.118*SIN((D10/11.28)+5.142))*I10) -> 0.79861349 | X10: =0.65 * J10 * (N10 / O10) * W10 -> 0.24666889 | Y10: =MIN(2.2, 1.09 + (V10 / 31.5)^2) -> 2.2 | Z10: =1 + (Y10 - 1) * (8.64 * EXP(-I10/4) - 1.325) -> 1.2116882 | AA10: =MIN(1.1, 1 - MIN(0.3, 1 / (18.9 - 2.55 * SQRT(V10))) * LN(O10 / 101.3)) -> 0.74773543 | AB10: =EXP((V10/14.1) + (V10/126)^2 - (V10/23.6)^3 + (V10/25.4)^4 - 2.8) -> 28.738095 | AC10: =IF(X10=0, "N/A", (AB10 * Z10 * AA10) / X10) -> 105.55588 | AD10: =IF(AC10>1, "NOT LIQUEFIABLE", "LIQUEFIABLE") -> NOT LIQUEFIABLE | AE10: =IF(AC10<1, 1-AC10, 0) -> 0 | AF10: =IF(D10<=20, 10 - (0.5 * D10), 0) -> 3.25 | AG10: =AE10 * AF10 * E10 -> 0 | AH10: =IF(AG10<=0,"Very Low",IF(AND(AG10>0,AG10<=5),"Low",IF(AND(AG10>5,AG10<=15),"High","Very High"))) -> Very Low
B11: 15.279407 | C11: 120.5691 | D11: =D10+1.5 -> 15 | E11: 1.5 | F11: 21 | G11: 57 | H11: 25.72 | I11: 7 | J11: 0.4 | K11: 9 | L11: SM | M11: =IF(D11<=K11, 0, (D11-K11)*9.81) -> 58.86 | N11: =IF(ROW()=2, D11*F11, N10 + (D11-D10)*F11) -> 310.5 | O11: =N11 - M11 -> 251.64 | P11: =MIN(1.7, (101.3 / O11)^0.5) -> 0.63447554 | Q11: =G11 * P11 -> 36.165106 | R11: =EXP(1.63 + (9.7/(H11+0.01)) - ((15.7/(H11+0.01))^2)) -> 5.1277602 | S11: =Q11 + R11 -> 41.292866 | T11: =0.784 - 0.0768 * SQRT(S11) -> 0.29048685 | U11: =MIN(1.7, (101.3 / O11)^T11) -> 0.76772953 | V11: =(G11 * U11) + R11 -> 48.888343 | W11: =EXP((-1.012 - 1.126*SIN((D11/11.73)+5.133)) + (0.106 + 0.118*SIN((D11/11.28)+5.142))*I11) -> 0.7714163 | X11: =0.65 * J11 * (N11 / O11) * W11 -> 0.24748227 | Y11: =MIN(2.2, 1.09 + (V11 / 31.5)^2) -> 2.2 | Z11: =1 + (Y11 - 1) * (8.64 * EXP(-I11/4) - 1.325) -> 1.2116882 | AA11: =MIN(1.1, 1 - MIN(0.3, 1 / (18.9 - 2.55 * SQRT(V11))) * LN(O11 / 101.3)) -> 0.72702607 | AB11: =EXP((V11/14.1) + (V11/126)^2 - (V11/23.6)^3 + (V11/25.4)^4 - 2.8) -> 284.98351 | AC11: =IF(X11=0, "N/A", (AB11 * Z11 * AA11) / X11) -> 1014.417 | AD11: =IF(AC11>1, "NOT LIQUEFIABLE", "LIQUEFIABLE") -> NOT LIQUEFIABLE | AE11: =IF(AC11<1, 1-AC11, 0) -> 0 | AF11: =IF(D11<=20, 10 - (0.5 * D11), 0) -> 2.5 | AG11: =AE11 * AF11 * E11 -> 0 | AH11: =IF(AG11<=0,"Very Low",IF(AND(AG11>0,AG11<=5),"Low",IF(AND(AG11>5,AG11<=15),"High","Very High"))) -> Very Low
AF12: TOTAL | AG12: =SUM(AG2:AG11) -> 0 | AH12: =IF(AG12<=0,"Very Low",IF(AND(AG12>0,AG12<=5),"Low",IF(AND(AG12>5,AG12<=15),"High","Very High"))) -> Very Low
A13: No. of Boreholes | B13: Latitude | C13: Longitude | E13: Layer Thickness (z2) | F13: Total Unit Weight (y) | G13: N60 | H13: Fines Content (FC) | I13: Magnitude | J13: Peak Ground Acceleration (PGA) | K13: Gound Water Level (GWL) | L13: Soil Type | M13: Pore Pressure (u) | O13: Effective Stress | P13: Cn | Q13: N161 | R13: N160_3 | S13: N160cs | T13: m | U13: Cn_final | V13: N160cs_final | W13: rd | X13: CSR | Y13: MSFmax | Z13: MSF | AA13: Ko | AB13: CRR7.6 | AC13: FS | AD13: Remarks | AE13: Severity (Fi) | AF13: Weighting Factor | AG13: LPI | AH13: Remarks | AI13: Footing Width, B | AJ13: Depth of Footing, Df | AK13: Tolerable Settlement | AL13: Depth Factor, Fd | AM13: N | AN13: N_Design | AO13: Nc | AP13: SBC (qa) | AQ13: SBC (qa) NEW
A14: 2 | B14: 15.322512 | C14: 120.59619 | D14: 1.5 | E14: 1.5 | F14: 21 | G14: 17 | H14: 26.22 | I14: 7 | J14: 0.35 | K14: 3 | L14: ML | M14: =IF(D14<=K14, 0, (D14-K14)*9.81) -> 0 | N14: =IF(ROW()=2, D14*F14, N13 + (D14-D13)*F14) -> 31.5 | O14: =N14 - M14 -> 31.5 | P14: =MIN(1.7, (101.3 / O14)^0.5) -> 1.7 | Q14: =G14 * P14 -> 28.9 | R14: =EXP(1.63 + (9.7/(H14+0.01)) - ((15.7/(H14+0.01))^2)) -> 5.1631246 | S14: =Q14 + R14 -> 34.063125 | T14: =0.784 - 0.0768 * SQRT(S14) -> 0.33576738 | U14: =MIN(1.7, (101.3 / O14)^T14) -> 1.4802478 | V14: =(G14 * U14) + R14 -> 30.327337 | W14: =EXP((-1.012 - 1.126*SIN((D14/11.73)+5.133)) + (0.106 + 0.118*SIN((D14/11.28)+5.142))*I14) -> 0.99216797 | X14: =0.65 * J14 * (N14 / O14) * W14 -> 0.22571821 | Y14: =MIN(2.2, 1.09 + (V14 / 31.5)^2) -> 2.0169311 | Z14: =1 + (Y14 - 1) * (8.64 * EXP(-I14/4) - 1.325) -> 1.1793936 | AA14: =MIN(1.1, 1 - MIN(0.3, 1 / (18.9 - 2.55 * SQRT(V14))) * LN(O14 / 101.3)) -> 1.1 | AB14: =EXP((V14/14.1) + (V14/126)^2 - (V14/23.6)^3 + (V14/25.4)^4 - 2.8) -> 0.5061465 | AC14: =IF(X14=0, "N/A", (AB14 * Z14 * AA14) / X14) -> 2.9091163 | AD14: =IF(AC14>1, "NOT LIQUEFIABLE", "LIQUEFIABLE") -> NOT LIQUEFIABLE | AE14: =IF(AC14<1, 1-AC14, 0) -> 0 | AF14: =IF(D14<=20, 10 - (0.5 * D14), 0) -> 9.25 | AG14: =AE14 * AF14 * E14 -> 0 | AH14: =IF(AG14<=0,"Very Low",IF(AND(AG14>0,AG14<=5),"Low",IF(AND(AG14>5,AG14<=15),"High","Very High"))) -> Very Low | AI14: 3 | AJ14: 1.5 | AK14: 25 | AL14: =MIN(1 + 0.33 * (AJ14 / AI14), 1.33) -> 1.165 | AM14: =AVERAGEIFS(G14:G23, D14:D23, ">" & AJ14, D14:D23, "<" & (AJ14 + AI14 + 1.5)) -> 18.5 | AN14: {=_xlfn.LET( _xlpm.Df, AJ14, _xlpm.B, AI14, _xlpm.LayerBottoms, D14:D23, _xlpm.LayerTops, D14:D23 - E14:E23, _xlpm.N_values, G14:G23, _xlpm.FilteredN, _xlfn._xlws.FILTER(_xlpm.N_values, (_xlpm.LayerBottoms > _xlpm.Df) * (_xlpm.LayerTops < (_xlpm.Df + 2*_xlpm.B))), _xlpm.i, _xlfn.SEQUENCE(ROWS(_xlpm.FilteredN)), SUM(_xlpm.FilteredN / _xlpm.i^2) / SUM(1 / _xlpm.i^2) )} -> 18.6 | AO14: =MIN(6 * (1 + 0.2 * (AJ14 / AI14)), 9) -> 6.6 | AP14: =IF(AI14<=1.2,12*AM14*AL14*(AK14/25.4),8*AM14*((3.28*AI14+1)/(3.28*AI14))^2*AL14*(AK14/25.4)) -> 205.95024 | AQ14: {=_xlfn.LET( _xlpm.Df, AJ14, _xlpm.B, AI14, _xlpm.Settlement, AK14, _xlpm.NMeyerhof, AM14, _xlpm.NDesign, AN14, _xlpm.Nc, AO14, _xlpm.Fd, AL14, _xlpm.LayerBottoms, D14:D23, _xlpm.LayerThickness, E14:E23, _xlpm.USCS, L14:L23, _xlpm.LayerTops, _xlpm.LayerBottoms - _xlpm.LayerThickness, _xlpm.Overlap, (_xlpm.LayerBottoms > _xlpm.Df) * (_xlpm.LayerTops < (_xlpm.Df + 2*_xlpm.B)), _xlpm.FilteredUSCS, _xlfn._xlws.FILTER(_xlpm.USCS, _xlpm.Overlap, "None"), _xlpm.TotalLayers, ROWS(_xlpm.FilteredUSCS), _xlpm.CohesiveCount, SUM(--(ISNUMBER(MATCH(_xlpm.FilteredUSCS, {"CH","MH","CL","ML","OH","OL"}, 0)))), _xlpm.CohesionlessCount, SUM(--(ISNUMBER(MATCH(_xlpm.FilteredUSCS, {"GW","GP","GM","GC","SW","SP","SM","SC"}, 0)))), _xlpm.ZoneType, IF(INDEX(_xlpm.FilteredUSCS,1)="None", "No Soil", IF(_xlpm.CohesiveCount = _xlpm.TotalLayers, "Cohesive", IF(_xlpm.CohesionlessCount = _xlpm.TotalLayers, "Cohesionless", "Mixed"))), IF(_xlpm.ZoneType = "Cohesive", 2 * _xlpm.NDesign * _xlpm.Nc, IF(_xlpm.ZoneType = "Cohesionless", IF(_xlpm.B <= 1.2, 12 * _xlpm.NMeyerhof * _xlpm.Fd * (_xlpm.Settlement / 25.4), 8 * _xlpm.NMeyerhof * ((3.28 * _xlpm.B + 1) / (3.28 * _xlpm.B))^2 * _xlpm.Fd * (_xlpm.Settlement / 25.4) ), "Mixed Zone - Needs Manual Analysis" ) ) )} -> Mixed Zone - Needs Manual Analysis | AR14: {=_xlfn.LET( _xlpm.Df, AJ14, _xlpm.B, AI14, _xlpm.Settlement, AK14, _xlpm.NMeyerhof, AM14, _xlpm.NDesign, AN14, _xlpm.Nc, AO14, _xlpm.Fd, AL14, _xlpm.LayerBottoms, D14:D23, _xlpm.LayerThickness, E14:E23, _xlpm.USCS, L14:L23, _xlpm.LayerTops, _xlpm.LayerBottoms - _xlpm.LayerThickness, _xlpm.Overlap, (_xlpm.LayerBottoms > _xlpm.Df) * (_xlpm.LayerTops < (_xlpm.Df + 2*_xlpm.B)), _xlpm.FilteredUSCS, _xlfn._xlws.FILTER(_xlpm.USCS, _xlpm.Overlap, "None"), _xlpm.TotalLayers, ROWS(_xlpm.FilteredUSCS), _xlpm.CohesiveCount, SUM(--(ISNUMBER(MATCH(_xlpm.FilteredUSCS, {"CH","MH","CL","ML","OH","OL"}, 0)))), _xlpm.CohesionlessCount, SUM(--(ISNUMBER(MATCH(_xlpm.FilteredUSCS, {"GW","GP","GM","GC","SW","SP","SM","SC"}, 0)))), _xlpm.ZoneType, IF(INDEX(_xlpm.FilteredUSCS,1)="None", "No Soil", IF(_xlpm.CohesiveCount = _xlpm.TotalLayers, "Cohesive", IF(_xlpm.CohesionlessCount = _xlpm.TotalLayers, "Cohesionless", "Mixed"))), _xlpm.Qa_Cohesive, 2 * _xlpm.NDesign * _xlpm.Nc, _xlpm.Qa_Cohesionless, IF(_xlpm.B <= 1.2, 12 * _xlpm.NMeyerhof * _xlpm.Fd * (_xlpm.Settlement / 25.4), 8 * _xlpm.NMeyerhof * ((3.28 * _xlpm.B + 1) / (3.28 * _xlpm.B))^2 * _xlpm.Fd * (_xlpm.Settlement / 25.4)), IF(_xlpm.ZoneType = "Cohesive", _xlpm.Qa_Cohesive, IF(_xlpm.ZoneType = "Cohesionless", _xlpm.Qa_Cohesionless, IF(_xlpm.ZoneType = "Mixed", MIN(_xlpm.Qa_Cohesive, _xlpm.Qa_Cohesionless), "Invalid Data" ) ) ) )} -> 205.95024 | AS14: {=_xlfn.LET( _xlpm.Df, AJ14, _xlpm.B, AI14, _xlpm.Settlement, AK14, _xlpm.NMeyerhof, AM14, _xlpm.NDesign, AN14, _xlpm.Nc, AO14, _xlpm.Fd, AL14, _xlpm.LayerBottoms, D14:D23, _xlpm.LayerThickness, E14:E23, _xlpm.Material, L14:L23, _xlpm.LayerTops, _xlpm.LayerBottoms - _xlpm.LayerThickness, _xlpm.Overlap, (_xlpm.LayerBottoms > _xlpm.Df) * (_xlpm.LayerTops < (_xlpm.Df + 2*_xlpm.B)), _xlpm.FilteredMat, _xlfn._xlws.FILTER(_xlpm.Material, _xlpm.Overlap, "None"), _xlpm.TotalLayers, ROWS(_xlpm.FilteredMat), _xlpm.RockCount, SUM(--(ISNUMBER(MATCH(_xlpm.FilteredMat, {"Sandstone","Basalt","Cobblestone","Cobble Stone","Coring","Tuff"}, 0)))), _xlpm.CohesiveCount, SUM(--(ISNUMBER(MATCH(_xlpm.FilteredMat, {"CH","MH","CL","ML","OH","OL","Silty Tuff"}, 0)))), _xlpm.CohesionlessCount, SUM(--(ISNUMBER(MATCH(_xlpm.FilteredMat, {"GW","GP","GM","GC","SW","SP","SM","SC","Gravel"}, 0)))), _xlpm.ZoneType, IF(INDEX(_xlpm.FilteredMat,1)="None", "No Soil", IF(_xlpm.RockCount > 0, "Rock", IF(_xlpm.CohesiveCount = _xlpm.TotalLayers, "Cohesive", IF(_xlpm.CohesionlessCount = _xlpm.TotalLayers, "Cohesionless", "Mixed" ) ) ) ), _xlpm.Qa_Cohesive, 2 * _xlpm.NDesign * _xlpm.Nc, _xlpm.Qa_Cohesionless, IF(_xlpm.B <= 1.2, 12 * _xlpm.NMeyerhof * _xlpm.Fd * (_xlpm.Settlement / 25.4), 8 * _xlpm.NMeyerhof * ((3.28 * _xlpm.B + 1) / (3.28 * _xlpm.B))^2 * _xlpm.Fd * (_xlpm.Settlement / 25.4)), IF(_xlpm.ZoneType = "Rock", "N/A - Rock/Cobble Detected (Use Rock Mechanics)", IF(_xlpm.ZoneType = "Cohesive", _xlpm.Qa_Cohesive, IF(_xlpm.ZoneType = "Cohesionless", _xlpm.Qa_Cohesionless, IF(_xlpm.ZoneType = "Mixed", MIN(_xlpm.Qa_Cohesive, _xlpm.Qa_Cohesionless), "Invalid Data" ) ) ) ) )} -> 205.95024
B15: 15.322512 | C15: 120.59619 | D15: =D14+1.5 -> 3 | E15: 1.5 | F15: 21 | G15: 17 | H15: 26.22 | I15: 7 | J15: 0.35 | K15: 3 | L15: ML | M15: =IF(D15<=K15, 0, (D15-K15)*9.81) -> 0 | N15: =IF(ROW()=2, D15*F15, N14 + (D15-D14)*F15) -> 63 | O15: =N15 - M15 -> 63 | P15: =MIN(1.7, (101.3 / O15)^0.5) -> 1.2680444 | Q15: =G15 * P15 -> 21.556754 | R15: =EXP(1.63 + (9.7/(H15+0.01)) - ((15.7/(H15+0.01))^2)) -> 5.1631246 | S15: =Q15 + R15 -> 26.719879 | T15: =0.784 - 0.0768 * SQRT(S15) -> 0.38701101 | U15: =MIN(1.7, (101.3 / O15)^T15) -> 1.2017893 | V15: =(G15 * U15) + R15 -> 25.593543 | W15: =EXP((-1.012 - 1.126*SIN((D15/11.73)+5.133)) + (0.106 + 0.118*SIN((D15/11.28)+5.142))*I15) -> 0.97433785 | X15: =0.65 * J15 * (N15 / O15) * W15 -> 0.22166186 | Y15: =MIN(2.2, 1.09 + (V15 / 31.5)^2) -> 1.7501456 | Z15: =1 + (Y15 - 1) * (8.64 * EXP(-I15/4) - 1.325) -> 1.1323308 | AA15: =MIN(1.1, 1 - MIN(0.3, 1 / (18.9 - 2.55 * SQRT(V15))) * LN(O15 / 101.3)) -> 1.0791648 | AB15: =EXP((V15/14.1) + (V15/126)^2 - (V15/23.6)^3 + (V15/25.4)^4 - 2.8) -> 0.30477162 | AC15: =IF(X15=0, "N/A", (AB15 * Z15 * AA15) / X15) -> 1.6801368 | AD15: =IF(AC15>1, "NOT LIQUEFIABLE", "LIQUEFIABLE") -> NOT LIQUEFIABLE | AE15: =IF(AC15<1, 1-AC15, 0) -> 0 | AF15: =IF(D15<=20, 10 - (0.5 * D15), 0) -> 8.5 | AG15: =AE15 * AF15 * E15 -> 0 | AH15: =IF(AG15<=0,"Very Low",IF(AND(AG15>0,AG15<=5),"Low",IF(AND(AG15>5,AG15<=15),"High","Very High"))) -> Very Low
B16: 15.322512 | C16: 120.59619 | D16: =D15+1.5 -> 4.5 | E16: 1.5 | F16: 21 | G16: 20 | H16: 24.22 | I16: 7 | J16: 0.35 | K16: 3 | L16: ML | M16: =IF(D16<=K16, 0, (D16-K16)*9.81) -> 14.715 | N16: =IF(ROW()=2, D16*F16, N15 + (D16-D15)*F16) -> 94.5 | O16: =N16 - M16 -> 79.785 | P16: =MIN(1.7, (101.3 / O16)^0.5) -> 1.1267929 | Q16: =G16 * P16 -> 22.535858 | R16: =EXP(1.63 + (9.7/(H16+0.01)) - ((15.7/(H16+0.01))^2)) -> 5.0052221 | S16: =Q16 + R16 -> 27.54108 | T16: =0.784 - 0.0768 * SQRT(S16) -> 0.3809567 | U16: =MIN(1.7, (101.3 / O16)^T16) -> 1.0952184 | V16: =(G16 * U16) + R16 -> 26.909589 | W16: =EXP((-1.012 - 1.126*SIN((D16/11.73)+5.133)) + (0.106 + 0.118*SIN((D16/11.28)+5.142))*I16) -> 0.95382539 | X16: =0.65 * J16 * (N16 / O16) * W16 -> 0.2570164 | Y16: =MIN(2.2, 1.09 + (V16 / 31.5)^2) -> 1.8197818 | Z16: =1 + (Y16 - 1) * (8.64 * EXP(-I16/4) - 1.325) -> 1.1446151 | AA16: =MIN(1.1, 1 - MIN(0.3, 1 / (18.9 - 2.55 * SQRT(V16))) * LN(O16 / 101.3)) -> 1.0420928 | AB16: =EXP((V16/14.1) + (V16/126)^2 - (V16/23.6)^3 + (V16/25.4)^4 - 2.8) -> 0.34348959 | AC16: =IF(X16=0, "N/A", (AB16 * Z16 * AA16) / X16) -> 1.5941112 | AD16: =IF(AC16>1, "NOT LIQUEFIABLE", "LIQUEFIABLE") -> NOT LIQUEFIABLE | AE16: =IF(AC16<1, 1-AC16, 0) -> 0 | AF16: =IF(D16<=20, 10 - (0.5 * D16), 0) -> 7.75 | AG16: =AE16 * AF16 * E16 -> 0 | AH16: =IF(AG16<=0,"Very Low",IF(AND(AG16>0,AG16<=5),"Low",IF(AND(AG16>5,AG16<=15),"High","Very High"))) -> Very Low
B17: 15.322512 | C17: 120.59619 | D17: =D16+1.5 -> 6 | E17: 1.5 | F17: 20 | G17: 24 | H17: 21.86 | I17: 7 | J17: 0.35 | K17: 3 | L17: SM | M17: =IF(D17<=K17, 0, (D17-K17)*9.81) -> 29.43 | N17: =IF(ROW()=2, D17*F17, N16 + (D17-D16)*F17) -> 124.5 | O17: =N17 - M17 -> 95.07 | P17: =MIN(1.7, (101.3 / O17)^0.5) -> 1.0322454 | Q17: =G17 * P17 -> 24.773891 | R17: =EXP(1.63 + (9.7/(H17+0.01)) - ((15.7/(H17+0.01))^2)) -> 4.7501709 | S17: =Q17 + R17 -> 29.524062 | T17: =0.784 - 0.0768 * SQRT(S17) -> 0.36669915 | U17: =MIN(1.7, (101.3 / O17)^T17) -> 1.0235485 | V17: =(G17 * U17) + R17 -> 29.315334 | W17: =EXP((-1.012 - 1.126*SIN((D17/11.73)+5.133)) + (0.106 + 0.118*SIN((D17/11.28)+5.142))*I17) -> 0.93104429 | X17: =0.65 * J17 * (N17 / O17) * W17 -> 0.27738157 | Y17: =MIN(2.2, 1.09 + (V17 / 31.5)^2) -> 1.9561011 | Z17: =1 + (Y17 - 1) * (8.64 * EXP(-I17/4) - 1.325) -> 1.1686628 | AA17: =MIN(1.1, 1 - MIN(0.3, 1 / (18.9 - 2.55 * SQRT(V17))) * LN(O17 / 101.3)) -> 1.0124619 | AB17: =EXP((V17/14.1) + (V17/126)^2 - (V17/23.6)^3 + (V17/25.4)^4 - 2.8) -> 0.4452716 | AC17: =IF(X17=0, "N/A", (AB17 * Z17 * AA17) / X17) -> 1.899395 | AD17: =IF(AC17>1, "NOT LIQUEFIABLE", "LIQUEFIABLE") -> NOT LIQUEFIABLE | AE17: =IF(AC17<1, 1-AC17, 0) -> 0 | AF17: =IF(D17<=20, 10 - (0.5 * D17), 0) -> 7 | AG17: =AE17 * AF17 * E17 -> 0 | AH17: =IF(AG17<=0,"Very Low",IF(AND(AG17>0,AG17<=5),"Low",IF(AND(AG17>5,AG17<=15),"High","Very High"))) -> Very Low
B18: 15.322512 | C18: 120.59619 | D18: =D17+1.5 -> 7.5 | E18: 1.5 | F18: 20 | G18: 29 | H18: 23.89 | I18: 7 | J18: 0.35 | K18: 3 | L18: SM | M18: =IF(D18<=K18, 0, (D18-K18)*9.81) -> 44.145 | N18: =IF(ROW()=2, D18*F18, N17 + (D18-D17)*F18) -> 154.5 | O18: =N18 - M18 -> 110.355 | P18: =MIN(1.7, (101.3 / O18)^0.5) -> 0.95809531 | Q18: =G18 * P18 -> 27.784764 | R18: =EXP(1.63 + (9.7/(H18+0.01)) - ((15.7/(H18+0.01))^2)) -> 4.9745513 | S18: =Q18 + R18 -> 32.759315 | T18: =0.784 - 0.0768 * SQRT(S18) -> 0.34442941 | U18: =MIN(1.7, (101.3 / O18)^T18) -> 0.97094187 | V18: =(G18 * U18) + R18 -> 33.131866 | W18: =EXP((-1.012 - 1.126*SIN((D18/11.73)+5.133)) + (0.106 + 0.118*SIN((D18/11.28)+5.142))*I18) -> 0.90643373 | X18: =0.65 * J18 * (N18 / O18) * W18 -> 0.28870475 | Y18: =MIN(2.2, 1.09 + (V18 / 31.5)^2) -> 2.1962943 | Z18: =1 + (Y18 - 1) * (8.64 * EXP(-I18/4) - 1.325) -> 1.2110345 | AA18: =MIN(1.1, 1 - MIN(0.3, 1 / (18.9 - 2.55 * SQRT(V18))) * LN(O18 / 101.3)) -> 0.97972206 | AB18: =EXP((V18/14.1) + (V18/126)^2 - (V18/23.6)^3 + (V18/25.4)^4 - 2.8) -> 0.77644436 | AC18: =IF(X18=0, "N/A", (AB18 * Z18 * AA18) / X18) -> 3.1909193 | AD18: =IF(AC18>1, "NOT LIQUEFIABLE", "LIQUEFIABLE") -> NOT LIQUEFIABLE | AE18: =IF(AC18<1, 1-AC18, 0) -> 0 | AF18: =IF(D18<=20, 10 - (0.5 * D18), 0) -> 6.25 | AG18: =AE18 * AF18 * E18 -> 0 | AH18: =IF(AG18<=0,"Very Low",IF(AND(AG18>0,AG18<=5),"Low",IF(AND(AG18>5,AG18<=15),"High","Very High"))) -> Very Low
B19: 15.322512 | C19: 120.59619 | D19: =D18+1.5 -> 9 | E19: 1.5 | F19: 21 | G19: 46 | H19: 23.2 | I19: 7 | J19: 0.35 | K19: 3 | L19: SM | M19: =IF(D19<=K19, 0, (D19-K19)*9.81) -> 58.86 | N19: =IF(ROW()=2, D19*F19, N18 + (D19-D18)*F19) -> 186 | O19: =N19 - M19 -> 127.14 | P19: =MIN(1.7, (101.3 / O19)^0.5) -> 0.89261385 | Q19: =G19 * P19 -> 41.060237 | R19: =EXP(1.63 + (9.7/(H19+0.01)) - ((15.7/(H19+0.01))^2)) -> 4.9055258 | S19: =Q19 + R19 -> 45.965763 | T19: =0.784 - 0.0768 * SQRT(S19) -> 0.26331094 | U19: =MIN(1.7, (101.3 / O19)^T19) -> 0.94192947 | V19: =(G19 * U19) + R19 -> 48.234281 | W19: =EXP((-1.012 - 1.126*SIN((D19/11.73)+5.133)) + (0.106 + 0.118*SIN((D19/11.28)+5.142))*I19) -> 0.88044424 | X19: =0.65 * J19 * (N19 / O19) * W19 -> 0.29303129 | Y19: =MIN(2.2, 1.09 + (V19 / 31.5)^2) -> 2.2 | Z19: =1 + (Y19 - 1) * (8.64 * EXP(-I19/4) - 1.325) -> 1.2116882 | AA19: =MIN(1.1, 1 - MIN(0.3, 1 / (18.9 - 2.55 * SQRT(V19))) * LN(O19 / 101.3)) -> 0.93183927 | AB19: =EXP((V19/14.1) + (V19/126)^2 - (V19/23.6)^3 + (V19/25.4)^4 - 2.8) -> 187.5872 | AC19: =IF(X19=0, "N/A", (AB19 * Z19 * AA19) / X19) -> 722.80493 | AD19: =IF(AC19>1, "NOT LIQUEFIABLE", "LIQUEFIABLE") -> NOT LIQUEFIABLE | AE19: =IF(AC19<1, 1-AC19, 0) -> 0 | AF19: =IF(D19<=20, 10 - (0.5 * D19), 0) -> 5.5 | AG19: =AE19 * AF19 * E19 -> 0 | AH19: =IF(AG19<=0,"Very Low",IF(AND(AG19>0,AG19<=5),"Low",IF(AND(AG19>5,AG19<=15),"High","Very High"))) -> Very Low
B20: 15.322512 | C20: 120.59619 | D20: =D19+1.5 -> 10.5 | E20: 1.5 | F20: 21 | G20: 49 | H20: 21.2 | I20: 7 | J20: 0.35 | K20: 3 | L20: SM | M20: =IF(D20<=K20, 0, (D20-K20)*9.81) -> 73.575 | N20: =IF(ROW()=2, D20*F20, N19 + (D20-D19)*F20) -> 217.5 | O20: =N20 - M20 -> 143.925 | P20: =MIN(1.7, (101.3 / O20)^0.5) -> 0.83895101 | Q20: =G20 * P20 -> 41.1086 | R20: =EXP(1.63 + (9.7/(H20+0.01)) - ((15.7/(H20+0.01))^2)) -> 4.6618409 | S20: =Q20 + R20 -> 45.770441 | T20: =0.784 - 0.0768 * SQRT(S20) -> 0.2644184 | U20: =MIN(1.7, (101.3 / O20)^T20) -> 0.91131624 | V20: =(G20 * U20) + R20 -> 49.316337 | W20: =EXP((-1.012 - 1.126*SIN((D20/11.73)+5.133)) + (0.106 + 0.118*SIN((D20/11.28)+5.142))*I20) -> 0.8535246 | X20: =0.65 * J20 * (N20 / O20) * W20 -> 0.29344078 | Y20: =MIN(2.2, 1.09 + (V20 / 31.5)^2) -> 2.2 | Z20: =1 + (Y20 - 1) * (8.64 * EXP(-I20/4) - 1.325) -> 1.2116882 | AA20: =MIN(1.1, 1 - MIN(0.3, 1 / (18.9 - 2.55 * SQRT(V20))) * LN(O20 / 101.3)) -> 0.89463822 | AB20: =EXP((V20/14.1) + (V20/126)^2 - (V20/23.6)^3 + (V20/25.4)^4 - 2.8) -> 378.74142 | AC20: =IF(X20=0, "N/A", (AB20 * Z20 * AA20) / X20) -> 1399.1384 | AD20: =IF(AC20>1, "NOT LIQUEFIABLE", "LIQUEFIABLE") -> NOT LIQUEFIABLE | AE20: =IF(AC20<1, 1-AC20, 0) -> 0 | AF20: =IF(D20<=20, 10 - (0.5 * D20), 0) -> 4.75 | AG20: =AE20 * AF20 * E20 -> 0 | AH20: =IF(AG20<=0,"Very Low",IF(AND(AG20>0,AG20<=5),"Low",IF(AND(AG20>5,AG20<=15),"High","Very High"))) -> Very Low
B21: 15.322512 | C21: 120.59619 | D21: =D20+1.5 -> 12 | E21: 1.5 | F21: 21 | G21: 63 | H21: 21.43 | I21: 7 | J21: 0.35 | K21: 3 | L21: SM | M21: =IF(D21<=K21, 0, (D21-K21)*9.81) -> 88.29 | N21: =IF(ROW()=2, D21*F21, N20 + (D21-D20)*F21) -> 249 | O21: =N21 - M21 -> 160.71 | P21: =MIN(1.7, (101.3 / O21)^0.5) -> 0.79393194 | Q21: =G21 * P21 -> 50.017712 | R21: =EXP(1.63 + (9.7/(H21+0.01)) - ((15.7/(H21+0.01))^2)) -> 4.6935868 | S21: =Q21 + R21 -> 54.711299 | T21: =0.784 - 0.0768 * SQRT(S21) -> 0.21593278 | U21: =MIN(1.7, (101.3 / O21)^T21) -> 0.90514852 | V21: =(G21 * U21) + R21 -> 61.717944 | W21: =EXP((-1.012 - 1.126*SIN((D21/11.73)+5.133)) + (0.106 + 0.118*SIN((D21/11.28)+5.142))*I21) -> 0.82611022 | X21: =0.65 * J21 * (N21 / O21) * W21 -> 0.29118959 | Y21: =MIN(2.2, 1.09 + (V21 / 31.5)^2) -> 2.2 | Z21: =1 + (Y21 - 1) * (8.64 * EXP(-I21/4) - 1.325) -> 1.2116882 | AA21: =MIN(1.1, 1 - MIN(0.3, 1 / (18.9 - 2.55 * SQRT(V21))) * LN(O21 / 101.3)) -> 1.1 | AB21: =EXP((V21/14.1) + (V21/126)^2 - (V21/23.6)^3 + (V21/25.4)^4 - 2.8) -> 1.4472993e+08 | AC21: =IF(X21=0, "N/A", (AB21 * Z21 * AA21) / X21) -> 6.624698e+08 | AD21: =IF(AC21>1, "NOT LIQUEFIABLE", "LIQUEFIABLE") -> NOT LIQUEFIABLE | AE21: =IF(AC21<1, 1-AC21, 0) -> 0 | AF21: =IF(D21<=20, 10 - (0.5 * D21), 0) -> 4 | AG21: =AE21 * AF21 * E21 -> 0 | AH21: =IF(AG21<=0,"Very Low",IF(AND(AG21>0,AG21<=5),"Low",IF(AND(AG21>5,AG21<=15),"High","Very High"))) -> Very Low
B22: 15.322512 | C22: 120.59619 | D22: =D21+1.5 -> 13.5 | E22: 1.5 | F22: 21 | G22: 71 | H22: 21.98 | I22: 7 | J22: 0.35 | K22: 3 | L22: SM | M22: =IF(D22<=K22, 0, (D22-K22)*9.81) -> 103.005 | N22: =IF(ROW()=2, D22*F22, N21 + (D22-D21)*F22) -> 280.5 | O22: =N22 - M22 -> 177.495 | P22: =MIN(1.7, (101.3 / O22)^0.5) -> 0.75546032 | Q22: =G22 * P22 -> 53.637683 | R22: =EXP(1.63 + (9.7/(H22+0.01)) - ((15.7/(H22+0.01))^2)) -> 4.7653426 | S22: =Q22 + R22 -> 58.403026 | T22: =0.784 - 0.0768 * SQRT(S22) -> 0.19708002 | U22: =MIN(1.7, (101.3 / O22)^T22) -> 0.89535632 | V22: =(G22 * U22) + R22 -> 68.335641 | W22: =EXP((-1.012 - 1.126*SIN((D22/11.73)+5.133)) + (0.106 + 0.118*SIN((D22/11.28)+5.142))*I22) -> 0.79861349 | X22: =0.65 * J22 * (N22 / O22) * W22 -> 0.28712089 | Y22: =MIN(2.2, 1.09 + (V22 / 31.5)^2) -> 2.2 | Z22: =1 + (Y22 - 1) * (8.64 * EXP(-I22/4) - 1.325) -> 1.2116882 | AA22: =MIN(1.1, 1 - MIN(0.3, 1 / (18.9 - 2.55 * SQRT(V22))) * LN(O22 / 101.3)) -> 1.1 | AB22: =EXP((V22/14.1) + (V22/126)^2 - (V22/23.6)^3 + (V22/25.4)^4 - 2.8) -> 1.6822512e+13 | AC22: =IF(X22=0, "N/A", (AB22 * Z22 * AA22) / X22) -> 7.8092558e+13 | AD22: =IF(AC22>1, "NOT LIQUEFIABLE", "LIQUEFIABLE") -> NOT LIQUEFIABLE | AE22: =IF(AC22<1, 1-AC22, 0) -> 0 | AF22: =IF(D22<=20, 10 - (0.5 * D22), 0) -> 3.25 | AG22: =AE22 * AF22 * E22 -> 0 | AH22: =IF(AG22<=0,"Very Low",IF(AND(AG22>0,AG22<=5),"Low",IF(AND(AG22>5,AG22<=15),"High","Very High"))) -> Very Low
B23: 15.322512 | C23: 120.59619 | D23: =D22+1.5 -> 15 | E23: 1.5 | F23: 21 | G23: 100 | H23: 21.74 | I23: 7 | J23: 0.35 | K23: 3 | L23: SM | M23: =IF(D23<=K23, 0, (D23-K23)*9.81) -> 117.72 | N23: =IF(ROW()=2, D23*F23, N22 + (D23-D22)*F23) -> 312 | O23: =N23 - M23 -> 194.28 | P23: =MIN(1.7, (101.3 / O23)^0.5) -> 0.72208891 | Q23: =G23 * P23 -> 72.208891 | R23: =EXP(1.63 + (9.7/(H23+0.01)) - ((15.7/(H23+0.01))^2)) -> 4.7347331 | S23: =Q23 + R23 -> 76.943624 | T23: =0.784 - 0.0768 * SQRT(S23) -> 0.11032949 | U23: =MIN(1.7, (101.3 / O23)^T23) -> 0.93067225 | V23: =(G23 * U23) + R23 -> 97.801958 | W23: =EXP((-1.012 - 1.126*SIN((D23/11.73)+5.133)) + (0.106 + 0.118*SIN((D23/11.28)+5.142))*I23) -> 0.7714163 | X23: =0.65 * J23 * (N23 / O23) * W23 -> 0.28183616 | Y23: =MIN(2.2, 1.09 + (V23 / 31.5)^2) -> 2.2 | Z23: =1 + (Y23 - 1) * (8.64 * EXP(-I23/4) - 1.325) -> 1.2116882 | AA23: =MIN(1.1, 1 - MIN(0.3, 1 / (18.9 - 2.55 * SQRT(V23))) * LN(O23 / 101.3)) -> 1.1 | AB23: =EXP((V23/14.1) + (V23/126)^2 - (V23/23.6)^3 + (V23/25.4)^4 - 2.8) -> 4.0983876e+66 | AC23: =IF(X23=0, "N/A", (AB23 * Z23 * AA23) / X23) -> 1.9382058e+67 | AD23: =IF(AC23>1, "NOT LIQUEFIABLE", "LIQUEFIABLE") -> NOT LIQUEFIABLE | AE23: =IF(AC23<1, 1-AC23, 0) -> 0 | AF23: =IF(D23<=20, 10 - (0.5 * D23), 0) -> 2.5 | AG23: =AE23 * AF23 * E23 -> 0 | AH23: =IF(AG23<=0,"Very Low",IF(AND(AG23>0,AG23<=5),"Low",IF(AND(AG23>5,AG23<=15),"High","Very High"))) -> Very Low
AF24: TOTAL | AG24: =SUM(AG14:AG23) -> 0 | AH24: =IF(AG24<=0,"Very Low",IF(AND(AG24>0,AG24<=5),"Low",IF(AND(AG24>5,AG24<=15),"High","Very High"))) -> Very Low
A25: No. of Boreholes | B25: Latitude | C25: Longitude | G25: N60 | H25: Fines Content (FC) | I25: Magnitude | J25: Peak Ground Acceleration (PGA) | K25: Gound Water Level (GWL) | L25: Soil Type | M25: Pore Pressure (u) | O25: Effective Stress | P25: Cn | Q25: N162 | R25: N160_4 | S25: N160cs | T25: m | U25: Cn_final | V25: N160cs_final | W25: rd | X25: CSR | Y25: MSFmax | Z25: MSF | AA25: Ko | AB25: CRR7.7 | AC25: FS | AD25: Remarks | AE25: Severity (Fi) | AF25: Weighting Factor | AG25: LPI | AH25: Remarks | AI25: Footing Width, B | AJ25: Depth of Footing, Df | AK25: Tolerable Settlement | AL25: Depth Factor, Fd | AM25: N | AN25: N_Design | AO25: Nc | AP25: SBC (qa) | AQ25: SBC (qa) NEW
A26: 3 | B26: 15.279922 | C26: 120.56969 | D26: 1.5 | E26: 1.5 | F26: 20 | G26: 19 | H26: 4.68 | I26: 7 | J26: 0.4 | K26: 6 | L26: SP | M26: =IF(D26<=K26, 0, (D26-K26)*9.81) -> 0 | N26: =IF(ROW()=2, D26*F26, N25 + (D26-D25)*F26) -> 30 | O26: =N26 - M26 -> 30 | P26: =MIN(1.7, (101.3 / O26)^0.5) -> 1.7 | Q26: =G26 * P26 -> 32.3 | R26: =EXP(1.63 + (9.7/(H26+0.01)) - ((15.7/(H26+0.01))^2)) -> 0.00054876121 | S26: =Q26 + R26 -> 32.300549 | T26: =0.784 - 0.0768 * SQRT(S26) -> 0.34751817 | U26: =MIN(1.7, (101.3 / O26)^T26) -> 1.526368 | V26: =(G26 * U26) + R26 -> 29.00154 | W26: =EXP((-1.012 - 1.126*SIN((D26/11.73)+5.133)) + (0.106 + 0.118*SIN((D26/11.28)+5.142))*I26) -> 0.99216797 | X26: =0.65 * J26 * (N26 / O26) * W26 -> 0.25796367 | Y26: =MIN(2.2, 1.09 + (V26 / 31.5)^2) -> 1.9376587 | Z26: =1 + (Y26 - 1) * (8.64 * EXP(-I26/4) - 1.325) -> 1.1654094 | AA26: =MIN(1.1, 1 - MIN(0.3, 1 / (18.9 - 2.55 * SQRT(V26))) * LN(O26 / 101.3)) -> 1.1 | AB26: =EXP((V26/14.1) + (V26/126)^2 - (V26/23.6)^3 + (V26/25.4)^4 - 2.8) -> 0.42897913 | AC26: =IF(X26=0, "N/A", (AB26 * Z26 * AA26) / X26) -> 2.1318116 | AD26: =IF(AC26>1, "NOT LIQUEFIABLE", "LIQUEFIABLE") -> NOT LIQUEFIABLE | AE26: =IF(AC26<1, 1-AC26, 0) -> 0 | AF26: =IF(D26<=20, 10 - (0.5 * D26), 0) -> 9.25 | AG26: =AE26 * AF26 * E26 -> 0 | AH26: =IF(AG26<=0,"Very Low",IF(AND(AG26>0,AG26<=5),"Low",IF(AND(AG26>5,AG26<=15),"High","Very High"))) -> Very Low | AI26: 3 | AJ26: 1.5 | AK26: 25 | AL26: =MIN(1 + 0.33 * (AJ26 / AI26), 1.33) -> 1.165 | AM26: =AVERAGEIFS(G26:G35, D26:D35, ">" & AJ26, D26:D35, "<" & (AJ26 + AI26 + 1.5)) -> 23.5 | AN26: {=_xlfn.LET( _xlpm.Df, AJ26, _xlpm.B, AI26, _xlpm.LayerBottoms, D26:D35, _xlpm.LayerTops, D26:D35 - E26:E35, _xlpm.N_values, G26:G35, _xlpm.FilteredN, _xlfn._xlws.FILTER(_xlpm.N_values, (_xlpm.LayerBottoms > _xlpm.Df) * (_xlpm.LayerTops < (_xlpm.Df + 2*_xlpm.B))), _xlpm.i, _xlfn.SEQUENCE(ROWS(_xlpm.FilteredN)), SUM(_xlpm.FilteredN / _xlpm.i^2) / SUM(1 / _xlpm.i^2) )} -> 23.146341 | AO26: =MIN(6 * (1 + 0.2 * (AJ26 / AI26)), 9) -> 6.6 | AP26: =IF(AI26<=1.2,12*AM26*AL26*(AK26/25.4),8*AM26*((3.28*AI26+1)/(3.28*AI26))^2*AL26*(AK26/25.4)) -> 261.61247 | AQ26: {=_xlfn.LET( _xlpm.Df, AJ26, _xlpm.B, AI26, _xlpm.Settlement, AK26, _xlpm.NMeyerhof, AM26, _xlpm.NDesign, AN26, _xlpm.Nc, AO26, _xlpm.Fd, AL26, _xlpm.LayerBottoms, D26:D35, _xlpm.LayerThickness, E26:E35, _xlpm.USCS, L26:L35, _xlpm.LayerTops, _xlpm.LayerBottoms - _xlpm.LayerThickness, _xlpm.Overlap, (_xlpm.LayerBottoms > _xlpm.Df) * (_xlpm.LayerTops < (_xlpm.Df + 2*_xlpm.B)), _xlpm.FilteredUSCS, _xlfn._xlws.FILTER(_xlpm.USCS, _xlpm.Overlap, "None"), _xlpm.TotalLayers, ROWS(_xlpm.FilteredUSCS), _xlpm.CohesiveCount, SUM(--(ISNUMBER(MATCH(_xlpm.FilteredUSCS, {"CH","MH","CL","ML","OH","OL"}, 0)))), _xlpm.CohesionlessCount, SUM(--(ISNUMBER(MATCH(_xlpm.FilteredUSCS, {"GW","GP","GM","GC","SW","SP","SM","SC"}, 0)))), _xlpm.ZoneType, IF(INDEX(_xlpm.FilteredUSCS,1)="None", "No Soil", IF(_xlpm.CohesiveCount = _xlpm.TotalLayers, "Cohesive", IF(_xlpm.CohesionlessCount = _xlpm.TotalLayers, "Cohesionless", "Mixed"))), IF(_xlpm.ZoneType = "Cohesive", 2 * _xlpm.NDesign * _xlpm.Nc, IF(_xlpm.ZoneType = "Cohesionless", IF(_xlpm.B <= 1.2, 12 * _xlpm.NMeyerhof * _xlpm.Fd * (_xlpm.Settlement / 25.4), 8 * _xlpm.NMeyerhof * ((3.28 * _xlpm.B + 1) / (3.28 * _xlpm.B))^2 * _xlpm.Fd * (_xlpm.Settlement / 25.4) ), "Mixed Zone - Needs Manual Analysis" ) ) )} -> 261.61247 | AR26: {=_xlfn.LET( _xlpm.Df, AJ26, _xlpm.B, AI26, _xlpm.Settlement, AK26, _xlpm.NMeyerhof, AM26, _xlpm.NDesign, AN26, _xlpm.Nc, AO26, _xlpm.Fd, AL26, _xlpm.LayerBottoms, D26:D35, _xlpm.LayerThickness, E26:E35, _xlpm.USCS, L26:L35, _xlpm.LayerTops, _xlpm.LayerBottoms - _xlpm.LayerThickness, _xlpm.Overlap, (_xlpm.LayerBottoms > _xlpm.Df) * (_xlpm.LayerTops < (_xlpm.Df + 2*_xlpm.B)), _xlpm.FilteredUSCS, _xlfn._xlws.FILTER(_xlpm.USCS, _xlpm.Overlap, "None"), _xlpm.TotalLayers, ROWS(_xlpm.FilteredUSCS), _xlpm.CohesiveCount, SUM(--(ISNUMBER(MATCH(_xlpm.FilteredUSCS, {"CH","MH","CL","ML","OH","OL"}, 0)))), _xlpm.CohesionlessCount, SUM(--(ISNUMBER(MATCH(_xlpm.FilteredUSCS, {"GW","GP","GM","GC","SW","SP","SM","SC"}, 0)))), _xlpm.ZoneType, IF(INDEX(_xlpm.FilteredUSCS,1)="None", "No Soil", IF(_xlpm.CohesiveCount = _xlpm.TotalLayers, "Cohesive", IF(_xlpm.CohesionlessCount = _xlpm.TotalLayers, "Cohesionless", "Mixed"))), _xlpm.Qa_Cohesive, 2 * _xlpm.NDesign * _xlpm.Nc, _xlpm.Qa_Cohesionless, IF(_xlpm.B <= 1.2, 12 * _xlpm.NMeyerhof * _xlpm.Fd * (_xlpm.Settlement / 25.4), 8 * _xlpm.NMeyerhof * ((3.28 * _xlpm.B + 1) / (3.28 * _xlpm.B))^2 * _xlpm.Fd * (_xlpm.Settlement / 25.4)), IF(_xlpm.ZoneType = "Cohesive", _xlpm.Qa_Cohesive, IF(_xlpm.ZoneType = "Cohesionless", _xlpm.Qa_Cohesionless, IF(_xlpm.ZoneType = "Mixed", MIN(_xlpm.Qa_Cohesive, _xlpm.Qa_Cohesionless), "Invalid Data" ) ) ) )} -> 261.61247 | AS26: {=_xlfn.LET( _xlpm.Df, AJ26, _xlpm.B, AI26, _xlpm.Settlement, AK26, _xlpm.NMeyerhof, AM26, _xlpm.NDesign, AN26, _xlpm.Nc, AO26, _xlpm.Fd, AL26, _xlpm.LayerBottoms, D26:D35, _xlpm.LayerThickness, E26:E35, _xlpm.Material, L26:L35, _xlpm.LayerTops, _xlpm.LayerBottoms - _xlpm.LayerThickness, _xlpm.Overlap, (_xlpm.LayerBottoms > _xlpm.Df) * (_xlpm.LayerTops < (_xlpm.Df + 2*_xlpm.B)), _xlpm.FilteredMat, _xlfn._xlws.FILTER(_xlpm.Material, _xlpm.Overlap, "None"), _xlpm.TotalLayers, ROWS(_xlpm.FilteredMat), _xlpm.RockCount, SUM(--(ISNUMBER(MATCH(_xlpm.FilteredMat, {"Sandstone","Basalt","Cobblestone","Cobble Stone","Coring","Tuff"}, 0)))), _xlpm.CohesiveCount, SUM(--(ISNUMBER(MATCH(_xlpm.FilteredMat, {"CH","MH","CL","ML","OH","OL","Silty Tuff"}, 0)))), _xlpm.CohesionlessCount, SUM(--(ISNUMBER(MATCH(_xlpm.FilteredMat, {"GW","GP","GM","GC","SW","SP","SM","SC","Gravel"}, 0)))), _xlpm.ZoneType, IF(INDEX(_xlpm.FilteredMat,1)="None", "No Soil", IF(_xlpm.RockCount > 0, "Rock", IF(_xlpm.CohesiveCount = _xlpm.TotalLayers, "Cohesive", IF(_xlpm.CohesionlessCount = _xlpm.TotalLayers, "Cohesionless", "Mixed" ) ) ) ), _xlpm.Qa_Cohesive, 2 * _xlpm.NDesign * _xlpm.Nc, _xlpm.Qa_Cohesionless, IF(_xlpm.B <= 1.2, 12 * _xlpm.NMeyerhof * _xlpm.Fd * (_xlpm.Settlement / 25.4), 8 * _xlpm.NMeyerhof * ((3.28 * _xlpm.B + 1) / (3.28 * _xlpm.B))^2 * _xlpm.Fd * (_xlpm.Settlement / 25.4)), IF(_xlpm.ZoneType = "Rock", "N/A - Rock/Cobble Detected (Use Rock Mechanics)", IF(_xlpm.ZoneType = "Cohesive", _xlpm.Qa_Cohesive, IF(_xlpm.ZoneType = "Cohesionless", _xlpm.Qa_Cohesionless, IF(_xlpm.ZoneType = "Mixed", MIN(_xlpm.Qa_Cohesive, _xlpm.Qa_Cohesionless), "Invalid Data" ) ) ) ) )} -> 261.61247
B27: 15.279922 | C27: 120.56969 | D27: =D26+1.5 -> 3 | E27: 1.5 | F27: 20 | G27: 19 | H27: 4.68 | I27: 7 | J27: 0.4 | K27: 6 | L27: SP | M27: =IF(D27<=K27, 0, (D27-K27)*9.81) -> 0 | N27: =IF(ROW()=2, D27*F27, N26 + (D27-D26)*F27) -> 60 | O27: =N27 - M27 -> 60 | P27: =MIN(1.7, (101.3 / O27)^0.5) -> 1.2993588 | Q27: =G27 * P27 -> 24.687818 | R27: =EXP(1.63 + (9.7/(H27+0.01)) - ((15.7/(H27+0.01))^2)) -> 0.00054876121 | S27: =Q27 + R27 -> 24.688366 | T27: =0.784 - 0.0768 * SQRT(S27) -> 0.40240085 | U27: =MIN(1.7, (101.3 / O27)^T27) -> 1.2346088 | V27: =(G27 * U27) + R27 -> 23.458116 | W27: =EXP((-1.012 - 1.126*SIN((D27/11.73)+5.133)) + (0.106 + 0.118*SIN((D27/11.28)+5.142))*I27) -> 0.97433785 | X27: =0.65 * J27 * (N27 / O27) * W27 -> 0.25332784 | Y27: =MIN(2.2, 1.09 + (V27 / 31.5)^2) -> 1.6445812 | Z27: =1 + (Y27 - 1) * (8.64 * EXP(-I27/4) - 1.325) -> 1.1137086 | AA27: =MIN(1.1, 1 - MIN(0.3, 1 / (18.9 - 2.55 * SQRT(V27))) * LN(O27 / 101.3)) -> 1.0799675 | AB27: =EXP((V27/14.1) + (V27/126)^2 - (V27/23.6)^3 + (V27/25.4)^4 - 2.8) -> 0.25763619 | AC27: =IF(X27=0, "N/A", (AB27 * Z27 * AA27) / X27) -> 1.2232245 | AD27: =IF(AC27>1, "NOT LIQUEFIABLE", "LIQUEFIABLE") -> NOT LIQUEFIABLE | AE27: =IF(AC27<1, 1-AC27, 0) -> 0 | AF27: =IF(D27<=20, 10 - (0.5 * D27), 0) -> 8.5 | AG27: =AE27 * AF27 * E27 -> 0 | AH27: =IF(AG27<=0,"Very Low",IF(AND(AG27>0,AG27<=5),"Low",IF(AND(AG27>5,AG27<=15),"High","Very High"))) -> Very Low
B28: 15.279922 | C28: 120.56969 | D28: =D27+1.5 -> 4.5 | E28: 1.5 | F28: 20 | G28: 28 | H28: 2.77 | I28: 7 | J28: 0.4 | K28: 6 | L28: SP | M28: =IF(D28<=K28, 0, (D28-K28)*9.81) -> 0 | N28: =IF(ROW()=2, D28*F28, N27 + (D28-D27)*F28) -> 90 | O28: =N28 - M28 -> 90 | P28: =MIN(1.7, (101.3 / O28)^0.5) -> 1.060922 | Q28: =G28 * P28 -> 29.705817 | R28: =EXP(1.63 + (9.7/(H28+0.01)) - ((15.7/(H28+0.01))^2)) -> 2.3541427e-12 | S28: =Q28 + R28 -> 29.705817 | T28: =0.784 - 0.0768 * SQRT(S28) -> 0.36541663 | U28: =MIN(1.7, (101.3 / O28)^T28) -> 1.0441679 | V28: =(G28 * U28) + R28 -> 29.236701 | W28: =EXP((-1.012 - 1.126*SIN((D28/11.73)+5.133)) + (0.106 + 0.118*SIN((D28/11.28)+5.142))*I28) -> 0.95382539 | X28: =0.65 * J28 * (N28 / O28) * W28 -> 0.2479946 | Y28: =MIN(2.2, 1.09 + (V28 / 31.5)^2) -> 1.951461 | Z28: =1 + (Y28 - 1) * (8.64 * EXP(-I28/4) - 1.325) -> 1.1678443 | AA28: =MIN(1.1, 1 - MIN(0.3, 1 / (18.9 - 2.55 * SQRT(V28))) * LN(O28 / 101.3)) -> 1.0231375 | AB28: =EXP((V28/14.1) + (V28/126)^2 - (V28/23.6)^3 + (V28/25.4)^4 - 2.8) -> 0.44108536 | AC28: =IF(X28=0, "N/A", (AB28 * Z28 * AA28) / X28) -> 2.1251978 | AD28: =IF(AC28>1, "NOT LIQUEFIABLE", "LIQUEFIABLE") -> NOT LIQUEFIABLE | AE28: =IF(AC28<1, 1-AC28, 0) -> 0 | AF28: =IF(D28<=20, 10 - (0.5 * D28), 0) -> 7.75 | AG28: =AE28 * AF28 * E28 -> 0 | AH28: =IF(AG28<=0,"Very Low",IF(AND(AG28>0,AG28<=5),"Low",IF(AND(AG28>5,AG28<=15),"High","Very High"))) -> Very Low
B29: 15.279922 | C29: 120.56969 | D29: =D28+1.5 -> 6 | E29: 1.5 | F29: 21 | G29: 35 | H29: 2.79 | I29: 7 | J29: 0.4 | K29: 6 | L29: SP | M29: =IF(D29<=K29, 0, (D29-K29)*9.81) -> 0 | N29: =IF(ROW()=2, D29*F29, N28 + (D29-D28)*F29) -> 121.5 | O29: =N29 - M29 -> 121.5 | P29: =MIN(1.7, (101.3 / O29)^0.5) -> 0.9130963 | Q29: =G29 * P29 -> 31.958371 | R29: =EXP(1.63 + (9.7/(H29+0.01)) - ((15.7/(H29+0.01))^2)) -> 3.6155927e-12 | S29: =Q29 + R29 -> 31.958371 | T29: =0.784 - 0.0768 * SQRT(S29) -> 0.34983628 | U29: =MIN(1.7, (101.3 / O29)^T29) -> 0.93837091 | V29: =(G29 * U29) + R29 -> 32.842982 | W29: =EXP((-1.012 - 1.126*SIN((D29/11.73)+5.133)) + (0.106 + 0.118*SIN((D29/11.28)+5.142))*I29) -> 0.93104429 | X29: =0.65 * J29 * (N29 / O29) * W29 -> 0.24207152 | Y29: =MIN(2.2, 1.09 + (V29 / 31.5)^2) -> 2.1770864 | Z29: =1 + (Y29 - 1) * (8.64 * EXP(-I29/4) - 1.325) -> 1.2076461 | AA29: =MIN(1.1, 1 - MIN(0.3, 1 / (18.9 - 2.55 * SQRT(V29))) * LN(O29 / 101.3)) -> 0.95757887 | AB29: =EXP((V29/14.1) + (V29/126)^2 - (V29/23.6)^3 + (V29/25.4)^4 - 2.8) -> 0.73887472 | AC29: =IF(X29=0, "N/A", (AB29 * Z29 * AA29) / X29) -> 3.529729 | AD29: =IF(AC29>1, "NOT LIQUEFIABLE", "LIQUEFIABLE") -> NOT LIQUEFIABLE | AE29: =IF(AC29<1, 1-AC29, 0) -> 0 | AF29: =IF(D29<=20, 10 - (0.5 * D29), 0) -> 7 | AG29: =AE29 * AF29 * E29 -> 0 | AH29: =IF(AG29<=0,"Very Low",IF(AND(AG29>0,AG29<=5),"Low",IF(AND(AG29>5,AG29<=15),"High","Very High"))) -> Very Low
B30: 15.279922 | C30: 120.56969 | D30: =D29+1.5 -> 7.5 | E30: 1.5 | F30: 21 | G30: 49 | H30: 1.52 | I30: 7 | J30: 0.4 | K30: 6 | L30: SP | M30: =IF(D30<=K30, 0, (D30-K30)*9.81) -> 14.715 | N30: =IF(ROW()=2, D30*F30, N29 + (D30-D29)*F30) -> 153 | O30: =N30 - M30 -> 138.285 | P30: =MIN(1.7, (101.3 / O30)^0.5) -> 0.85588849 | Q30: =G30 * P30 -> 41.938536 | R30: =EXP(1.63 + (9.7/(H30+0.01)) - ((15.7/(H30+0.01))^2)) -> 5.386632e-43 | S30: =Q30 + R30 -> 41.938536 | T30: =0.784 - 0.0768 * SQRT(S30) -> 0.28664344 | U30: =MIN(1.7, (101.3 / O30)^T30) -> 0.91465152 | V30: =(G30 * U30) + R30 -> 44.817924 | W30: =EXP((-1.012 - 1.126*SIN((D30/11.73)+5.133)) + (0.106 + 0.118*SIN((D30/11.28)+5.142))*I30) -> 0.90643373 | X30: =0.65 * J30 * (N30 / O30) * W30 -> 0.26075087 | Y30: =MIN(2.2, 1.09 + (V30 / 31.5)^2) -> 2.2 | Z30: =1 + (Y30 - 1) * (8.64 * EXP(-I30/4) - 1.325) -> 1.2116882 | AA30: =MIN(1.1, 1 - MIN(0.3, 1 / (18.9 - 2.55 * SQRT(V30))) * LN(O30 / 101.3)) -> 0.90663089 | AB30: =EXP((V30/14.1) + (V30/126)^2 - (V30/23.6)^3 + (V30/25.4)^4 - 2.8) -> 28.489408 | AC30: =IF(X30=0, "N/A", (AB30 * Z30 * AA30) / X30) -> 120.02703 | AD30: =IF(AC30>1, "NOT LIQUEFIABLE", "LIQUEFIABLE") -> NOT LIQUEFIABLE | AE30: =IF(AC30<1, 1-AC30, 0) -> 0 | AF30: =IF(D30<=20, 10 - (0.5 * D30), 0) -> 6.25 | AG30: =AE30 * AF30 * E30 -> 0 | AH30: =IF(AG30<=0,"Very Low",IF(AND(AG30>0,AG30<=5),"Low",IF(AND(AG30>5,AG30<=15),"High","Very High"))) -> Very Low
B31: 15.279922 | C31: 120.56969 | D31: =D30+1.5 -> 9 | E31: 1.5 | F31: 21 | G31: 55 | H31: 4.69 | I31: 7 | J31: 0.4 | K31: 6 | L31: SP | M31: =IF(D31<=K31, 0, (D31-K31)*9.81) -> 29.43 | N31: =IF(ROW()=2, D31*F31, N30 + (D31-D30)*F31) -> 184.5 | O31: =N31 - M31 -> 155.07 | P31: =MIN(1.7, (101.3 / O31)^0.5) -> 0.80824091 | Q31: =G31 * P31 -> 44.45325 | R31: =EXP(1.63 + (9.7/(H31+0.01)) - ((15.7/(H31+0.01))^2)) -> 0.00057300682 | S31: =Q31 + R31 -> 44.453823 | T31: =0.784 - 0.0768 * SQRT(S31) -> 0.27194598 | U31: =MIN(1.7, (101.3 / O31)^T31) -> 0.89066052 | V31: =(G31 * U31) + R31 -> 48.986901 | W31: =EXP((-1.012 - 1.126*SIN((D31/11.73)+5.133)) + (0.106 + 0.118*SIN((D31/11.28)+5.142))*I31) -> 0.88044424 | X31: =0.65 * J31 * (N31 / O31) * W31 -> 0.27236029 | Y31: =MIN(2.2, 1.09 + (V31 / 31.5)^2) -> 2.2 | Z31: =1 + (Y31 - 1) * (8.64 * EXP(-I31/4) - 1.325) -> 1.2116882 | AA31: =MIN(1.1, 1 - MIN(0.3, 1 / (18.9 - 2.55 * SQRT(V31))) * LN(O31 / 101.3)) -> 0.87226294 | AB31: =EXP((V31/14.1) + (V31/126)^2 - (V31/23.6)^3 + (V31/25.4)^4 - 2.8) -> 304.04105 | AC31: =IF(X31=0, "N/A", (AB31 * Z31 * AA31) / X31) -> 1179.8499 | AD31: =IF(AC31>1, "NOT LIQUEFIABLE", "LIQUEFIABLE") -> NOT LIQUEFIABLE | AE31: =IF(AC31<1, 1-AC31, 0) -> 0 | AF31: =IF(D31<=20, 10 - (0.5 * D31), 0) -> 5.5 | AG31: =AE31 * AF31 * E31 -> 0 | AH31: =IF(AG31<=0,"Very Low",IF(AND(AG31>0,AG31<=5),"Low",IF(AND(AG31>5,AG31<=15),"High","Very High"))) -> Very Low
B32: 15.279922 | C32: 120.56969 | D32: =D31+1.5 -> 10.5 | E32: 1.5 | F32: 21 | G32: 61 | H32: 2.57 | I32: 7 | J32: 0.4 | K32: 6 | L32: SP | M32: =IF(D32<=K32, 0, (D32-K32)*9.81) -> 44.145 | N32: =IF(ROW()=2, D32*F32, N31 + (D32-D31)*F32) -> 216 | O32: =N32 - M32 -> 171.855 | P32: =MIN(1.7, (101.3 / O32)^0.5) -> 0.76775674 | Q32: =G32 * P32 -> 46.833161 | R32: =EXP(1.63 + (9.7/(H32+0.01)) - ((15.7/(H32+0.01))^2)) -> 1.8136733e-14 | S32: =Q32 + R32 -> 46.833161 | T32: =0.784 - 0.0768 * SQRT(S32) -> 0.25842106 | U32: =MIN(1.7, (101.3 / O32)^T32) -> 0.87232585 | V32: =(G32 * U32) + R32 -> 53.211877 | W32: =EXP((-1.012 - 1.126*SIN((D32/11.73)+5.133)) + (0.106 + 0.118*SIN((D32/11.28)+5.142))*I32) -> 0.8535246 | X32: =0.65 * J32 * (N32 / O32) * W32 -> 0.27892084 | Y32: =MIN(2.2, 1.09 + (V32 / 31.5)^2) -> 2.2 | Z32: =1 + (Y32 - 1) * (8.64 * EXP(-I32/4) - 1.325) -> 1.2116882 | AA32: =MIN(1.1, 1 - MIN(0.3, 1 / (18.9 - 2.55 * SQRT(V32))) * LN(O32 / 101.3)) -> 0.84143059 | AB32: =EXP((V32/14.1) + (V32/126)^2 - (V32/23.6)^3 + (V32/25.4)^4 - 2.8) -> 7718.5624 | AC32: =IF(X32=0, "N/A", (AB32 * Z32 * AA32) / X32) -> 28213.999 | AD32: =IF(AC32>1, "NOT LIQUEFIABLE", "LIQUEFIABLE") -> NOT LIQUEFIABLE | AE32: =IF(AC32<1, 1-AC32, 0) -> 0 | AF32: =IF(D32<=20, 10 - (0.5 * D32), 0) -> 4.75 | AG32: =AE32 * AF32 * E32 -> 0 | AH32: =IF(AG32<=0,"Very Low",IF(AND(AG32>0,AG32<=5),"Low",IF(AND(AG32>5,AG32<=15),"High","Very High"))) -> Very Low
B33: 15.279922 | C33: 120.56969 | D33: =D32+1.5 -> 12 | E33: 1.5 | F33: 21 | G33: 70 | H33: 3.63 | I33: 7 | J33: 0.4 | K33: 6 | L33: SP | M33: =IF(D33<=K33, 0, (D33-K33)*9.81) -> 58.86 | N33: =IF(ROW()=2, D33*F33, N32 + (D33-D32)*F33) -> 247.5 | O33: =N33 - M33 -> 188.64 | P33: =MIN(1.7, (101.3 / O33)^0.5) -> 0.732804 | Q33: =G33 * P33 -> 51.29628 | R33: =EXP(1.63 + (9.7/(H33+0.01)) - ((15.7/(H33+0.01))^2)) -> 6.1064789e-07 | S33: =Q33 + R33 -> 51.29628 | T33: =0.784 - 0.0768 * SQRT(S33) -> 0.23394748 | U33: =MIN(1.7, (101.3 / O33)^T33) -> 0.86462639 | V33: =(G33 * U33) + R33 -> 60.523848 | W33: =EXP((-1.012 - 1.126*SIN((D33/11.73)+5.133)) + (0.106 + 0.118*SIN((D33/11.28)+5.142))*I33) -> 0.82611022 | X33: =0.65 * J33 * (N33 / O33) * W33 -> 0.28180764 | Y33: =MIN(2.2, 1.09 + (V33 / 31.5)^2) -> 2.2 | Z33: =1 + (Y33 - 1) * (8.64 * EXP(-I33/4) - 1.325) -> 1.2116882 | AA33: =MIN(1.1, 1 - MIN(0.3, 1 / (18.9 - 2.55 * SQRT(V33))) * LN(O33 / 101.3)) -> 1.1 | AB33: =EXP((V33/14.1) + (V33/126)^2 - (V33/23.6)^3 + (V33/25.4)^4 - 2.8) -> 26541432 | AC33: =IF(X33=0, "N/A", (AB33 * Z33 * AA33) / X33) -> 1.2553221e+08 | AD33: =IF(AC33>1, "NOT LIQUEFIABLE", "LIQUEFIABLE") -> NOT LIQUEFIABLE | AE33: =IF(AC33<1, 1-AC33, 0) -> 0 | AF33: =IF(D33<=20, 10 - (0.5 * D33), 0) -> 4 | AG33: =AE33 * AF33 * E33 -> 0 | AH33: =IF(AG33<=0,"Very Low",IF(AND(AG33>0,AG33<=5),"Low",IF(AND(AG33>5,AG33<=15),"High","Very High"))) -> Very Low
B34: 15.279922 | C34: 120.56969 | D34: =D33+1.5 -> 13.5 | E34: 1.5 | F34: 21 | G34: 80 | H34: 2.3 | I34: 7 | J34: 0.4 | K34: 6 | L34: SP | M34: =IF(D34<=K34, 0, (D34-K34)*9.81) -> 73.575 | N34: =IF(ROW()=2, D34*F34, N33 + (D34-D33)*F34) -> 279 | O34: =N34 - M34 -> 205.425 | P34: =MIN(1.7, (101.3 / O34)^0.5) -> 0.70222789 | Q34: =G34 * P34 -> 56.178231 | R34: =EXP(1.63 + (9.7/(H34+0.01)) - ((15.7/(H34+0.01))^2)) -> 2.9527987e-18 | S34: =Q34 + R34 -> 56.178231 | T34: =0.784 - 0.0768 * SQRT(S34) -> 0.20836757 | U34: =MIN(1.7, (101.3 / O34)^T34) -> 0.8630223 | V34: =(G34 * U34) + R34 -> 69.041784 | W34: =EXP((-1.012 - 1.126*SIN((D34/11.73)+5.133)) + (0.106 + 0.118*SIN((D34/11.28)+5.142))*I34) -> 0.79861349 | X34: =0.65 * J34 * (N34 / O34) * W34 -> 0.28200765 | Y34: =MIN(2.2, 1.09 + (V34 / 31.5)^2) -> 2.2 | Z34: =1 + (Y34 - 1) * (8.64 * EXP(-I34/4) - 1.325) -> 1.2116882 | AA34: =MIN(1.1, 1 - MIN(0.3, 1 / (18.9 - 2.55 * SQRT(V34))) * LN(O34 / 101.3)) -> 1.1 | AB34: =EXP((V34/14.1) + (V34/126)^2 - (V34/23.6)^3 + (V34/25.4)^4 - 2.8) -> 7.5023045e+13 | AC34: =IF(X34=0, "N/A", (AB34 * Z34 * AA34) / X34) -> 3.5458256e+14 | AD34: =IF(AC34>1, "NOT LIQUEFIABLE", "LIQUEFIABLE") -> NOT LIQUEFIABLE | AE34: =IF(AC34<1, 1-AC34, 0) -> 0 | AF34: =IF(D34<=20, 10 - (0.5 * D34), 0) -> 3.25 | AG34: =AE34 * AF34 * E34 -> 0 | AH34: =IF(AG34<=0,"Very Low",IF(AND(AG34>0,AG34<=5),"Low",IF(AND(AG34>5,AG34<=15),"High","Very High"))) -> Very Low
B35: 15.279922 | C35: 120.56969 | D35: =D34+1.5 -> 15 | E35: 1.5 | F35: 20 | G35: 89 | H35: 2.57 | I35: 7 | J35: 0.4 | K35: 6 | L35: SP | M35: =IF(D35<=K35, 0, (D35-K35)*9.81) -> 88.29 | N35: =IF(ROW()=2, D35*F35, N34 + (D35-D34)*F35) -> 309 | O35: =N35 - M35 -> 220.71 | P35: =MIN(1.7, (101.3 / O35)^0.5) -> 0.67747569 | Q35: =G35 * P35 -> 60.295337 | R35: =EXP(1.63 + (9.7/(H35+0.01)) - ((15.7/(H35+0.01))^2)) -> 1.8136733e-14 | S35: =Q35 + R35 -> 60.295337 | T35: =0.784 - 0.0768 * SQRT(S35) -> 0.18764745 | U35: =MIN(1.7, (101.3 / O35)^T35) -> 0.86404284 | V35: =(G35 * U35) + R35 -> 76.899813 | W35: =EXP((-1.012 - 1.126*SIN((D35/11.73)+5.133)) + (0.106 + 0.118*SIN((D35/11.28)+5.142))*I35) -> 0.7714163 | X35: =0.65 * J35 * (N35 / O35) * W35 -> 0.28080099 | Y35: =MIN(2.2, 1.09 + (V35 / 31.5)^2) -> 2.2 | Z35: =1 + (Y35 - 1) * (8.64 * EXP(-I35/4) - 1.325) -> 1.2116882 | AA35: =MIN(1.1, 1 - MIN(0.3, 1 / (18.9 - 2.55 * SQRT(V35))) * LN(O35 / 101.3)) -> 1.1 | AB35: =EXP((V35/14.1) + (V35/126)^2 - (V35/23.6)^3 + (V35/25.4)^4 - 2.8) -> 5.9847462e+22 | AC35: =IF(X35=0, "N/A", (AB35 * Z35 * AA35) / X35) -> 2.8407348e+23 | AD35: =IF(AC35>1, "NOT LIQUEFIABLE", "LIQUEFIABLE") -> NOT LIQUEFIABLE | AE35: =IF(AC35<1, 1-AC35, 0) -> 0 | AF35: =IF(D35<=20, 10 - (0.5 * D35), 0) -> 2.5 | AG35: =AE35 * AF35 * E35 -> 0 | AH35: =IF(AG35<=0,"Very Low",IF(AND(AG35>0,AG35<=5),"Low",IF(AND(AG35>5,AG35<=15),"High","Very High"))) -> Very Low
AF36: TOTAL | AG36: =SUM(AG26:AG35) -> 0 | AH36: =IF(AG36<=0,"Very Low",IF(AND(AG36>0,AG36<=5),"Low",IF(AND(AG36>5,AG36<=15),"High","Very High"))) -> Very Low
A37: No. of Boreholes | B37: Latitude | C37: Longitude | E37: Layer Thickness (z2) | F37: Total Unit Weight (y) | G37: N60 | H37: Fines Content (FC) | I37: Magnitude | J37: Peak Ground Acceleration (PGA) | K37: Gound Water Level (GWL) | L37: Soil Type | M37: Pore Pressure (u) | O37: Effective Stress | P37: Cn | Q37: N163 | R37: N160_5 | S37: N160cs | T37: m | U37: Cn_final | V37: N160cs_final | W37: rd | X37: CSR | Y37: MSFmax | Z37: MSF | AA37: Ko | AB37: CRR7.8 | AC37: FS | AD37: Remarks | AE37: Severity (Fi) | AF37: Weighting Factor | AG37: LPI | AH37: Remarks | AI37: Footing Width, B | AJ37: Depth of Footing, Df | AK37: Tolerable Settlement | AL37: Depth Factor, Fd | AM37: N | AN37: N_Design | AO37: Nc | AP37: SBC (qa) | AQ37: SBC (qa) NEW
A38: 4 | B38: 15.277808 | C38: 120.52147 | D38: 1.5 | E38: 1.5 | F38: 21 | G38: 23 | H38: 82.23 | I38: 7 | J38: 0.4 | K38: 9.5 | L38: CH | M38: =IF(D38<=K38, 0, (D38-K38)*9.81) -> 0 | N38: =IF(ROW()=2, D38*F38, N37 + (D38-D37)*F38) -> 31.5 | O38: =N38 - M38 -> 31.5 | P38: =MIN(1.7, (101.3 / O38)^0.5) -> 1.7 | Q38: =G38 * P38 -> 39.1 | R38: =EXP(1.63 + (9.7/(H38+0.01)) - ((15.7/(H38+0.01))^2)) -> 5.5372771 | S38: =Q38 + R38 -> 44.637277 | T38: =0.784 - 0.0768 * SQRT(S38) -> 0.27089049 | U38: =MIN(1.7, (101.3 / O38)^T38) -> 1.3722159 | V38: =(G38 * U38) + R38 -> 37.098242 | W38: =EXP((-1.012 - 1.126*SIN((D38/11.73)+5.133)) + (0.106 + 0.118*SIN((D38/11.28)+5.142))*I38) -> 0.99216797 | X38: =0.65 * J38 * (N38 / O38) * W38 -> 0.25796367 | Y38: =MIN(2.2, 1.09 + (V38 / 31.5)^2) -> 2.2 | Z38: =1 + (Y38 - 1) * (8.64 * EXP(-I38/4) - 1.325) -> 1.2116882 | AA38: =MIN(1.1, 1 - MIN(0.3, 1 / (18.9 - 2.55 * SQRT(V38))) * LN(O38 / 101.3)) -> 1.1 | AB38: =EXP((V38/14.1) + (V38/126)^2 - (V38/23.6)^3 + (V38/25.4)^4 - 2.8) -> 1.7933273 | AC38: =IF(X38=0, "N/A", (AB38 * Z38 * AA38) / X38) -> 9.2658354 | AD38: =IF(AC38>1, "NOT LIQUEFIABLE", "LIQUEFIABLE") -> NOT LIQUEFIABLE | AE38: =IF(AC38<1, 1-AC38, 0) -> 0 | AF38: =IF(D38<=20, 10 - (0.5 * D38), 0) -> 9.25 | AG38: =AE38 * AF38 * E38 -> 0 | AH38: =IF(AG38<=0,"Very Low",IF(AND(AG38>0,AG38<=5),"Low",IF(AND(AG38>5,AG38<=15),"High","Very High"))) -> Very Low | AI38: 3 | AJ38: 1.5 | AK38: 25 | AL38: =MIN(1 + 0.33 * (AJ38 / AI38), 1.33) -> 1.165 | AM38: =AVERAGEIFS(G38:G47, D38:D47, ">" & AJ38, D38:D47, "<" & (AJ38 + AI38 + 1.5)) -> 25.5 | AN38: {=_xlfn.LET( _xlpm.Df, AJ38, _xlpm.B, AI38, _xlpm.LayerBottoms, D38:D47, _xlpm.LayerTops, D38:D47 - E38:E47, _xlpm.N_values, G38:G47, _xlpm.FilteredN, _xlfn._xlws.FILTER(_xlpm.N_values, (_xlpm.LayerBottoms > _xlpm.Df) * (_xlpm.LayerTops < (_xlpm.Df + 2*_xlpm.B))), _xlpm.i, _xlfn.SEQUENCE(ROWS(_xlpm.FilteredN)), SUM(_xlpm.FilteredN / _xlpm.i^2) / SUM(1 / _xlpm.i^2) )} -> 25.570732 | AO38: =MIN(6 * (1 + 0.2 * (AJ38 / AI38)), 9) -> 6.6 | AP38: =IF(AI38<=1.2,12*AM38*AL38*(AK38/25.4),8*AM38*((3.28*AI38+1)/(3.28*AI38))^2*AL38*(AK38/25.4)) -> 283.87736 | AQ38: {=_xlfn.LET( _xlpm.Df, AJ38, _xlpm.B, AI38, _xlpm.Settlement, AK38, _xlpm.NMeyerhof, AM38, _xlpm.NDesign, AN38, _xlpm.Nc, AO38, _xlpm.Fd, AL38, _xlpm.LayerBottoms, D38:D47, _xlpm.LayerThickness, E38:E47, _xlpm.USCS, L38:L47, _xlpm.LayerTops, _xlpm.LayerBottoms - _xlpm.LayerThickness, _xlpm.Overlap, (_xlpm.LayerBottoms > _xlpm.Df) * (_xlpm.LayerTops < (_xlpm.Df + 2*_xlpm.B)), _xlpm.FilteredUSCS, _xlfn._xlws.FILTER(_xlpm.USCS, _xlpm.Overlap, "None"), _xlpm.TotalLayers, ROWS(_xlpm.FilteredUSCS), _xlpm.CohesiveCount, SUM(--(ISNUMBER(MATCH(_xlpm.FilteredUSCS, {"CH","MH","CL","ML","OH","OL"}, 0)))), _xlpm.CohesionlessCount, SUM(--(ISNUMBER(MATCH(_xlpm.FilteredUSCS, {"GW","GP","GM","GC","SW","SP","SM","SC"}, 0)))), _xlpm.ZoneType, IF(INDEX(_xlpm.FilteredUSCS,1)="None", "No Soil", IF(_xlpm.CohesiveCount = _xlpm.TotalLayers, "Cohesive", IF(_xlpm.CohesionlessCount = _xlpm.TotalLayers, "Cohesionless", "Mixed"))), IF(_xlpm.ZoneType = "Cohesive", 2 * _xlpm.NDesign * _xlpm.Nc, IF(_xlpm.ZoneType = "Cohesionless", IF(_xlpm.B <= 1.2, 12 * _xlpm.NMeyerhof * _xlpm.Fd * (_xlpm.Settlement / 25.4), 8 * _xlpm.NMeyerhof * ((3.28 * _xlpm.B + 1) / (3.28 * _xlpm.B))^2 * _xlpm.Fd * (_xlpm.Settlement / 25.4) ), "Mixed Zone - Needs Manual Analysis" ) ) )} -> 337.53366 | AR38: {=_xlfn.LET( _xlpm.Df, AJ38, _xlpm.B, AI38, _xlpm.Settlement, AK38, _xlpm.NMeyerhof, AM38, _xlpm.NDesign, AN38, _xlpm.Nc, AO38, _xlpm.Fd, AL38, _xlpm.LayerBottoms, D38:D47, _xlpm.LayerThickness, E38:E47, _xlpm.USCS, L38:L47, _xlpm.LayerTops, _xlpm.LayerBottoms - _xlpm.LayerThickness, _xlpm.Overlap, (_xlpm.LayerBottoms > _xlpm.Df) * (_xlpm.LayerTops < (_xlpm.Df + 2*_xlpm.B)), _xlpm.FilteredUSCS, _xlfn._xlws.FILTER(_xlpm.USCS, _xlpm.Overlap, "None"), _xlpm.TotalLayers, ROWS(_xlpm.FilteredUSCS), _xlpm.CohesiveCount, SUM(--(ISNUMBER(MATCH(_xlpm.FilteredUSCS, {"CH","MH","CL","ML","OH","OL"}, 0)))), _xlpm.CohesionlessCount, SUM(--(ISNUMBER(MATCH(_xlpm.FilteredUSCS, {"GW","GP","GM","GC","SW","SP","SM","SC"}, 0)))), _xlpm.ZoneType, IF(INDEX(_xlpm.FilteredUSCS,1)="None", "No Soil", IF(_xlpm.CohesiveCount = _xlpm.TotalLayers, "Cohesive", IF(_xlpm.CohesionlessCount = _xlpm.TotalLayers, "Cohesionless", "Mixed"))), _xlpm.Qa_Cohesive, 2 * _xlpm.NDesign * _xlpm.Nc, _xlpm.Qa_Cohesionless, IF(_xlpm.B <= 1.2, 12 * _xlpm.NMeyerhof * _xlpm.Fd * (_xlpm.Settlement / 25.4), 8 * _xlpm.NMeyerhof * ((3.28 * _xlpm.B + 1) / (3.28 * _xlpm.B))^2 * _xlpm.Fd * (_xlpm.Settlement / 25.4)), IF(_xlpm.ZoneType = "Cohesive", _xlpm.Qa_Cohesive, IF(_xlpm.ZoneType = "Cohesionless", _xlpm.Qa_Cohesionless, IF(_xlpm.ZoneType = "Mixed", MIN(_xlpm.Qa_Cohesive, _xlpm.Qa_Cohesionless), "Invalid Data" ) ) ) )} -> 337.53366 | AS38: {=_xlfn.LET( _xlpm.Df, AJ38, _xlpm.B, AI38, _xlpm.Settlement, AK38, _xlpm.NMeyerhof, AM38, _xlpm.NDesign, AN38, _xlpm.Nc, AO38, _xlpm.Fd, AL38, _xlpm.LayerBottoms, D38:D47, _xlpm.LayerThickness, E38:E47, _xlpm.Material, L38:L47, _xlpm.LayerTops, _xlpm.LayerBottoms - _xlpm.LayerThickness, _xlpm.Overlap, (_xlpm.LayerBottoms > _xlpm.Df) * (_xlpm.LayerTops < (_xlpm.Df + 2*_xlpm.B)), _xlpm.FilteredMat, _xlfn._xlws.FILTER(_xlpm.Material, _xlpm.Overlap, "None"), _xlpm.TotalLayers, ROWS(_xlpm.FilteredMat), _xlpm.RockCount, SUM(--(ISNUMBER(MATCH(_xlpm.FilteredMat, {"Sandstone","Basalt","Cobblestone","Cobble Stone","Coring","Tuff"}, 0)))), _xlpm.CohesiveCount, SUM(--(ISNUMBER(MATCH(_xlpm.FilteredMat, {"CH","MH","CL","ML","OH","OL","Silty Tuff"}, 0)))), _xlpm.CohesionlessCount, SUM(--(ISNUMBER(MATCH(_xlpm.FilteredMat, {"GW","GP","GM","GC","SW","SP","SM","SC","Gravel"}, 0)))), _xlpm.ZoneType, IF(INDEX(_xlpm.FilteredMat,1)="None", "No Soil", IF(_xlpm.RockCount > 0, "Rock", IF(_xlpm.CohesiveCount = _xlpm.TotalLayers, "Cohesive", IF(_xlpm.CohesionlessCount = _xlpm.TotalLayers, "Cohesionless", "Mixed" ) ) ) ), _xlpm.Qa_Cohesive, 2 * _xlpm.NDesign * _xlpm.Nc, _xlpm.Qa_Cohesionless, IF(_xlpm.B <= 1.2, 12 * _xlpm.NMeyerhof * _xlpm.Fd * (_xlpm.Settlement / 25.4), 8 * _xlpm.NMeyerhof * ((3.28 * _xlpm.B + 1) / (3.28 * _xlpm.B))^2 * _xlpm.Fd * (_xlpm.Settlement / 25.4)), IF(_xlpm.ZoneType = "Rock", "N/A - Rock/Cobble Detected (Use Rock Mechanics)", IF(_xlpm.ZoneType = "Cohesive", _xlpm.Qa_Cohesive, IF(_xlpm.ZoneType = "Cohesionless", _xlpm.Qa_Cohesionless, IF(_xlpm.ZoneType = "Mixed", MIN(_xlpm.Qa_Cohesive, _xlpm.Qa_Cohesionless), "Invalid Data" ) ) ) ) )} -> 337.53366
B39: 15.277808 | C39: 120.52147 | D39: =D38+1.5 -> 3 | E39: 1.5 | F39: 21 | G39: 23 | H39: 82.23 | I39: 7 | J39: 0.4 | K39: 9.5 | L39: CH | M39: =IF(D39<=K39, 0, (D39-K39)*9.81) -> 0 | N39: =IF(ROW()=2, D39*F39, N38 + (D39-D38)*F39) -> 63 | O39: =N39 - M39 -> 63 | P39: =MIN(1.7, (101.3 / O39)^0.5) -> 1.2680444 | Q39: =G39 * P39 -> 29.16502 | R39: =EXP(1.63 + (9.7/(H39+0.01)) - ((15.7/(H39+0.01))^2)) -> 5.5372771 | S39: =Q39 + R39 -> 34.702297 | T39: =0.784 - 0.0768 * SQRT(S39) -> 0.33158152 | U39: =MIN(1.7, (101.3 / O39)^T39) -> 1.1705634 | V39: =(G39 * U39) + R39 -> 32.460236 | W39: =EXP((-1.012 - 1.126*SIN((D39/11.73)+5.133)) + (0.106 + 0.118*SIN((D39/11.28)+5.142))*I39) -> 0.97433785 | X39: =0.65 * J39 * (N39 / O39) * W39 -> 0.25332784 | Y39: =MIN(2.2, 1.09 + (V39 / 31.5)^2) -> 2.1518966 | Z39: =1 + (Y39 - 1) * (8.64 * EXP(-I39/4) - 1.325) -> 1.2032025 | AA39: =MIN(1.1, 1 - MIN(0.3, 1 / (18.9 - 2.55 * SQRT(V39))) * LN(O39 / 101.3)) -> 1.1 | AB39: =EXP((V39/14.1) + (V39/126)^2 - (V39/23.6)^3 + (V39/25.4)^4 - 2.8) -> 0.69332425 | AC39: =IF(X39=0, "N/A", (AB39 * Z39 * AA39) / X39) -> 3.6223038 | AD39: =IF(AC39>1, "NOT LIQUEFIABLE", "LIQUEFIABLE") -> NOT LIQUEFIABLE | AE39: =IF(AC39<1, 1-AC39, 0) -> 0 | AF39: =IF(D39<=20, 10 - (0.5 * D39), 0) -> 8.5 | AG39: =AE39 * AF39 * E39 -> 0 | AH39: =IF(AG39<=0,"Very Low",IF(AND(AG39>0,AG39<=5),"Low",IF(AND(AG39>5,AG39<=15),"High","Very High"))) -> Very Low
B40: 15.277808 | C40: 120.52147 | D40: =D39+1.5 -> 4.5 | E40: 1.5 | F40: 21 | G40: 28 | H40: 82.77 | I40: 7 | J40: 0.4 | K40: 9.5 | L40: CH | M40: =IF(D40<=K40, 0, (D40-K40)*9.81) -> 0 | N40: =IF(ROW()=2, D40*F40, N39 + (D40-D39)*F40) -> 94.5 | O40: =N40 - M40 -> 94.5 | P40: =MIN(1.7, (101.3 / O40)^0.5) -> 1.0353539 | Q40: =G40 * P40 -> 28.989909 | R40: =EXP(1.63 + (9.7/(H40+0.01)) - ((15.7/(H40+0.01))^2)) -> 5.5356412 | S40: =Q40 + R40 -> 34.52555 | T40: =0.784 - 0.0768 * SQRT(S40) -> 0.33273513 | U40: =MIN(1.7, (101.3 / O40)^T40) -> 1.02339 | V40: =(G40 * U40) + R40 -> 34.190561 | W40: =EXP((-1.012 - 1.126*SIN((D40/11.73)+5.133)) + (0.106 + 0.118*SIN((D40/11.28)+5.142))*I40) -> 0.95382539 | X40: =0.65 * J40 * (N40 / O40) * W40 -> 0.2479946 | Y40: =MIN(2.2, 1.09 + (V40 / 31.5)^2) -> 2.2 | Z40: =1 + (Y40 - 1) * (8.64 * EXP(-I40/4) - 1.325) -> 1.2116882 | AA40: =MIN(1.1, 1 - MIN(0.3, 1 / (18.9 - 2.55 * SQRT(V40))) * LN(O40 / 101.3)) -> 1.0174175 | AB40: =EXP((V40/14.1) + (V40/126)^2 - (V40/23.6)^3 + (V40/25.4)^4 - 2.8) -> 0.9425902 | AC40: =IF(X40=0, "N/A", (AB40 * Z40 * AA40) / X40) -> 4.6856603 | AD40: =IF(AC40>1, "NOT LIQUEFIABLE", "LIQUEFIABLE") -> NOT LIQUEFIABLE | AE40: =IF(AC40<1, 1-AC40, 0) -> 0 | AF40: =IF(D40<=20, 10 - (0.5 * D40), 0) -> 7.75 | AG40: =AE40 * AF40 * E40 -> 0 | AH40: =IF(AG40<=0,"Very Low",IF(AND(AG40>0,AG40<=5),"Low",IF(AND(AG40>5,AG40<=15),"High","Very High"))) -> Very Low
B41: 15.277808 | C41: 120.52147 | D41: =D40+1.5 -> 6 | E41: 1.5 | F41: 21 | G41: 34 | H41: 82.04 | I41: 7 | J41: 0.4 | K41: 9.5 | L41: CH | M41: =IF(D41<=K41, 0, (D41-K41)*9.81) -> 0 | N41: =IF(ROW()=2, D41*F41, N40 + (D41-D40)*F41) -> 126 | O41: =N41 - M41 -> 126 | P41: =MIN(1.7, (101.3 / O41)^0.5) -> 0.89664277 | Q41: =G41 * P41 -> 30.485854 | R41: =EXP(1.63 + (9.7/(H41+0.01)) - ((15.7/(H41+0.01))^2)) -> 5.5378538 | S41: =Q41 + R41 -> 36.023708 | T41: =0.784 - 0.0768 * SQRT(S41) -> 0.32304829 | U41: =MIN(1.7, (101.3 / O41)^T41) -> 0.93193922 | V41: =(G41 * U41) + R41 -> 37.223787 | W41: =EXP((-1.012 - 1.126*SIN((D41/11.73)+5.133)) + (0.106 + 0.118*SIN((D41/11.28)+5.142))*I41) -> 0.93104429 | X41: =0.65 * J41 * (N41 / O41) * W41 -> 0.24207152 | Y41: =MIN(2.2, 1.09 + (V41 / 31.5)^2) -> 2.2 | Z41: =1 + (Y41 - 1) * (8.64 * EXP(-I41/4) - 1.325) -> 1.2116882 | AA41: =MIN(1.1, 1 - MIN(0.3, 1 / (18.9 - 2.55 * SQRT(V41))) * LN(O41 / 101.3)) -> 0.93471342 | AB41: =EXP((V41/14.1) + (V41/126)^2 - (V41/23.6)^3 + (V41/25.4)^4 - 2.8) -> 1.8513382 | AC41: =IF(X41=0, "N/A", (AB41 * Z41 * AA41) / X41) -> 8.6618658 | AD41: =IF(AC41>1, "NOT LIQUEFIABLE", "LIQUEFIABLE") -> NOT LIQUEFIABLE | AE41: =IF(AC41<1, 1-AC41, 0) -> 0 | AF41: =IF(D41<=20, 10 - (0.5 * D41), 0) -> 7 | AG41: =AE41 * AF41 * E41 -> 0 | AH41: =IF(AG41<=0,"Very Low",IF(AND(AG41>0,AG41<=5),"Low",IF(AND(AG41>5,AG41<=15),"High","Very High"))) -> Very Low
B42: 15.277808 | C42: 120.52147 | D42: =D41+1.5 -> 7.5 | E42: 1.5 | F42: 21 | G42: 42 | H42: 81.27 | I42: 7 | J42: 0.4 | K42: 9.5 | L42: CH | M42: =IF(D42<=K42, 0, (D42-K42)*9.81) -> 0 | N42: =IF(ROW()=2, D42*F42, N41 + (D42-D41)*F42) -> 157.5 | O42: =N42 - M42 -> 157.5 | P42: =MIN(1.7, (101.3 / O42)^0.5) -> 0.80198167 | Q42: =G42 * P42 -> 33.68323 | R42: =EXP(1.63 + (9.7/(H42+0.01)) - ((15.7/(H42+0.01))^2)) -> 5.5401966 | S42: =Q42 + R42 -> 39.223427 | T42: =0.784 - 0.0768 * SQRT(S42) -> 0.30301228 | U42: =MIN(1.7, (101.3 / O42)^T42) -> 0.87482523 | V42: =(G42 * U42) + R42 -> 42.282856 | W42: =EXP((-1.012 - 1.126*SIN((D42/11.73)+5.133)) + (0.106 + 0.118*SIN((D42/11.28)+5.142))*I42) -> 0.90643373 | X42: =0.65 * J42 * (N42 / O42) * W42 -> 0.23567277 | Y42: =MIN(2.2, 1.09 + (V42 / 31.5)^2) -> 2.2 | Z42: =1 + (Y42 - 1) * (8.64 * EXP(-I42/4) - 1.325) -> 1.2116882 | AA42: =MIN(1.1, 1 - MIN(0.3, 1 / (18.9 - 2.55 * SQRT(V42))) * LN(O42 / 101.3)) -> 0.86759829 | AB42: =EXP((V42/14.1) + (V42/126)^2 - (V42/23.6)^3 + (V42/25.4)^4 - 2.8) -> 9.3889234 | AC42: =IF(X42=0, "N/A", (AB42 * Z42 * AA42) / X42) -> 41.880896 | AD42: =IF(AC42>1, "NOT LIQUEFIABLE", "LIQUEFIABLE") -> NOT LIQUEFIABLE | AE42: =IF(AC42<1, 1-AC42, 0) -> 0 | AF42: =IF(D42<=20, 10 - (0.5 * D42), 0) -> 6.25 | AG42: =AE42 * AF42 * E42 -> 0 | AH42: =IF(AG42<=0,"Very Low",IF(AND(AG42>0,AG42<=5),"Low",IF(AND(AG42>5,AG42<=15),"High","Very High"))) -> Very Low
B43: 15.277808 | C43: 120.52147 | D43: =D42+1.5 -> 9 | E43: 1.5 | F43: 21 | G43: 51 | H43: 81.22 | I43: 7 | J43: 0.4 | K43: 9.5 | L43: CH | M43: =IF(D43<=K43, 0, (D43-K43)*9.81) -> 0 | N43: =IF(ROW()=2, D43*F43, N42 + (D43-D42)*F43) -> 189 | O43: =N43 - M43 -> 189 | P43: =MIN(1.7, (101.3 / O43)^0.5) -> 0.73210575 | Q43: =G43 * P43 -> 37.337393 | R43: =EXP(1.63 + (9.7/(H43+0.01)) - ((15.7/(H43+0.01))^2)) -> 5.540349 | S43: =Q43 + R43 -> 42.877742 | T43: =0.784 - 0.0768 * SQRT(S43) -> 0.28110516 | U43: =MIN(1.7, (101.3 / O43)^T43) -> 0.83919329 | V43: =(G43 * U43) + R43 -> 48.339207 | W43: =EXP((-1.012 - 1.126*SIN((D43/11.73)+5.133)) + (0.106 + 0.118*SIN((D43/11.28)+5.142))*I43) -> 0.88044424 | X43: =0.65 * J43 * (N43 / O43) * W43 -> 0.2289155 | Y43: =MIN(2.2, 1.09 + (V43 / 31.5)^2) -> 2.2 | Z43: =1 + (Y43 - 1) * (8.64 * EXP(-I43/4) - 1.325) -> 1.2116882 | AA43: =MIN(1.1, 1 - MIN(0.3, 1 / (18.9 - 2.55 * SQRT(V43))) * LN(O43 / 101.3)) -> 0.81290182 | AB43: =EXP((V43/14.1) + (V43/126)^2 - (V43/23.6)^3 + (V43/25.4)^4 - 2.8) -> 200.33908 | AC43: =IF(X43=0, "N/A", (AB43 * Z43 * AA43) / X43) -> 862.02421 | AD43: =IF(AC43>1, "NOT LIQUEFIABLE", "LIQUEFIABLE") -> NOT LIQUEFIABLE | AE43: =IF(AC43<1, 1-AC43, 0) -> 0 | AF43: =IF(D43<=20, 10 - (0.5 * D43), 0) -> 5.5 | AG43: =AE43 * AF43 * E43 -> 0 | AH43: =IF(AG43<=0,"Very Low",IF(AND(AG43>0,AG43<=5),"Low",IF(AND(AG43>5,AG43<=15),"High","Very High"))) -> Very Low
B44: 15.277808 | C44: 120.52147 | D44: =D43+1.5 -> 10.5 | E44: 1.5 | F44: 21 | G44: 64 | H44: 81.66 | I44: 7 | J44: 0.4 | K44: 9.5 | L44: CH | M44: =IF(D44<=K44, 0, (D44-K44)*9.81) -> 9.81 | N44: =IF(ROW()=2, D44*F44, N43 + (D44-D43)*F44) -> 220.5 | O44: =N44 - M44 -> 210.69 | P44: =MIN(1.7, (101.3 / O44)^0.5) -> 0.69339828 | Q44: =G44 * P44 -> 44.37749 | R44: =EXP(1.63 + (9.7/(H44+0.01)) - ((15.7/(H44+0.01))^2)) -> 5.5390089 | S44: =Q44 + R44 -> 49.916499 | T44: =0.784 - 0.0768 * SQRT(S44) -> 0.24139564 | U44: =MIN(1.7, (101.3 / O44)^T44) -> 0.83796883 | V44: =(G44 * U44) + R44 -> 59.169014 | W44: =EXP((-1.012 - 1.126*SIN((D44/11.73)+5.133)) + (0.106 + 0.118*SIN((D44/11.28)+5.142))*I44) -> 0.8535246 | X44: =0.65 * J44 * (N44 / O44) * W44 -> 0.23224911 | Y44: =MIN(2.2, 1.09 + (V44 / 31.5)^2) -> 2.2 | Z44: =1 + (Y44 - 1) * (8.64 * EXP(-I44/4) - 1.325) -> 1.2116882 | AA44: =MIN(1.1, 1 - MIN(0.3, 1 / (18.9 - 2.55 * SQRT(V44))) * LN(O44 / 101.3)) -> 1.1 | AB44: =EXP((V44/14.1) + (V44/126)^2 - (V44/23.6)^3 + (V44/25.4)^4 - 2.8) -> 4431876.7 | AC44: =IF(X44=0, "N/A", (AB44 * Z44 * AA44) / X44) -> 25434147 | AD44: =IF(AC44>1, "NOT LIQUEFIABLE", "LIQUEFIABLE") -> NOT LIQUEFIABLE | AE44: =IF(AC44<1, 1-AC44, 0) -> 0 | AF44: =IF(D44<=20, 10 - (0.5 * D44), 0) -> 4.75 | AG44: =AE44 * AF44 * E44 -> 0 | AH44: =IF(AG44<=0,"Very Low",IF(AND(AG44>0,AG44<=5),"Low",IF(AND(AG44>5,AG44<=15),"High","Very High"))) -> Very Low
B45: 15.277808 | C45: 120.52147 | D45: =D44+1.5 -> 12 | E45: 1.5 | F45: 21 | G45: 75 | H45: 82.66 | I45: 7 | J45: 0.4 | K45: 9.5 | L45: CH | M45: =IF(D45<=K45, 0, (D45-K45)*9.81) -> 24.525 | N45: =IF(ROW()=2, D45*F45, N44 + (D45-D44)*F45) -> 252 | O45: =N45 - M45 -> 227.475 | P45: =MIN(1.7, (101.3 / O45)^0.5) -> 0.66732575 | Q45: =G45 * P45 -> 50.049432 | R45: =EXP(1.63 + (9.7/(H45+0.01)) - ((15.7/(H45+0.01))^2)) -> 5.535974 | S45: =Q45 + R45 -> 55.585406 | T45: =0.784 - 0.0768 * SQRT(S45) -> 0.21141283 | U45: =MIN(1.7, (101.3 / O45)^T45) -> 0.84280198 | V45: =(G45 * U45) + R45 -> 68.746123 | W45: =EXP((-1.012 - 1.126*SIN((D45/11.73)+5.133)) + (0.106 + 0.118*SIN((D45/11.28)+5.142))*I45) -> 0.82611022 | X45: =0.65 * J45 * (N45 / O45) * W45 -> 0.23794589 | Y45: =MIN(2.2, 1.09 + (V45 / 31.5)^2) -> 2.2 | Z45: =1 + (Y45 - 1) * (8.64 * EXP(-I45/4) - 1.325) -> 1.2116882 | AA45: =MIN(1.1, 1 - MIN(0.3, 1 / (18.9 - 2.55 * SQRT(V45))) * LN(O45 / 101.3)) -> 1.1 | AB45: =EXP((V45/14.1) + (V45/126)^2 - (V45/23.6)^3 + (V45/25.4)^4 - 2.8) -> 3.9862845e+13 | AC45: =IF(X45=0, "N/A", (AB45 * Z45 * AA45) / X45) -> 2.2329225e+14 | AD45: =IF(AC45>1, "NOT LIQUEFIABLE", "LIQUEFIABLE") -> NOT LIQUEFIABLE | AE45: =IF(AC45<1, 1-AC45, 0) -> 0 | AF45: =IF(D45<=20, 10 - (0.5 * D45), 0) -> 4 | AG45: =AE45 * AF45 * E45 -> 0 | AH45: =IF(AG45<=0,"Very Low",IF(AND(AG45>0,AG45<=5),"Low",IF(AND(AG45>5,AG45<=15),"High","Very High"))) -> Very Low
B46: 15.277808 | C46: 120.52147 | D46: =D45+1.5 -> 13.5 | E46: 1.5 | F46: 21 | G46: 82 | H46: 80.9 | I46: 7 | J46: 0.4 | K46: 9.5 | L46: CH | M46: =IF(D46<=K46, 0, (D46-K46)*9.81) -> 39.24 | N46: =IF(ROW()=2, D46*F46, N45 + (D46-D45)*F46) -> 283.5 | O46: =N46 - M46 -> 244.26 | P46: =MIN(1.7, (101.3 / O46)^0.5) -> 0.64398914 | Q46: =G46 * P46 -> 52.80711 | R46: =EXP(1.63 + (9.7/(H46+0.01)) - ((15.7/(H46+0.01))^2)) -> 5.5413253 | S46: =Q46 + R46 -> 58.348435 | T46: =0.784 - 0.0768 * SQRT(S46) -> 0.19735439 | U46: =MIN(1.7, (101.3 / O46)^T46) -> 0.84054832 | V46: =(G46 * U46) + R46 -> 74.466288 | W46: =EXP((-1.012 - 1.126*SIN((D46/11.73)+5.133)) + (0.106 + 0.118*SIN((D46/11.28)+5.142))*I46) -> 0.79861349 | X46: =0.65 * J46 * (N46 / O46) * W46 -> 0.24099648 | Y46: =MIN(2.2, 1.09 + (V46 / 31.5)^2) -> 2.2 | Z46: =1 + (Y46 - 1) * (8.64 * EXP(-I46/4) - 1.325) -> 1.2116882 | AA46: =MIN(1.1, 1 - MIN(0.3, 1 / (18.9 - 2.55 * SQRT(V46))) * LN(O46 / 101.3)) -> 1.1 | AB46: =EXP((V46/14.1) + (V46/126)^2 - (V46/23.6)^3 + (V46/25.4)^4 - 2.8) -> 4.674513e+19 | AC46: =IF(X46=0, "N/A", (AB46 * Z46 * AA46) / X46) -> 2.5852899e+20 | AD46: =IF(AC46>1, "NOT LIQUEFIABLE", "LIQUEFIABLE") -> NOT LIQUEFIABLE | AE46: =IF(AC46<1, 1-AC46, 0) -> 0 | AF46: =IF(D46<=20, 10 - (0.5 * D46), 0) -> 3.25 | AG46: =AE46 * AF46 * E46 -> 0 | AH46: =IF(AG46<=0,"Very Low",IF(AND(AG46>0,AG46<=5),"Low",IF(AND(AG46>5,AG46<=15),"High","Very High"))) -> Very Low
B47: 15.277808 | C47: 120.52147 | D47: =D46+1.5 -> 15 | E47: 1.5 | F47: 21 | G47: 90 | H47: 83.03 | I47: 7 | J47: 0.4 | K47: 9.5 | L47: CH | M47: =IF(D47<=K47, 0, (D47-K47)*9.81) -> 53.955 | N47: =IF(ROW()=2, D47*F47, N46 + (D47-D46)*F47) -> 315 | O47: =N47 - M47 -> 261.045 | P47: =MIN(1.7, (101.3 / O47)^0.5) -> 0.62294117 | Q47: =G47 * P47 -> 56.064705 | R47: =EXP(1.63 + (9.7/(H47+0.01)) - ((15.7/(H47+0.01))^2)) -> 5.5348552 | S47: =Q47 + R47 -> 61.59956 | T47: =0.784 - 0.0768 * SQRT(S47) -> 0.18123222 | U47: =MIN(1.7, (101.3 / O47)^T47) -> 0.84235345 | V47: =(G47 * U47) + R47 -> 81.346665 | W47: =EXP((-1.012 - 1.126*SIN((D47/11.73)+5.133)) + (0.106 + 0.118*SIN((D47/11.28)+5.142))*I47) -> 0.7714163 | X47: =0.65 * J47 * (N47 / O47) * W47 -> 0.24202339 | Y47: =MIN(2.2, 1.09 + (V47 / 31.5)^2) -> 2.2 | Z47: =1 + (Y47 - 1) * (8.64 * EXP(-I47/4) - 1.325) -> 1.2116882 | AA47: =MIN(1.1, 1 - MIN(0.3, 1 / (18.9 - 2.55 * SQRT(V47))) * LN(O47 / 101.3)) -> 1.1 | AB47: =EXP((V47/14.1) + (V47/126)^2 - (V47/23.6)^3 + (V47/25.4)^4 - 2.8) -> 2.3640589e+29 | AC47: =IF(X47=0, "N/A", (AB47 * Z47 * AA47) / X47) -> 1.3019207e+30 | AD47: =IF(AC47>1, "NOT LIQUEFIABLE", "LIQUEFIABLE") -> NOT LIQUEFIABLE | AE47: =IF(AC47<1, 1-AC47, 0) -> 0 | AF47: =IF(D47<=20, 10 - (0.5 * D47), 0) -> 2.5 | AG47: =AE47 * AF47 * E47 -> 0 | AH47: =IF(AG47<=0,"Very Low",IF(AND(AG47>0,AG47<=5),"Low",IF(AND(AG47>5,AG47<=15),"High","Very High"))) -> Very Low
AF48: TOTAL | AG48: =SUM(AG38:AG47) -> 0 | AH48: =IF(AG48<=0,"Very Low",IF(AND(AG48>0,AG48<=5),"Low",IF(AND(AG48>5,AG48<=15),"High","Very High"))) -> Very Low
A49: No. of Boreholes | B49: Latitude | C49: Longitude | E49: Layer Thickness (z2) | F49: Total Unit Weight (y) | G49: N60 | H49: Fines Content (FC) | I49: Magnitude | J49: Peak Ground Acceleration (PGA) | K49: Gound Water Level (GWL) | L49: Soil Type | M49: Pore Pressure (u) | O49: Effective Stress | P49: Cn | Q49: N164 | R49: N160_6 | S49: N160cs | T49: m | U49: Cn_final | V49: N160cs_final | W49: rd | X49: CSR | Y49: MSFmax | Z49: MSF | AA49: Ko | AB49: CRR7.9 | AC49: FS | AD49: Remarks | AE49: Severity (Fi) | AF49: Weighting Factor | AG49: LPI | AH49: Remarks | AI49: Footing Width, B | AJ49: Depth of Footing, Df | AK49: Tolerable Settlement | AL49: Depth Factor, Fd | AM49: N | AN49: N_Design | AO49: Nc | AP49: SBC (qa) | AQ49: SBC (qa) NEW
A50: 5 | B50: 15.278626 | C50: 120.52196 | D50: 1.5 | E50: 1.5 | F50: 21 | G50: 19 | H50: 85.36 | I50: 7 | J50: 0.4 | K50: 2 | L50: CH | M50: =IF(D50<=K50, 0, (D50-K50)*9.81) -> 0 | N50: =IF(ROW()=2, D50*F50, N49 + (D50-D49)*F50) -> 31.5 | O50: =N50 - M50 -> 31.5 | P50: =MIN(1.7, (101.3 / O50)^0.5) -> 1.7 | Q50: =G50 * P50 -> 32.3 | R50: =EXP(1.63 + (9.7/(H50+0.01)) - ((15.7/(H50+0.01))^2)) -> 5.5278662 | S50: =Q50 + R50 -> 37.827866 | T50: =0.784 - 0.0768 * SQRT(S50) -> 0.3116465 | U50: =MIN(1.7, (101.3 / O50)^T50) -> 1.439123 | V50: =(G50 * U50) + R50 -> 32.871204 | W50: =EXP((-1.012 - 1.126*SIN((D50/11.73)+5.133)) + (0.106 + 0.118*SIN((D50/11.28)+5.142))*I50) -> 0.99216797 | X50: =0.65 * J50 * (N50 / O50) * W50 -> 0.25796367 | Y50: =MIN(2.2, 1.09 + (V50 / 31.5)^2) -> 2.1789554 | Z50: =1 + (Y50 - 1) * (8.64 * EXP(-I50/4) - 1.325) -> 1.2079758 | AA50: =MIN(1.1, 1 - MIN(0.3, 1 / (18.9 - 2.55 * SQRT(V50))) * LN(O50 / 101.3)) -> 1.1 | AB50: =EXP((V50/14.1) + (V50/126)^2 - (V50/23.6)^3 + (V50/25.4)^4 - 2.8) -> 0.74241866 | AC50: =IF(X50=0, "N/A", (AB50 * Z50 * AA50) / X50) -> 3.8242058 | AD50: =IF(AC50>1, "NOT LIQUEFIABLE", "LIQUEFIABLE") -> NOT LIQUEFIABLE | AE50: =IF(AC50<1, 1-AC50, 0) -> 0 | AF50: =IF(D50<=20, 10 - (0.5 * D50), 0) -> 9.25 | AG50: =AE50 * AF50 * E50 -> 0 | AH50: =IF(AG50<=0,"Very Low",IF(AND(AG50>0,AG50<=5),"Low",IF(AND(AG50>5,AG50<=15),"High","Very High"))) -> Very Low | AI50: 3 | AJ50: 1.5 | AK50: 25 | AL50: =MIN(1 + 0.33 * (AJ50 / AI50), 1.33) -> 1.165 | AM50: =AVERAGEIFS(G50:G56, D50:D56, ">" & AJ50, D50:D56, "<" & (AJ50 + AI50 + 1.5)) -> 20.5 | AN50: {=_xlfn.LET( _xlpm.Df, AJ50, _xlpm.B, AI50, _xlpm.LayerBottoms, D50:D56, _xlpm.LayerTops, D50:D56 - E50:E56, _xlpm.N_values, G50:G56, _xlpm.FilteredN, _xlfn._xlws.FILTER(_xlpm.N_values, (_xlpm.LayerBottoms > _xlpm.Df) * (_xlpm.LayerTops < (_xlpm.Df + 2*_xlpm.B))), _xlpm.i, _xlfn.SEQUENCE(ROWS(_xlpm.FilteredN)), SUM(_xlpm.FilteredN / _xlpm.i^2) / SUM(1 / _xlpm.i^2) )} -> 20.078049 | AO50: =MIN(6 * (1 + 0.2 * (AJ50 / AI50)), 9) -> 6.6 | AP50: =IF(AI50<=1.2,12*AM50*AL50*(AK50/25.4),8*AM50*((3.28*AI50+1)/(3.28*AI50))^2*AL50*(AK50/25.4)) -> 228.21513 | AQ50: {=_xlfn.LET( _xlpm.Df, AJ50, _xlpm.B, AI50, _xlpm.Settlement, AK50, _xlpm.NMeyerhof, AM50, _xlpm.NDesign, AN50, _xlpm.Nc, AO50, _xlpm.Fd, AL50, _xlpm.LayerBottoms, D50:D56, _xlpm.LayerThickness, E50:E56, _xlpm.USCS, L50:L56, _xlpm.LayerTops, _xlpm.LayerBottoms - _xlpm.LayerThickness, _xlpm.Overlap, (_xlpm.LayerBottoms > _xlpm.Df) * (_xlpm.LayerTops < (_xlpm.Df + 2*_xlpm.B)), _xlpm.FilteredUSCS, _xlfn._xlws.FILTER(_xlpm.USCS, _xlpm.Overlap, "None"), _xlpm.TotalLayers, ROWS(_xlpm.FilteredUSCS), _xlpm.CohesiveCount, SUM(--(ISNUMBER(MATCH(_xlpm.FilteredUSCS, {"CH","MH","CL","ML","OH","OL"}, 0)))), _xlpm.CohesionlessCount, SUM(--(ISNUMBER(MATCH(_xlpm.FilteredUSCS, {"GW","GP","GM","GC","SW","SP","SM","SC"}, 0)))), _xlpm.ZoneType, IF(INDEX(_xlpm.FilteredUSCS,1)="None", "No Soil", IF(_xlpm.CohesiveCount = _xlpm.TotalLayers, "Cohesive", IF(_xlpm.CohesionlessCount = _xlpm.TotalLayers, "Cohesionless", "Mixed"))), IF(_xlpm.ZoneType = "Cohesive", 2 * _xlpm.NDesign * _xlpm.Nc, IF(_xlpm.ZoneType = "Cohesionless", IF(_xlpm.B <= 1.2, 12 * _xlpm.NMeyerhof * _xlpm.Fd * (_xlpm.Settlement / 25.4), 8 * _xlpm.NMeyerhof * ((3.28 * _xlpm.B + 1) / (3.28 * _xlpm.B))^2 * _xlpm.Fd * (_xlpm.Settlement / 25.4) ), "Mixed Zone - Needs Manual Analysis" ) ) )} -> 265.03024 | AR50: {=_xlfn.LET( _xlpm.Df, AJ50, _xlpm.B, AI50, _xlpm.Settlement, AK50, _xlpm.NMeyerhof, AM50, _xlpm.NDesign, AN50, _xlpm.Nc, AO50, _xlpm.Fd, AL50, _xlpm.LayerBottoms, D50:D56, _xlpm.LayerThickness, E50:E56, _xlpm.USCS, L50:L56, _xlpm.LayerTops, _xlpm.LayerBottoms - _xlpm.LayerThickness, _xlpm.Overlap, (_xlpm.LayerBottoms > _xlpm.Df) * (_xlpm.LayerTops < (_xlpm.Df + 2*_xlpm.B)), _xlpm.FilteredUSCS, _xlfn._xlws.FILTER(_xlpm.USCS, _xlpm.Overlap, "None"), _xlpm.TotalLayers, ROWS(_xlpm.FilteredUSCS), _xlpm.CohesiveCount, SUM(--(ISNUMBER(MATCH(_xlpm.FilteredUSCS, {"CH","MH","CL","ML","OH","OL"}, 0)))), _xlpm.CohesionlessCount, SUM(--(ISNUMBER(MATCH(_xlpm.FilteredUSCS, {"GW","GP","GM","GC","SW","SP","SM","SC"}, 0)))), _xlpm.ZoneType, IF(INDEX(_xlpm.FilteredUSCS,1)="None", "No Soil", IF(_xlpm.CohesiveCount = _xlpm.TotalLayers, "Cohesive", IF(_xlpm.CohesionlessCount = _xlpm.TotalLayers, "Cohesionless", "Mixed"))), _xlpm.Qa_Cohesive, 2 * _xlpm.NDesign * _xlpm.Nc, _xlpm.Qa_Cohesionless, IF(_xlpm.B <= 1.2, 12 * _xlpm.NMeyerhof * _xlpm.Fd * (_xlpm.Settlement / 25.4), 8 * _xlpm.NMeyerhof * ((3.28 * _xlpm.B + 1) / (3.28 * _xlpm.B))^2 * _xlpm.Fd * (_xlpm.Settlement / 25.4)), IF(_xlpm.ZoneType = "Cohesive", _xlpm.Qa_Cohesive, IF(_xlpm.ZoneType = "Cohesionless", _xlpm.Qa_Cohesionless, IF(_xlpm.ZoneType = "Mixed", MIN(_xlpm.Qa_Cohesive, _xlpm.Qa_Cohesionless), "Invalid Data" ) ) ) )} -> 265.03024 | AS50: {=_xlfn.LET( _xlpm.Df, AJ50, _xlpm.B, AI50, _xlpm.Settlement, AK50, _xlpm.NMeyerhof, AM50, _xlpm.NDesign, AN50, _xlpm.Nc, AO50, _xlpm.Fd, AL50, _xlpm.LayerBottoms, D50:D56, _xlpm.LayerThickness, E50:E56, _xlpm.Material, L50:L56, _xlpm.LayerTops, _xlpm.LayerBottoms - _xlpm.LayerThickness, _xlpm.Overlap, (_xlpm.LayerBottoms > _xlpm.Df) * (_xlpm.LayerTops < (_xlpm.Df + 2*_xlpm.B)), _xlpm.FilteredMat, _xlfn._xlws.FILTER(_xlpm.Material, _xlpm.Overlap, "None"), _xlpm.TotalLayers, ROWS(_xlpm.FilteredMat), _xlpm.RockCount, SUM(--(ISNUMBER(MATCH(_xlpm.FilteredMat, {"Sandstone","Basalt","Cobblestone","Cobble Stone","Coring","Tuff"}, 0)))), _xlpm.CohesiveCount, SUM(--(ISNUMBER(MATCH(_xlpm.FilteredMat, {"CH","MH","CL","ML","OH","OL","Silty Tuff"}, 0)))), _xlpm.CohesionlessCount, SUM(--(ISNUMBER(MATCH(_xlpm.FilteredMat, {"GW","GP","GM","GC","SW","SP","SM","SC","Gravel"}, 0)))), _xlpm.ZoneType, IF(INDEX(_xlpm.FilteredMat,1)="None", "No Soil", IF(_xlpm.RockCount > 0, "Rock", IF(_xlpm.CohesiveCount = _xlpm.TotalLayers, "Cohesive", IF(_xlpm.CohesionlessCount = _xlpm.TotalLayers, "Cohesionless", "Mixed" ) ) ) ), _xlpm.Qa_Cohesive, 2 * _xlpm.NDesign * _xlpm.Nc, _xlpm.Qa_Cohesionless, IF(_xlpm.B <= 1.2, 12 * _xlpm.NMeyerhof * _xlpm.Fd * (_xlpm.Settlement / 25.4), 8 * _xlpm.NMeyerhof * ((3.28 * _xlpm.B + 1) / (3.28 * _xlpm.B))^2 * _xlpm.Fd * (_xlpm.Settlement / 25.4)), IF(_xlpm.ZoneType = "Rock", "N/A - Rock/Cobble Detected (Use Rock Mechanics)", IF(_xlpm.ZoneType = "Cohesive", _xlpm.Qa_Cohesive, IF(_xlpm.ZoneType = "Cohesionless", _xlpm.Qa_Cohesionless, IF(_xlpm.ZoneType = "Mixed", MIN(_xlpm.Qa_Cohesive, _xlpm.Qa_Cohesionless), "Invalid Data" ) ) ) ) )} -> 265.03024
B51: 15.278626 | C51: 120.52196 | D51: =D50+1.5 -> 3 | E51: 1.5 | F51: 21 | G51: 19 | H51: 85.36 | I51: 7 | J51: 0.4 | K51: 2 | L51: CH | M51: =IF(D51<=K51, 0, (D51-K51)*9.81) -> 9.81 | N51: =IF(ROW()=2, D51*F51, N50 + (D51-D50)*F51) -> 63 | O51: =N51 - M51 -> 53.19 | P51: =MIN(1.7, (101.3 / O51)^0.5) -> 1.3800338 | Q51: =G51 * P51 -> 26.220642 | R51: =EXP(1.63 + (9.7/(H51+0.01)) - ((15.7/(H51+0.01))^2)) -> 5.5278662 | S51: =Q51 + R51 -> 31.748509 | T51: =0.784 - 0.0768 * SQRT(S51) -> 0.35126414 | U51: =MIN(1.7, (101.3 / O51)^T51) -> 1.2539392 | V51: =(G51 * U51) + R51 -> 29.352712 | W51: =EXP((-1.012 - 1.126*SIN((D51/11.73)+5.133)) + (0.106 + 0.118*SIN((D51/11.28)+5.142))*I51) -> 0.97433785 | X51: =0.65 * J51 * (N51 / O51) * W51 -> 0.3000499 | Y51: =MIN(2.2, 1.09 + (V51 / 31.5)^2) -> 1.9583111 | Z51: =1 + (Y51 - 1) * (8.64 * EXP(-I51/4) - 1.325) -> 1.1690527 | AA51: =MIN(1.1, 1 - MIN(0.3, 1 / (18.9 - 2.55 * SQRT(V51))) * LN(O51 / 101.3)) -> 1.1 | AB51: =EXP((V51/14.1) + (V51/126)^2 - (V51/23.6)^3 + (V51/25.4)^4 - 2.8) -> 0.44728655 | AC51: =IF(X51=0, "N/A", (AB51 * Z51 * AA51) / X51) -> 1.9169868 | AD51: =IF(AC51>1, "NOT LIQUEFIABLE", "LIQUEFIABLE") -> NOT LIQUEFIABLE | AE51: =IF(AC51<1, 1-AC51, 0) -> 0 | AF51: =IF(D51<=20, 10 - (0.5 * D51), 0) -> 8.5 | AG51: =AE51 * AF51 * E51 -> 0 | AH51: =IF(AG51<=0,"Very Low",IF(AND(AG51>0,AG51<=5),"Low",IF(AND(AG51>5,AG51<=15),"High","Very High"))) -> Very Low
B52: 15.278626 | C52: 120.52196 | D52: =D51+1.5 -> 4.5 | E52: 1.5 | F52: 21 | G52: 22 | H52: 86.62 | I52: 7 | J52: 0.4 | K52: 2 | L52: CH | M52: =IF(D52<=K52, 0, (D52-K52)*9.81) -> 24.525 | N52: =IF(ROW()=2, D52*F52, N51 + (D52-D51)*F52) -> 94.5 | O52: =N52 - M52 -> 69.975 | P52: =MIN(1.7, (101.3 / O52)^0.5) -> 1.2031874 | Q52: =G52 * P52 -> 26.470122 | R52: =EXP(1.63 + (9.7/(H52+0.01)) - ((15.7/(H52+0.01))^2)) -> 5.524131 | S52: =Q52 + R52 -> 31.994253 | T52: =0.784 - 0.0768 * SQRT(S52) -> 0.3495926 | U52: =MIN(1.7, (101.3 / O52)^T52) -> 1.138067 | V52: =(G52 * U52) + R52 -> 30.561605 | W52: =EXP((-1.012 - 1.126*SIN((D52/11.73)+5.133)) + (0.106 + 0.118*SIN((D52/11.28)+5.142))*I52) -> 0.95382539 | X52: =0.65 * J52 * (N52 / O52) * W52 -> 0.33491232 | Y52: =MIN(2.2, 1.09 + (V52 / 31.5)^2) -> 2.0313068 | Z52: =1 + (Y52 - 1) * (8.64 * EXP(-I52/4) - 1.325) -> 1.1819296 | AA52: =MIN(1.1, 1 - MIN(0.3, 1 / (18.9 - 2.55 * SQRT(V52))) * LN(O52 / 101.3)) -> 1.0770253 | AB52: =EXP((V52/14.1) + (V52/126)^2 - (V52/23.6)^3 + (V52/25.4)^4 - 2.8) -> 0.52233529 | AC52: =IF(X52=0, "N/A", (AB52 * Z52 * AA52) / X52) -> 1.9853439 | AD52: =IF(AC52>1, "NOT LIQUEFIABLE", "LIQUEFIABLE") -> NOT LIQUEFIABLE | AE52: =IF(AC52<1, 1-AC52, 0) -> 0 | AF52: =IF(D52<=20, 10 - (0.5 * D52), 0) -> 7.75 | AG52: =AE52 * AF52 * E52 -> 0 | AH52: =IF(AG52<=0,"Very Low",IF(AND(AG52>0,AG52<=5),"Low",IF(AND(AG52>5,AG52<=15),"High","Very High"))) -> Very Low
B53: 15.278626 | C53: 120.52196 | D53: =D52+1.5 -> 6 | E53: 1.5 | F53: 21 | G53: 21 | H53: 83.14 | I53: 7 | J53: 0.4 | K53: 2 | L53: CH | M53: =IF(D53<=K53, 0, (D53-K53)*9.81) -> 39.24 | N53: =IF(ROW()=2, D53*F53, N52 + (D53-D52)*F53) -> 126 | O53: =N53 - M53 -> 86.76 | P53: =MIN(1.7, (101.3 / O53)^0.5) -> 1.0805502 | Q53: =G53 * P53 -> 22.691554 | R53: =EXP(1.63 + (9.7/(H53+0.01)) - ((15.7/(H53+0.01))^2)) -> 5.534523 | S53: =Q53 + R53 -> 28.226077 | T53: =0.784 - 0.0768 * SQRT(S53) -> 0.37597527 | U53: =MIN(1.7, (101.3 / O53)^T53) -> 1.0599841 | V53: =(G53 * U53) + R53 -> 27.794189 | W53: =EXP((-1.012 - 1.126*SIN((D53/11.73)+5.133)) + (0.106 + 0.118*SIN((D53/11.28)+5.142))*I53) -> 0.93104429 | X53: =0.65 * J53 * (N53 / O53) * W53 -> 0.35155614 | Y53: =MIN(2.2, 1.09 + (V53 / 31.5)^2) -> 1.8685507 | Z53: =1 + (Y53 - 1) * (8.64 * EXP(-I53/4) - 1.325) -> 1.1532183 | AA53: =MIN(1.1, 1 - MIN(0.3, 1 / (18.9 - 2.55 * SQRT(V53))) * LN(O53 / 101.3)) -> 1.0283964 | AB53: =EXP((V53/14.1) + (V53/126)^2 - (V53/23.6)^3 + (V53/25.4)^4 - 2.8) -> 0.37535919 | AC53: =IF(X53=0, "N/A", (AB53 * Z53 * AA53) / X53) -> 1.2662645 | AD53: =IF(AC53>1, "NOT LIQUEFIABLE", "LIQUEFIABLE") -> NOT LIQUEFIABLE | AE53: =IF(AC53<1, 1-AC53, 0) -> 0 | AF53: =IF(D53<=20, 10 - (0.5 * D53), 0) -> 7 | AG53: =AE53 * AF53 * E53 -> 0 | AH53: =IF(AG53<=0,"Very Low",IF(AND(AG53>0,AG53<=5),"Low",IF(AND(AG53>5,AG53<=15),"High","Very High"))) -> Very Low
B54: 15.278626 | C54: 120.52196 | D54: =D53+1.5 -> 7.5 | E54: 1.5 | F54: 21 | G54: 28 | H54: 67.18 | I54: 7 | J54: 0.4 | K54: 2 | L54: MH | M54: =IF(D54<=K54, 0, (D54-K54)*9.81) -> 53.955 | N54: =IF(ROW()=2, D54*F54, N53 + (D54-D53)*F54) -> 157.5 | O54: =N54 - M54 -> 103.545 | P54: =MIN(1.7, (101.3 / O54)^0.5) -> 0.9890999 | Q54: =G54 * P54 -> 27.694797 | R54: =EXP(1.63 + (9.7/(H54+0.01)) - ((15.7/(H54+0.01))^2)) -> 5.5832277 | S54: =Q54 + R54 -> 33.278025 | T54: =0.784 - 0.0768 * SQRT(S54) -> 0.34096301 | U54: =MIN(1.7, (101.3 / O54)^T54) -> 0.99255399 | V54: =(G54 * U54) + R54 -> 33.374739 | W54: =EXP((-1.012 - 1.126*SIN((D54/11.73)+5.133)) + (0.106 + 0.118*SIN((D54/11.28)+5.142))*I54) -> 0.90643373 | X54: =0.65 * J54 * (N54 / O54) * W54 -> 0.35847662 | Y54: =MIN(2.2, 1.09 + (V54 / 31.5)^2) -> 2.2 | Z54: =1 + (Y54 - 1) * (8.64 * EXP(-I54/4) - 1.325) -> 1.2116882 | AA54: =MIN(1.1, 1 - MIN(0.3, 1 / (18.9 - 2.55 * SQRT(V54))) * LN(O54 / 101.3)) -> 0.99474145 | AB54: =EXP((V54/14.1) + (V54/126)^2 - (V54/23.6)^3 + (V54/25.4)^4 - 2.8) -> 0.81037425 | AC54: =IF(X54=0, "N/A", (AB54 * Z54 * AA54) / X54) -> 2.7247453 | AD54: =IF(AC54>1, "NOT LIQUEFIABLE", "LIQUEFIABLE") -> NOT LIQUEFIABLE | AE54: =IF(AC54<1, 1-AC54, 0) -> 0 | AF54: =IF(D54<=20, 10 - (0.5 * D54), 0) -> 6.25 | AG54: =AE54 * AF54 * E54 -> 0 | AH54: =IF(AG54<=0,"Very Low",IF(AND(AG54>0,AG54<=5),"Low",IF(AND(AG54>5,AG54<=15),"High","Very High"))) -> Very Low
B55: 15.278626 | C55: 120.52196 | D55: =D54+1.5 -> 9 | E55: 1.5 | F55: 21 | G55: 34 | H55: 66.42 | I55: 7 | J55: 0.4 | K55: 2 | L55: MH | M55: =IF(D55<=K55, 0, (D55-K55)*9.81) -> 68.67 | N55: =IF(ROW()=2, D55*F55, N54 + (D55-D54)*F55) -> 189 | O55: =N55 - M55 -> 120.33 | P55: =MIN(1.7, (101.3 / O55)^0.5) -> 0.9175247 | Q55: =G55 * P55 -> 31.19584 | R55: =EXP(1.63 + (9.7/(H55+0.01)) - ((15.7/(H55+0.01))^2)) -> 5.5854346 | S55: =Q55 + R55 -> 36.781274 | T55: =0.784 - 0.0768 * SQRT(S55) -> 0.31822668 | U55: =MIN(1.7, (101.3 / O55)^T55) -> 0.94669035 | V55: =(G55 * U55) + R55 -> 37.772906 | W55: =EXP((-1.012 - 1.126*SIN((D55/11.73)+5.133)) + (0.106 + 0.118*SIN((D55/11.28)+5.142))*I55) -> 0.88044424 | X55: =0.65 * J55 * (N55 / O55) * W55 -> 0.35955315 | Y55: =MIN(2.2, 1.09 + (V55 / 31.5)^2) -> 2.2 | Z55: =1 + (Y55 - 1) * (8.64 * EXP(-I55/4) - 1.325) -> 1.2116882 | AA55: =MIN(1.1, 1 - MIN(0.3, 1 / (18.9 - 2.55 * SQRT(V55))) * LN(O55 / 101.3)) -> 0.94835453 | AB55: =EXP((V55/14.1) + (V55/126)^2 - (V55/23.6)^3 + (V55/25.4)^4 - 2.8) -> 2.1371563 | AC55: =IF(X55=0, "N/A", (AB55 * Z55 * AA55) / X55) -> 6.830222 | AD55: =IF(AC55>1, "NOT LIQUEFIABLE", "LIQUEFIABLE") -> NOT LIQUEFIABLE | AE55: =IF(AC55<1, 1-AC55, 0) -> 0 | AF55: =IF(D55<=20, 10 - (0.5 * D55), 0) -> 5.5 | AG55: =AE55 * AF55 * E55 -> 0 | AH55: =IF(AG55<=0,"Very Low",IF(AND(AG55>0,AG55<=5),"Low",IF(AND(AG55>5,AG55<=15),"High","Very High"))) -> Very Low
B56: 15.278626 | C56: 120.52196 | D56: =D55+1.5 -> 10.5 | E56: 1.5 | F56: 21 | G56: 100 | H56: 62.36 | I56: 7 | J56: 0.4 | K56: 2 | L56: MH | M56: =IF(D56<=K56, 0, (D56-K56)*9.81) -> 83.385 | N56: =IF(ROW()=2, D56*F56, N55 + (D56-D55)*F56) -> 220.5 | O56: =N56 - M56 -> 137.115 | P56: =MIN(1.7, (101.3 / O56)^0.5) -> 0.85953237 | Q56: =G56 * P56 -> 85.953237 | R56: =EXP(1.63 + (9.7/(H56+0.01)) - ((15.7/(H56+0.01))^2)) -> 5.596597 | S56: =Q56 + R56 -> 91.549834 | T56: =0.784 - 0.0768 * SQRT(S56) -> 0.049164716 | U56: =MIN(1.7, (101.3 / O56)^T56) -> 0.98522641 | V56: =(G56 * U56) + R56 -> 104.11924 | W56: =EXP((-1.012 - 1.126*SIN((D56/11.73)+5.133)) + (0.106 + 0.118*SIN((D56/11.28)+5.142))*I56) -> 0.8535246 | X56: =0.65 * J56 * (N56 / O56) * W56 -> 0.35687244 | Y56: =MIN(2.2, 1.09 + (V56 / 31.5)^2) -> 2.2 | Z56: =1 + (Y56 - 1) * (8.64 * EXP(-I56/4) - 1.325) -> 1.2116882 | AA56: =MIN(1.1, 1 - MIN(0.3, 1 / (18.9 - 2.55 * SQRT(V56))) * LN(O56 / 101.3)) -> 1.0425193 | AB56: =EXP((V56/14.1) + (V56/126)^2 - (V56/23.6)^3 + (V56/25.4)^4 - 2.8) -> 4.1372984e+87 | AC56: =IF(X56=0, "N/A", (AB56 * Z56 * AA56) / X56) -> 1.4644645e+88 | AD56: =IF(AC56>1, "NOT LIQUEFIABLE", "LIQUEFIABLE") -> NOT LIQUEFIABLE | AE56: =IF(AC56<1, 1-AC56, 0) -> 0 | AF56: =IF(D56<=20, 10 - (0.5 * D56), 0) -> 4.75 | AG56: =AE56 * AF56 * E56 -> 0 | AH56: =IF(AG56<=0,"Very Low",IF(AND(AG56>0,AG56<=5),"Low",IF(AND(AG56>5,AG56<=15),"High","Very High"))) -> Very Low
AF57: TOTAL | AG57: =SUM(AG50:AG56) -> 0 | AH57: =IF(AG57<=0,"Very Low",IF(AND(AG57>0,AG57<=5),"Low",IF(AND(AG57>5,AG57<=15),"High","Very High"))) -> Very Low
A58: No. of Boreholes | B58: Latitude | C58: Longitude | E58: Layer Thickness (z2) | F58: Total Unit Weight (y) | G58: N60 | H58: Fines Content (FC) | I58: Magnitude | J58: Peak Ground Acceleration (PGA) | K58: Gound Water Level (GWL) | L58: Soil Type | M58: Pore Pressure (u) | O58: Effective Stress | P58: Cn | Q58: N165 | R58: N160_7 | S58: N160cs | T58: m | U58: Cn_final | V58: N160cs_final | W58: rd | X58: CSR | Y58: MSFmax | Z58: MSF | AA58: Ko | AB58: CRR7.10 | AC58: FS | AD58: Remarks | AE58: Severity (Fi) | AF58: Weighting Factor | AG58: LPI | AH58: Remarks | AI58: Footing Width, B | AJ58: Depth of Footing, Df | AK58: Tolerable Settlement | AL58: Depth Factor, Fd | AM58: N | AN58: N_Design | AO58: Nc | AP58: SBC (qa) | AQ58: SBC (qa) NEW
A59: 6 | B59: 15.399005 | C59: 120.71824 | D59: 1.5 | E59: 1.5 | F59: 21 | G59: 24 | H59: 65.64 | I59: 7 | J59: 0.34 | K59: 3 | L59: MH | M59: =IF(D59<=K59, 0, (D59-K59)*9.81) -> 0 | N59: =IF(ROW()=2, D59*F59, N58 + (D59-D58)*F59) -> 31.5 | O59: =N59 - M59 -> 31.5 | P59: =MIN(1.7, (101.3 / O59)^0.5) -> 1.7 | Q59: =G59 * P59 -> 40.8 | R59: =EXP(1.63 + (9.7/(H59+0.01)) - ((15.7/(H59+0.01))^2)) -> 5.5876676 | S59: =Q59 + R59 -> 46.387668 | T59: =0.784 - 0.0768 * SQRT(S59) -> 0.26092678 | U59: =MIN(1.7, (101.3 / O59)^T59) -> 1.3563378 | V59: =(G59 * U59) + R59 -> 38.139775 | W59: =EXP((-1.012 - 1.126*SIN((D59/11.73)+5.133)) + (0.106 + 0.118*SIN((D59/11.28)+5.142))*I59) -> 0.99216797 | X59: =0.65 * J59 * (N59 / O59) * W59 -> 0.21926912 | Y59: =MIN(2.2, 1.09 + (V59 / 31.5)^2) -> 2.2 | Z59: =1 + (Y59 - 1) * (8.64 * EXP(-I59/4) - 1.325) -> 1.2116882 | AA59: =MIN(1.1, 1 - MIN(0.3, 1 / (18.9 - 2.55 * SQRT(V59))) * LN(O59 / 101.3)) -> 1.1 | AB59: =EXP((V59/14.1) + (V59/126)^2 - (V59/23.6)^3 + (V59/25.4)^4 - 2.8) -> 2.361772 | AC59: =IF(X59=0, "N/A", (AB59 * Z59 * AA59) / X59) -> 14.356351 | AD59: =IF(AC59>1, "NOT LIQUEFIABLE", "LIQUEFIABLE") -> NOT LIQUEFIABLE | AE59: =IF(AC59<1, 1-AC59, 0) -> 0 | AF59: =IF(D59<=20, 10 - (0.5 * D59), 0) -> 9.25 | AG59: =AE59 * AF59 * E59 -> 0 | AH59: =IF(AG59<=0,"Very Low",IF(AND(AG59>0,AG59<=5),"Low",IF(AND(AG59>5,AG59<=15),"High","Very High"))) -> Very Low | AI59: 3 | AJ59: 1.5 | AK59: 25 | AL59: =MIN(1 + 0.33 * (AJ59 / AI59), 1.33) -> 1.165 | AM59: =AVERAGEIFS(G59:G65, D59:D65, ">" & AJ59, D59:D65, "<" & (AJ59 + AI59 + 1.5)) -> 28 | AN59: {=_xlfn.LET( _xlpm.Df, AJ59, _xlpm.B, AI59, _xlpm.LayerBottoms, D59:D65, _xlpm.LayerTops, D59:D65 - E59:E65, _xlpm.N_values, G59:G65, _xlpm.FilteredN, _xlfn._xlws.FILTER(_xlpm.N_values, (_xlpm.LayerBottoms > _xlpm.Df) * (_xlpm.LayerTops < (_xlpm.Df + 2*_xlpm.B))), _xlpm.i, _xlfn.SEQUENCE(ROWS(_xlpm.FilteredN)), SUM(_xlpm.FilteredN / _xlpm.i^2) / SUM(1 / _xlpm.i^2) )} -> 27.619512 | AO59: =MIN(6 * (1 + 0.2 * (AJ59 / AI59)), 9) -> 6.6 | AP59: =IF(AI59<=1.2,12*AM59*AL59*(AK59/25.4),8*AM59*((3.28*AI59+1)/(3.28*AI59))^2*AL59*(AK59/25.4)) -> 311.70847 | AQ59: {=_xlfn.LET( _xlpm.Df, AJ59, _xlpm.B, AI59, _xlpm.Settlement, AK59, _xlpm.NMeyerhof, AM59, _xlpm.NDesign, AN59, _xlpm.Nc, AO59, _xlpm.Fd, AL59, _xlpm.LayerBottoms, D59:D65, _xlpm.LayerThickness, E59:E65, _xlpm.USCS, L59:L65, _xlpm.LayerTops, _xlpm.LayerBottoms - _xlpm.LayerThickness, _xlpm.Overlap, (_xlpm.LayerBottoms > _xlpm.Df) * (_xlpm.LayerTops < (_xlpm.Df + 2*_xlpm.B)), _xlpm.FilteredUSCS, _xlfn._xlws.FILTER(_xlpm.USCS, _xlpm.Overlap, "None"), _xlpm.TotalLayers, ROWS(_xlpm.FilteredUSCS), _xlpm.CohesiveCount, SUM(--(ISNUMBER(MATCH(_xlpm.FilteredUSCS, {"CH","MH","CL","ML","OH","OL"}, 0)))), _xlpm.CohesionlessCount, SUM(--(ISNUMBER(MATCH(_xlpm.FilteredUSCS, {"GW","GP","GM","GC","SW","SP","SM","SC"}, 0)))), _xlpm.ZoneType, IF(INDEX(_xlpm.FilteredUSCS,1)="None", "No Soil", IF(_xlpm.CohesiveCount = _xlpm.TotalLayers, "Cohesive", IF(_xlpm.CohesionlessCount = _xlpm.TotalLayers, "Cohesionless", "Mixed"))), IF(_xlpm.ZoneType = "Cohesive", 2 * _xlpm.NDesign * _xlpm.Nc, IF(_xlpm.ZoneType = "Cohesionless", IF(_xlpm.B <= 1.2, 12 * _xlpm.NMeyerhof * _xlpm.Fd * (_xlpm.Settlement / 25.4), 8 * _xlpm.NMeyerhof * ((3.28 * _xlpm.B + 1) / (3.28 * _xlpm.B))^2 * _xlpm.Fd * (_xlpm.Settlement / 25.4) ), "Mixed Zone - Needs Manual Analysis" ) ) )} -> 364.57756 | AR59: {=_xlfn.LET( _xlpm.Df, AJ59, _xlpm.B, AI59, _xlpm.Settlement, AK59, _xlpm.NMeyerhof, AM59, _xlpm.NDesign, AN59, _xlpm.Nc, AO59, _xlpm.Fd, AL59, _xlpm.LayerBottoms, D59:D65, _xlpm.LayerThickness, E59:E65, _xlpm.USCS, L59:L65, _xlpm.LayerTops, _xlpm.LayerBottoms - _xlpm.LayerThickness, _xlpm.Overlap, (_xlpm.LayerBottoms > _xlpm.Df) * (_xlpm.LayerTops < (_xlpm.Df + 2*_xlpm.B)), _xlpm.FilteredUSCS, _xlfn._xlws.FILTER(_xlpm.USCS, _xlpm.Overlap, "None"), _xlpm.TotalLayers, ROWS(_xlpm.FilteredUSCS), _xlpm.CohesiveCount, SUM(--(ISNUMBER(MATCH(_xlpm.FilteredUSCS, {"CH","MH","CL","ML","OH","OL"}, 0)))), _xlpm.CohesionlessCount, SUM(--(ISNUMBER(MATCH(_xlpm.FilteredUSCS, {"GW","GP","GM","GC","SW","SP","SM","SC"}, 0)))), _xlpm.ZoneType, IF(INDEX(_xlpm.FilteredUSCS,1)="None", "No Soil", IF(_xlpm.CohesiveCount = _xlpm.TotalLayers, "Cohesive", IF(_xlpm.CohesionlessCount = _xlpm.TotalLayers, "Cohesionless", "Mixed"))), _xlpm.Qa_Cohesive, 2 * _xlpm.NDesign * _xlpm.Nc, _xlpm.Qa_Cohesionless, IF(_xlpm.B <= 1.2, 12 * _xlpm.NMeyerhof * _xlpm.Fd * (_xlpm.Settlement / 25.4), 8 * _xlpm.NMeyerhof * ((3.28 * _xlpm.B + 1) / (3.28 * _xlpm.B))^2 * _xlpm.Fd * (_xlpm.Settlement / 25.4)), IF(_xlpm.ZoneType = "Cohesive", _xlpm.Qa_Cohesive, IF(_xlpm.ZoneType = "Cohesionless", _xlpm.Qa_Cohesionless, IF(_xlpm.ZoneType = "Mixed", MIN(_xlpm.Qa_Cohesive, _xlpm.Qa_Cohesionless), "Invalid Data" ) ) ) )} -> 364.57756 | AS59: {=_xlfn.LET( _xlpm.Df, AJ59, _xlpm.B, AI59, _xlpm.Settlement, AK59, _xlpm.NMeyerhof, AM59, _xlpm.NDesign, AN59, _xlpm.Nc, AO59, _xlpm.Fd, AL59, _xlpm.LayerBottoms, D59:D65, _xlpm.LayerThickness, E59:E65, _xlpm.Material, L59:L65, _xlpm.LayerTops, _xlpm.LayerBottoms - _xlpm.LayerThickness, _xlpm.Overlap, (_xlpm.LayerBottoms > _xlpm.Df) * (_xlpm.LayerTops < (_xlpm.Df + 2*_xlpm.B)), _xlpm.FilteredMat, _xlfn._xlws.FILTER(_xlpm.Material, _xlpm.Overlap, "None"), _xlpm.TotalLayers, ROWS(_xlpm.FilteredMat), _xlpm.RockCount, SUM(--(ISNUMBER(MATCH(_xlpm.FilteredMat, {"Sandstone","Basalt","Cobblestone","Cobble Stone","Coring","Tuff"}, 0)))), _xlpm.CohesiveCount, SUM(--(ISNUMBER(MATCH(_xlpm.FilteredMat, {"CH","MH","CL","ML","OH","OL","Silty Tuff"}, 0)))), _xlpm.CohesionlessCount, SUM(--(ISNUMBER(MATCH(_xlpm.FilteredMat, {"GW","GP","GM","GC","SW","SP","SM","SC","Gravel"}, 0)))), _xlpm.ZoneType, IF(INDEX(_xlpm.FilteredMat,1)="None", "No Soil", IF(_xlpm.RockCount > 0, "Rock", IF(_xlpm.CohesiveCount = _xlpm.TotalLayers, "Cohesive", IF(_xlpm.CohesionlessCount = _xlpm.TotalLayers, "Cohesionless", "Mixed" ) ) ) ), _xlpm.Qa_Cohesive, 2 * _xlpm.NDesign * _xlpm.Nc, _xlpm.Qa_Cohesionless, IF(_xlpm.B <= 1.2, 12 * _xlpm.NMeyerhof * _xlpm.Fd * (_xlpm.Settlement / 25.4), 8 * _xlpm.NMeyerhof * ((3.28 * _xlpm.B + 1) / (3.28 * _xlpm.B))^2 * _xlpm.Fd * (_xlpm.Settlement / 25.4)), IF(_xlpm.ZoneType = "Rock", "N/A - Rock/Cobble Detected (Use Rock Mechanics)", IF(_xlpm.ZoneType = "Cohesive", _xlpm.Qa_Cohesive, IF(_xlpm.ZoneType = "Cohesionless", _xlpm.Qa_Cohesionless, IF(_xlpm.ZoneType = "Mixed", MIN(_xlpm.Qa_Cohesive, _xlpm.Qa_Cohesionless), "Invalid Data" ) ) ) ) )} -> 364.57756
B60: 15.399005 | C60: 120.71824 | D60: =D59+1.5 -> 3 | E60: 1.5 | F60: 21 | G60: 24 | H60: 65.64 | I60: 7 | J60: 0.34 | K60: 3 | L60: MH | M60: =IF(D60<=K60, 0, (D60-K60)*9.81) -> 0 | N60: =IF(ROW()=2, D60*F60, N59 + (D60-D59)*F60) -> 63 | O60: =N60 - M60 -> 63 | P60: =MIN(1.7, (101.3 / O60)^0.5) -> 1.2680444 | Q60: =G60 * P60 -> 30.433065 | R60: =EXP(1.63 + (9.7/(H60+0.01)) - ((15.7/(H60+0.01))^2)) -> 5.5876676 | S60: =Q60 + R60 -> 36.020732 | T60: =0.784 - 0.0768 * SQRT(S60) -> 0.32306733 | U60: =MIN(1.7, (101.3 / O60)^T60) -> 1.1658394 | V60: =(G60 * U60) + R60 -> 33.567814 | W60: =EXP((-1.012 - 1.126*SIN((D60/11.73)+5.133)) + (0.106 + 0.118*SIN((D60/11.28)+5.142))*I60) -> 0.97433785 | X60: =0.65 * J60 * (N60 / O60) * W60 -> 0.21532867 | Y60: =MIN(2.2, 1.09 + (V60 / 31.5)^2) -> 2.2 | Z60: =1 + (Y60 - 1) * (8.64 * EXP(-I60/4) - 1.325) -> 1.2116882 | AA60: =MIN(1.1, 1 - MIN(0.3, 1 / (18.9 - 2.55 * SQRT(V60))) * LN(O60 / 101.3)) -> 1.1 | AB60: =EXP((V60/14.1) + (V60/126)^2 - (V60/23.6)^3 + (V60/25.4)^4 - 2.8) -> 0.83900121 | AC60: =IF(X60=0, "N/A", (AB60 * Z60 * AA60) / X60) -> 5.1933108 | AD60: =IF(AC60>1, "NOT LIQUEFIABLE", "LIQUEFIABLE") -> NOT LIQUEFIABLE | AE60: =IF(AC60<1, 1-AC60, 0) -> 0 | AF60: =IF(D60<=20, 10 - (0.5 * D60), 0) -> 8.5 | AG60: =AE60 * AF60 * E60 -> 0 | AH60: =IF(AG60<=0,"Very Low",IF(AND(AG60>0,AG60<=5),"Low",IF(AND(AG60>5,AG60<=15),"High","Very High"))) -> Very Low
B61: 15.399005 | C61: 120.71824 | D61: =D60+1.5 -> 4.5 | E61: 1.5 | F61: 21 | G61: 32 | H61: 64.43 | I61: 7 | J61: 0.34 | K61: 3 | L61: MH | M61: =IF(D61<=K61, 0, (D61-K61)*9.81) -> 14.715 | N61: =IF(ROW()=2, D61*F61, N60 + (D61-D60)*F61) -> 94.5 | O61: =N61 - M61 -> 79.785 | P61: =MIN(1.7, (101.3 / O61)^0.5) -> 1.1267929 | Q61: =G61 * P61 -> 36.057372 | R61: =EXP(1.63 + (9.7/(H61+0.01)) - ((15.7/(H61+0.01))^2)) -> 5.5910572 | S61: =Q61 + R61 -> 41.64843 | T61: =0.784 - 0.0768 * SQRT(S61) -> 0.28836663 | U61: =MIN(1.7, (101.3 / O61)^T61) -> 1.0712731 | V61: =(G61 * U61) + R61 -> 39.871798 | W61: =EXP((-1.012 - 1.126*SIN((D61/11.73)+5.133)) + (0.106 + 0.118*SIN((D61/11.28)+5.142))*I61) -> 0.95382539 | X61: =0.65 * J61 * (N61 / O61) * W61 -> 0.24967308 | Y61: =MIN(2.2, 1.09 + (V61 / 31.5)^2) -> 2.2 | Z61: =1 + (Y61 - 1) * (8.64 * EXP(-I61/4) - 1.325) -> 1.2116882 | AA61: =MIN(1.1, 1 - MIN(0.3, 1 / (18.9 - 2.55 * SQRT(V61))) * LN(O61 / 101.3)) -> 1.0716253 | AB61: =EXP((V61/14.1) + (V61/126)^2 - (V61/23.6)^3 + (V61/25.4)^4 - 2.8) -> 3.9649609 | AC61: =IF(X61=0, "N/A", (AB61 * Z61 * AA61) / X61) -> 20.620588 | AD61: =IF(AC61>1, "NOT LIQUEFIABLE", "LIQUEFIABLE") -> NOT LIQUEFIABLE | AE61: =IF(AC61<1, 1-AC61, 0) -> 0 | AF61: =IF(D61<=20, 10 - (0.5 * D61), 0) -> 7.75 | AG61: =AE61 * AF61 * E61 -> 0 | AH61: =IF(AG61<=0,"Very Low",IF(AND(AG61>0,AG61<=5),"Low",IF(AND(AG61>5,AG61<=15),"High","Very High"))) -> Very Low
B62: 15.399005 | C62: 120.71824 | D62: =D61+1.5 -> 6 | E62: 1.5 | F62: 21 | G62: 40 | H62: 67.97 | I62: 7 | J62: 0.34 | K62: 3 | L62: MH | M62: =IF(D62<=K62, 0, (D62-K62)*9.81) -> 29.43 | N62: =IF(ROW()=2, D62*F62, N61 + (D62-D61)*F62) -> 126 | O62: =N62 - M62 -> 96.57 | P62: =MIN(1.7, (101.3 / O62)^0.5) -> 1.0241973 | Q62: =G62 * P62 -> 40.96789 | R62: =EXP(1.63 + (9.7/(H62+0.01)) - ((15.7/(H62+0.01))^2)) -> 5.5809053 | S62: =Q62 + R62 -> 46.548795 | T62: =0.784 - 0.0768 * SQRT(S62) -> 0.26001912 | U62: =MIN(1.7, (101.3 / O62)^T62) -> 1.0125113 | V62: =(G62 * U62) + R62 -> 46.081357 | W62: =EXP((-1.012 - 1.126*SIN((D62/11.73)+5.133)) + (0.106 + 0.118*SIN((D62/11.28)+5.142))*I62) -> 0.93104429 | X62: =0.65 * J62 * (N62 / O62) * W62 -> 0.26846701 | Y62: =MIN(2.2, 1.09 + (V62 / 31.5)^2) -> 2.2 | Z62: =1 + (Y62 - 1) * (8.64 * EXP(-I62/4) - 1.325) -> 1.2116882 | AA62: =MIN(1.1, 1 - MIN(0.3, 1 / (18.9 - 2.55 * SQRT(V62))) * LN(O62 / 101.3)) -> 1.0143455 | AB62: =EXP((V62/14.1) + (V62/126)^2 - (V62/23.6)^3 + (V62/25.4)^4 - 2.8) -> 54.09805 | AC62: =IF(X62=0, "N/A", (AB62 * Z62 * AA62) / X62) -> 247.66662 | AD62: =IF(AC62>1, "NOT LIQUEFIABLE", "LIQUEFIABLE") -> NOT LIQUEFIABLE | AE62: =IF(AC62<1, 1-AC62, 0) -> 0 | AF62: =IF(D62<=20, 10 - (0.5 * D62), 0) -> 7 | AG62: =AE62 * AF62 * E62 -> 0 | AH62: =IF(AG62<=0,"Very Low",IF(AND(AG62>0,AG62<=5),"Low",IF(AND(AG62>5,AG62<=15),"High","Very High"))) -> Very Low
B63: 15.399005 | C63: 120.71824 | D63: =D62+1.5 -> 7.5 | E63: 1.5 | F63: 21 | G63: 46 | H63: 63.91 | I63: 7 | J63: 0.34 | K63: 3 | L63: MH | M63: =IF(D63<=K63, 0, (D63-K63)*9.81) -> 44.145 | N63: =IF(ROW()=2, D63*F63, N62 + (D63-D62)*F63) -> 157.5 | O63: =N63 - M63 -> 113.355 | P63: =MIN(1.7, (101.3 / O63)^0.5) -> 0.94533205 | Q63: =G63 * P63 -> 43.485274 | R63: =EXP(1.63 + (9.7/(H63+0.01)) - ((15.7/(H63+0.01))^2)) -> 5.5924822 | S63: =Q63 + R63 -> 49.077757 | T63: =0.784 - 0.0768 * SQRT(S63) -> 0.24597362 | U63: =MIN(1.7, (101.3 / O63)^T63) -> 0.97272215 | V63: =(G63 * U63) + R63 -> 50.337701 | W63: =EXP((-1.012 - 1.126*SIN((D63/11.73)+5.133)) + (0.106 + 0.118*SIN((D63/11.28)+5.142))*I63) -> 0.90643373 | X63: =0.65 * J63 * (N63 / O63) * W63 -> 0.27833525 | Y63: =MIN(2.2, 1.09 + (V63 / 31.5)^2) -> 2.2 | Z63: =1 + (Y63 - 1) * (8.64 * EXP(-I63/4) - 1.325) -> 1.2116882 | AA63: =MIN(1.1, 1 - MIN(0.3, 1 / (18.9 - 2.55 * SQRT(V63))) * LN(O63 / 101.3)) -> 0.96626858 | AB63: =EXP((V63/14.1) + (V63/126)^2 - (V63/23.6)^3 + (V63/25.4)^4 - 2.8) -> 773.77547 | AC63: =IF(X63=0, "N/A", (AB63 * Z63 * AA63) / X63) -> 3254.8839 | AD63: =IF(AC63>1, "NOT LIQUEFIABLE", "LIQUEFIABLE") -> NOT LIQUEFIABLE | AE63: =IF(AC63<1, 1-AC63, 0) -> 0 | AF63: =IF(D63<=20, 10 - (0.5 * D63), 0) -> 6.25 | AG63: =AE63 * AF63 * E63 -> 0 | AH63: =IF(AG63<=0,"Very Low",IF(AND(AG63>0,AG63<=5),"Low",IF(AND(AG63>5,AG63<=15),"High","Very High"))) -> Very Low
B64: 15.399005 | C64: 120.71824 | D64: =D63+1.5 -> 9 | E64: 1.5 | F64: 21 | G64: 60 | H64: 65.14 | I64: 7 | J64: 0.34 | K64: 3 | L64: MH | M64: =IF(D64<=K64, 0, (D64-K64)*9.81) -> 58.86 | N64: =IF(ROW()=2, D64*F64, N63 + (D64-D63)*F64) -> 189 | O64: =N64 - M64 -> 130.14 | P64: =MIN(1.7, (101.3 / O64)^0.5) -> 0.88226555 | Q64: =G64 * P64 -> 52.935933 | R64: =EXP(1.63 + (9.7/(H64+0.01)) - ((15.7/(H64+0.01))^2)) -> 5.58908 | S64: =Q64 + R64 -> 58.525013 | T64: =0.784 - 0.0768 * SQRT(S64) -> 0.19646739 | U64: =MIN(1.7, (101.3 / O64)^T64) -> 0.9519718 | V64: =(G64 * U64) + R64 -> 62.707388 | W64: =EXP((-1.012 - 1.126*SIN((D64/11.73)+5.133)) + (0.106 + 0.118*SIN((D64/11.28)+5.142))*I64) -> 0.88044424 | X64: =0.65 * J64 * (N64 / O64) * W64 -> 0.28258242 | Y64: =MIN(2.2, 1.09 + (V64 / 31.5)^2) -> 2.2 | Z64: =1 + (Y64 - 1) * (8.64 * EXP(-I64/4) - 1.325) -> 1.2116882 | AA64: =MIN(1.1, 1 - MIN(0.3, 1 / (18.9 - 2.55 * SQRT(V64))) * LN(O64 / 101.3)) -> 1.1 | AB64: =EXP((V64/14.1) + (V64/126)^2 - (V64/23.6)^3 + (V64/25.4)^4 - 2.8) -> 6.4447888e+08 | AC64: =IF(X64=0, "N/A", (AB64 * Z64 * AA64) / X64) -> 3.0398149e+09 | AD64: =IF(AC64>1, "NOT LIQUEFIABLE", "LIQUEFIABLE") -> NOT LIQUEFIABLE | AE64: =IF(AC64<1, 1-AC64, 0) -> 0 | AF64: =IF(D64<=20, 10 - (0.5 * D64), 0) -> 5.5 | AG64: =AE64 * AF64 * E64 -> 0 | AH64: =IF(AG64<=0,"Very Low",IF(AND(AG64>0,AG64<=5),"Low",IF(AND(AG64>5,AG64<=15),"High","Very High"))) -> Very Low
B65: 15.399005 | C65: 120.71824 | D65: =D64+1.5 -> 10.5 | E65: 1.5 | F65: 21 | G65: 89 | H65: 63.47 | I65: 7 | J65: 0.34 | K65: 3 | L65: MH | M65: =IF(D65<=K65, 0, (D65-K65)*9.81) -> 73.575 | N65: =IF(ROW()=2, D65*F65, N64 + (D65-D64)*F65) -> 220.5 | O65: =N65 - M65 -> 146.925 | P65: =MIN(1.7, (101.3 / O65)^0.5) -> 0.83034175 | Q65: =G65 * P65 -> 73.900415 | R65: =EXP(1.63 + (9.7/(H65+0.01)) - ((15.7/(H65+0.01))^2)) -> 5.5936715 | S65: =Q65 + R65 -> 79.494087 | T65: =0.784 - 0.0768 * SQRT(S65) -> 0.099255374 | U65: =MIN(1.7, (101.3 / O65)^T65) -> 0.96376605 | V65: =(G65 * U65) + R65 -> 91.36885 | W65: =EXP((-1.012 - 1.126*SIN((D65/11.73)+5.133)) + (0.106 + 0.118*SIN((D65/11.28)+5.142))*I65) -> 0.8535246 | X65: =0.65 * J65 * (N65 / O65) * W65 -> 0.28308784 | Y65: =MIN(2.2, 1.09 + (V65 / 31.5)^2) -> 2.2 | Z65: =1 + (Y65 - 1) * (8.64 * EXP(-I65/4) - 1.325) -> 1.2116882 | AA65: =MIN(1.1, 1 - MIN(0.3, 1 / (18.9 - 2.55 * SQRT(V65))) * LN(O65 / 101.3)) -> 1.067919 | AB65: =EXP((V65/14.1) + (V65/126)^2 - (V65/23.6)^3 + (V65/25.4)^4 - 2.8) -> 2.1987395e+49 | AC65: =IF(X65=0, "N/A", (AB65 * Z65 * AA65) / X65) -> 1.0050363e+50 | AD65: =IF(AC65>1, "NOT LIQUEFIABLE", "LIQUEFIABLE") -> NOT LIQUEFIABLE | AE65: =IF(AC65<1, 1-AC65, 0) -> 0 | AF65: =IF(D65<=20, 10 - (0.5 * D65), 0) -> 4.75 | AG65: =AE65 * AF65 * E65 -> 0 | AH65: =IF(AG65<=0,"Very Low",IF(AND(AG65>0,AG65<=5),"Low",IF(AND(AG65>5,AG65<=15),"High","Very High"))) -> Very Low
AF66: TOTAL | AG66: =SUM(AG59:AG65) -> 0 | AH66: =IF(AG66<=0,"Very Low",IF(AND(AG66>0,AG66<=5),"Low",IF(AND(AG66>5,AG66<=15),"High","Very High"))) -> Very Low
A67: No. of Boreholes | B67: Latitude | C67: Longitude | E67: Layer Thickness (z2) | F67: Total Unit Weight (y) | G67: N60 | H67: Fines Content (FC) | I67: Magnitude | J67: Peak Ground Acceleration (PGA) | K67: Gound Water Level (GWL) | L67: Soil Type | M67: Pore Pressure (u) | O67: Effective Stress | P67: Cn | Q67: N166 | R67: N160_8 | S67: N160cs | T67: m | U67: Cn_final | V67: N160cs_final | W67: rd | X67: CSR | Y67: MSFmax | Z67: MSF | AA67: Ko | AB67: CRR7.11 | AC67: FS | AD67: Remarks | AE67: Severity (Fi) | AF67: Weighting Factor | AG67: LPI | AH67: Remarks | AI67: Footing Width, B | AJ67: Depth of Footing, Df | AK67: Tolerable Settlement | AL67: Depth Factor, Fd | AM67: N | AN67: N_Design | AO67: Nc | AP67: SBC (qa) | AQ67: SBC (qa) NEW
A68: 7 | B68: 15.277838 | C68: 120.52084 | D68: 1.5 | E68: 1.5 | F68: 21 | G68: 18 | H68: 81.41 | I68: 7 | J68: 0.4 | L68: CH | M68: =IF(D68<=K68, 0, (D68-K68)*9.81) -> 14.715 | N68: =IF(ROW()=2, D68*F68, N67 + (D68-D67)*F68) -> 31.5 | O68: =N68 - M68 -> 16.785 | P68: =MIN(1.7, (101.3 / O68)^0.5) -> 1.7 | Q68: =G68 * P68 -> 30.6 | R68: =EXP(1.63 + (9.7/(H68+0.01)) - ((15.7/(H68+0.01))^2)) -> 5.5397699 | S68: =Q68 + R68 -> 36.13977 | T68: =0.784 - 0.0768 * SQRT(S68) -> 0.32230634 | U68: =MIN(1.7, (101.3 / O68)^T68) -> 1.7 | V68: =(G68 * U68) + R68 -> 36.13977 | W68: =EXP((-1.012 - 1.126*SIN((D68/11.73)+5.133)) + (0.106 + 0.118*SIN((D68/11.28)+5.142))*I68) -> 0.99216797 | X68: =0.65 * J68 * (N68 / O68) * W68 -> 0.48411413 | Y68: =MIN(2.2, 1.09 + (V68 / 31.5)^2) -> 2.2 | Z68: =1 + (Y68 - 1) * (8.64 * EXP(-I68/4) - 1.325) -> 1.2116882 | AA68: =MIN(1.1, 1 - MIN(0.3, 1 / (18.9 - 2.55 * SQRT(V68))) * LN(O68 / 101.3)) -> 1.1 | AB68: =EXP((V68/14.1) + (V68/126)^2 - (V68/23.6)^3 + (V68/25.4)^4 - 2.8) -> 1.4228479 | AC68: =IF(X68=0, "N/A", (AB68 * Z68 * AA68) / X68) -> 3.9173673 | AD68: =IF(AC68>1, "NOT LIQUEFIABLE", "LIQUEFIABLE") -> NOT LIQUEFIABLE | AE68: =IF(AC68<1, 1-AC68, 0) -> 0 | AF68: =IF(D68<=20, 10 - (0.5 * D68), 0) -> 9.25 | AG68: =AE68 * AF68 * E68 -> 0 | AH68: =IF(AG68<=0,"Very Low",IF(AND(AG68>0,AG68<=5),"Low",IF(AND(AG68>5,AG68<=15),"High","Very High"))) -> Very Low | AI68: 3 | AJ68: 1.5 | AK68: 25 | AL68: =MIN(1 + 0.33 * (AJ68 / AI68), 1.33) -> 1.165 | AM68: =AVERAGEIFS(G68:G74, D68:D74, ">" & AJ68, D68:D74, "<" & (AJ68 + AI68 + 1.5)) -> 18 | AN68: {=_xlfn.LET( _xlpm.Df, AJ68, _xlpm.B, AI68, _xlpm.LayerBottoms, D68:D74, _xlpm.LayerTops, D68:D74 - E68:E74, _xlpm.N_values, G68:G74, _xlpm.FilteredN, _xlfn._xlws.FILTER(_xlpm.N_values, (_xlpm.LayerBottoms > _xlpm.Df) * (_xlpm.LayerTops < (_xlpm.Df + 2*_xlpm.B))), _xlpm.i, _xlfn.SEQUENCE(ROWS(_xlpm.FilteredN)), SUM(_xlpm.FilteredN / _xlpm.i^2) / SUM(1 / _xlpm.i^2) )} -> 19.053659 | AO68: =MIN(6 * (1 + 0.2 * (AJ68 / AI68)), 9) -> 6.6 | AP68: =IF(AI68<=1.2,12*AM68*AL68*(AK68/25.4),8*AM68*((3.28*AI68+1)/(3.28*AI68))^2*AL68*(AK68/25.4)) -> 200.38402 | AQ68: {=_xlfn.LET( _xlpm.Df, AJ68, _xlpm.B, AI68, _xlpm.Settlement, AK68, _xlpm.NMeyerhof, AM68, _xlpm.NDesign, AN68, _xlpm.Nc, AO68, _xlpm.Fd, AL68, _xlpm.LayerBottoms, D68:D74, _xlpm.LayerThickness, E68:E74, _xlpm.USCS, L68:L74, _xlpm.LayerTops, _xlpm.LayerBottoms - _xlpm.LayerThickness, _xlpm.Overlap, (_xlpm.LayerBottoms > _xlpm.Df) * (_xlpm.LayerTops < (_xlpm.Df + 2*_xlpm.B)), _xlpm.FilteredUSCS, _xlfn._xlws.FILTER(_xlpm.USCS, _xlpm.Overlap, "None"), _xlpm.TotalLayers, ROWS(_xlpm.FilteredUSCS), _xlpm.CohesiveCount, SUM(--(ISNUMBER(MATCH(_xlpm.FilteredUSCS, {"CH","MH","CL","ML","OH","OL"}, 0)))), _xlpm.CohesionlessCount, SUM(--(ISNUMBER(MATCH(_xlpm.FilteredUSCS, {"GW","GP","GM","GC","SW","SP","SM","SC"}, 0)))), _xlpm.ZoneType, IF(INDEX(_xlpm.FilteredUSCS,1)="None", "No Soil", IF(_xlpm.CohesiveCount = _xlpm.TotalLayers, "Cohesive", IF(_xlpm.CohesionlessCount = _xlpm.TotalLayers, "Cohesionless", "Mixed"))), IF(_xlpm.ZoneType = "Cohesive", 2 * _xlpm.NDesign * _xlpm.Nc, IF(_xlpm.ZoneType = "Cohesionless", IF(_xlpm.B <= 1.2, 12 * _xlpm.NMeyerhof * _xlpm.Fd * (_xlpm.Settlement / 25.4), 8 * _xlpm.NMeyerhof * ((3.28 * _xlpm.B + 1) / (3.28 * _xlpm.B))^2 * _xlpm.Fd * (_xlpm.Settlement / 25.4) ), "Mixed Zone - Needs Manual Analysis" ) ) )} -> Mixed Zone - Needs Manual Analysis | AR68: {=_xlfn.LET( _xlpm.Df, AJ68, _xlpm.B, AI68, _xlpm.Settlement, AK68, _xlpm.NMeyerhof, AM68, _xlpm.NDesign, AN68, _xlpm.Nc, AO68, _xlpm.Fd, AL68, _xlpm.LayerBottoms, D68:D74, _xlpm.LayerThickness, E68:E74, _xlpm.USCS, L68:L74, _xlpm.LayerTops, _xlpm.LayerBottoms - _xlpm.LayerThickness, _xlpm.Overlap, (_xlpm.LayerBottoms > _xlpm.Df) * (_xlpm.LayerTops < (_xlpm.Df + 2*_xlpm.B)), _xlpm.FilteredUSCS, _xlfn._xlws.FILTER(_xlpm.USCS, _xlpm.Overlap, "None"), _xlpm.TotalLayers, ROWS(_xlpm.FilteredUSCS), _xlpm.CohesiveCount, SUM(--(ISNUMBER(MATCH(_xlpm.FilteredUSCS, {"CH","MH","CL","ML","OH","OL"}, 0)))), _xlpm.CohesionlessCount, SUM(--(ISNUMBER(MATCH(_xlpm.FilteredUSCS, {"GW","GP","GM","GC","SW","SP","SM","SC"}, 0)))), _xlpm.ZoneType, IF(INDEX(_xlpm.FilteredUSCS,1)="None", "No Soil", IF(_xlpm.CohesiveCount = _xlpm.TotalLayers, "Cohesive", IF(_xlpm.CohesionlessCount = _xlpm.TotalLayers, "Cohesionless", "Mixed"))), _xlpm.Qa_Cohesive, 2 * _xlpm.NDesign * _xlpm.Nc, _xlpm.Qa_Cohesionless, IF(_xlpm.B <= 1.2, 12 * _xlpm.NMeyerhof * _xlpm.Fd * (_xlpm.Settlement / 25.4), 8 * _xlpm.NMeyerhof * ((3.28 * _xlpm.B + 1) / (3.28 * _xlpm.B))^2 * _xlpm.Fd * (_xlpm.Settlement / 25.4)), IF(_xlpm.ZoneType = "Cohesive", _xlpm.Qa_Cohesive, IF(_xlpm.ZoneType = "Cohesionless", _xlpm.Qa_Cohesionless, IF(_xlpm.ZoneType = "Mixed", MIN(_xlpm.Qa_Cohesive, _xlpm.Qa_Cohesionless), "Invalid Data" ) ) ) )} -> 200.38402 | AS68: {=_xlfn.LET( _xlpm.Df, AJ68, _xlpm.B, AI68, _xlpm.Settlement, AK68, _xlpm.NMeyerhof, AM68, _xlpm.NDesign, AN68, _xlpm.Nc, AO68, _xlpm.Fd, AL68, _xlpm.LayerBottoms, D68:D74, _xlpm.LayerThickness, E68:E74, _xlpm.Material, L68:L74, _xlpm.LayerTops, _xlpm.LayerBottoms - _xlpm.LayerThickness, _xlpm.Overlap, (_xlpm.LayerBottoms > _xlpm.Df) * (_xlpm.LayerTops < (_xlpm.Df + 2*_xlpm.B)), _xlpm.FilteredMat, _xlfn._xlws.FILTER(_xlpm.Material, _xlpm.Overlap, "None"), _xlpm.TotalLayers, ROWS(_xlpm.FilteredMat), _xlpm.RockCount, SUM(--(ISNUMBER(MATCH(_xlpm.FilteredMat, {"Sandstone","Basalt","Cobblestone","Cobble Stone","Coring","Tuff"}, 0)))), _xlpm.CohesiveCount, SUM(--(ISNUMBER(MATCH(_xlpm.FilteredMat, {"CH","MH","CL","ML","OH","OL","Silty Tuff"}, 0)))), _xlpm.CohesionlessCount, SUM(--(ISNUMBER(MATCH(_xlpm.FilteredMat, {"GW","GP","GM","GC","SW","SP","SM","SC","Gravel"}, 0)))), _xlpm.ZoneType, IF(INDEX(_xlpm.FilteredMat,1)="None", "No Soil", IF(_xlpm.RockCount > 0, "Rock", IF(_xlpm.CohesiveCount = _xlpm.TotalLayers, "Cohesive", IF(_xlpm.CohesionlessCount = _xlpm.TotalLayers, "Cohesionless", "Mixed" ) ) ) ), _xlpm.Qa_Cohesive, 2 * _xlpm.NDesign * _xlpm.Nc, _xlpm.Qa_Cohesionless, IF(_xlpm.B <= 1.2, 12 * _xlpm.NMeyerhof * _xlpm.Fd * (_xlpm.Settlement / 25.4), 8 * _xlpm.NMeyerhof * ((3.28 * _xlpm.B + 1) / (3.28 * _xlpm.B))^2 * _xlpm.Fd * (_xlpm.Settlement / 25.4)), IF(_xlpm.ZoneType = "Rock", "N/A - Rock/Cobble Detected (Use Rock Mechanics)", IF(_xlpm.ZoneType = "Cohesive", _xlpm.Qa_Cohesive, IF(_xlpm.ZoneType = "Cohesionless", _xlpm.Qa_Cohesionless, IF(_xlpm.ZoneType = "Mixed", MIN(_xlpm.Qa_Cohesive, _xlpm.Qa_Cohesionless), "Invalid Data" ) ) ) ) )} -> 200.38402
B69: 15.277838 | C69: 120.52084 | D69: =D68+1.5 -> 3 | E69: 1.5 | F69: 21 | G69: 18 | H69: 81.41 | I69: 7 | J69: 0.4 | K69: 3 | L69: CH | M69: =IF(D69<=K69, 0, (D69-K69)*9.81) -> 0 | N69: =IF(ROW()=2, D69*F69, N68 + (D69-D68)*F69) -> 63 | O69: =N69 - M69 -> 63 | P69: =MIN(1.7, (101.3 / O69)^0.5) -> 1.2680444 | Q69: =G69 * P69 -> 22.824799 | R69: =EXP(1.63 + (9.7/(H69+0.01)) - ((15.7/(H69+0.01))^2)) -> 5.5397699 | S69: =Q69 + R69 -> 28.364568 | T69: =0.784 - 0.0768 * SQRT(S69) -> 0.37497551 | U69: =MIN(1.7, (101.3 / O69)^T69) -> 1.1949391 | V69: =(G69 * U69) + R69 -> 27.048674 | W69: =EXP((-1.012 - 1.126*SIN((D69/11.73)+5.133)) + (0.106 + 0.118*SIN((D69/11.28)+5.142))*I69) -> 0.97433785 | X69: =0.65 * J69 * (N69 / O69) * W69 -> 0.25332784 | Y69: =MIN(2.2, 1.09 + (V69 / 31.5)^2) -> 1.8273452 | Z69: =1 + (Y69 - 1) * (8.64 * EXP(-I69/4) - 1.325) -> 1.1459494 | AA69: =MIN(1.1, 1 - MIN(0.3, 1 / (18.9 - 2.55 * SQRT(V69))) * LN(O69 / 101.3)) -> 1.0842431 | AB69: =EXP((V69/14.1) + (V69/126)^2 - (V69/23.6)^3 + (V69/25.4)^4 - 2.8) -> 0.34815076 | AC69: =IF(X69=0, "N/A", (AB69 * Z69 * AA69) / X69) -> 1.7075621 | AD69: =IF(AC69>1, "NOT LIQUEFIABLE", "LIQUEFIABLE") -> NOT LIQUEFIABLE | AE69: =IF(AC69<1, 1-AC69, 0) -> 0 | AF69: =IF(D69<=20, 10 - (0.5 * D69), 0) -> 8.5 | AG69: =AE69 * AF69 * E69 -> 0 | AH69: =IF(AG69<=0,"Very Low",IF(AND(AG69>0,AG69<=5),"Low",IF(AND(AG69>5,AG69<=15),"High","Very High"))) -> Very Low
B70: 15.277838 | C70: 120.52084 | D70: =D69+1.5 -> 4.5 | E70: 1.5 | F70: 20 | G70: 18 | H70: 20.27 | I70: 7 | J70: 0.4 | K70: 3 | L70: SM | M70: =IF(D70<=K70, 0, (D70-K70)*9.81) -> 14.715 | N70: =IF(ROW()=2, D70*F70, N69 + (D70-D69)*F70) -> 93 | O70: =N70 - M70 -> 78.285 | P70: =MIN(1.7, (101.3 / O70)^0.5) -> 1.1375368 | Q70: =G70 * P70 -> 20.475662 | R70: =EXP(1.63 + (9.7/(H70+0.01)) - ((15.7/(H70+0.01))^2)) -> 4.5221039 | S70: =Q70 + R70 -> 24.997766 | T70: =0.784 - 0.0768 * SQRT(S70) -> 0.40001716 | U70: =MIN(1.7, (101.3 / O70)^T70) -> 1.1085985 | V70: =(G70 * U70) + R70 -> 24.476876 | W70: =EXP((-1.012 - 1.126*SIN((D70/11.73)+5.133)) + (0.106 + 0.118*SIN((D70/11.28)+5.142))*I70) -> 0.95382539 | X70: =0.65 * J70 * (N70 / O70) * W70 -> 0.29460941 | Y70: =MIN(2.2, 1.09 + (V70 / 31.5)^2) -> 1.6937969 | Z70: =1 + (Y70 - 1) * (8.64 * EXP(-I70/4) - 1.325) -> 1.1223905 | AA70: =MIN(1.1, 1 - MIN(0.3, 1 / (18.9 - 2.55 * SQRT(V70))) * LN(O70 / 101.3)) -> 1.0410131 | AB70: =EXP((V70/14.1) + (V70/126)^2 - (V70/23.6)^3 + (V70/25.4)^4 - 2.8) -> 0.27814484 | AC70: =IF(X70=0, "N/A", (AB70 * Z70 * AA70) / X70) -> 1.1031246 | AD70: =IF(AC70>1, "NOT LIQUEFIABLE", "LIQUEFIABLE") -> NOT LIQUEFIABLE | AE70: =IF(AC70<1, 1-AC70, 0) -> 0 | AF70: =IF(D70<=20, 10 - (0.5 * D70), 0) -> 7.75 | AG70: =AE70 * AF70 * E70 -> 0 | AH70: =IF(AG70<=0,"Very Low",IF(AND(AG70>0,AG70<=5),"Low",IF(AND(AG70>5,AG70<=15),"High","Very High"))) -> Very Low
B71: 15.277838 | C71: 120.52084 | D71: =D70+1.5 -> 6 | E71: 1.5 | F71: 20 | G71: 27 | H71: 17.92 | I71: 7 | J71: 0.4 | K71: 3 | L71: SM | M71: =IF(D71<=K71, 0, (D71-K71)*9.81) -> 29.43 | N71: =IF(ROW()=2, D71*F71, N70 + (D71-D70)*F71) -> 123 | O71: =N71 - M71 -> 93.57 | P71: =MIN(1.7, (101.3 / O71)^0.5) -> 1.0404864 | Q71: =G71 * P71 -> 28.093133 | R71: =EXP(1.63 + (9.7/(H71+0.01)) - ((15.7/(H71+0.01))^2)) -> 4.07255 | S71: =Q71 + R71 -> 32.165683 | T71: =0.784 - 0.0768 * SQRT(S71) -> 0.34843035 | U71: =MIN(1.7, (101.3 / O71)^T71) -> 1.0280432 | V71: =(G71 * U71) + R71 -> 31.829717 | W71: =EXP((-1.012 - 1.126*SIN((D71/11.73)+5.133)) + (0.106 + 0.118*SIN((D71/11.28)+5.142))*I71) -> 0.93104429 | X71: =0.65 * J71 * (N71 / O71) * W71 -> 0.31820879 | Y71: =MIN(2.2, 1.09 + (V71 / 31.5)^2) -> 2.111044 | Z71: =1 + (Y71 - 1) * (8.64 * EXP(-I71/4) - 1.325) -> 1.1959958 | AA71: =MIN(1.1, 1 - MIN(0.3, 1 / (18.9 - 2.55 * SQRT(V71))) * LN(O71 / 101.3)) -> 1.0175867 | AB71: =EXP((V71/14.1) + (V71/126)^2 - (V71/23.6)^3 + (V71/25.4)^4 - 2.8) -> 0.62744084 | AC71: =IF(X71=0, "N/A", (AB71 * Z71 * AA71) / X71) -> 2.3997261 | AD71: =IF(AC71>1, "NOT LIQUEFIABLE", "LIQUEFIABLE") -> NOT LIQUEFIABLE | AE71: =IF(AC71<1, 1-AC71, 0) -> 0 | AF71: =IF(D71<=20, 10 - (0.5 * D71), 0) -> 7 | AG71: =AE71 * AF71 * E71 -> 0 | AH71: =IF(AG71<=0,"Very Low",IF(AND(AG71>0,AG71<=5),"Low",IF(AND(AG71>5,AG71<=15),"High","Very High"))) -> Very Low
B72: 15.277838 | C72: 120.52084 | D72: =D71+1.5 -> 7.5 | E72: 1.5 | F72: 20 | G72: 26 | H72: 17.88 | I72: 7 | J72: 0.4 | K72: 3 | L72: SM | M72: =IF(D72<=K72, 0, (D72-K72)*9.81) -> 44.145 | N72: =IF(ROW()=2, D72*F72, N71 + (D72-D71)*F72) -> 153 | O72: =N72 - M72 -> 108.855 | P72: =MIN(1.7, (101.3 / O72)^0.5) -> 0.96467391 | Q72: =G72 * P72 -> 25.081522 | R72: =EXP(1.63 + (9.7/(H72+0.01)) - ((15.7/(H72+0.01))^2)) -> 4.0635074 | S72: =Q72 + R72 -> 29.145029 | T72: =0.784 - 0.0768 * SQRT(S72) -> 0.36938647 | U72: =MIN(1.7, (101.3 / O72)^T72) -> 0.9737798 | V72: =(G72 * U72) + R72 -> 29.381782 | W72: =EXP((-1.012 - 1.126*SIN((D72/11.73)+5.133)) + (0.106 + 0.118*SIN((D72/11.28)+5.142))*I72) -> 0.90643373 | X72: =0.65 * J72 * (N72 / O72) * W72 -> 0.33124738 | Y72: =MIN(2.2, 1.09 + (V72 / 31.5)^2) -> 1.9600319 | Z72: =1 + (Y72 - 1) * (8.64 * EXP(-I72/4) - 1.325) -> 1.1693562 | AA72: =MIN(1.1, 1 - MIN(0.3, 1 / (18.9 - 2.55 * SQRT(V72))) * LN(O72 / 101.3)) -> 0.98583417 | AB72: =EXP((V72/14.1) + (V72/126)^2 - (V72/23.6)^3 + (V72/25.4)^4 - 2.8) -> 0.44886501 | AC72: =IF(X72=0, "N/A", (AB72 * Z72 * AA72) / X72) -> 1.5621186 | AD72: =IF(AC72>1, "NOT LIQUEFIABLE", "LIQUEFIABLE") -> NOT LIQUEFIABLE | AE72: =IF(AC72<1, 1-AC72, 0) -> 0 | AF72: =IF(D72<=20, 10 - (0.5 * D72), 0) -> 6.25 | AG72: =AE72 * AF72 * E72 -> 0 | AH72: =IF(AG72<=0,"Very Low",IF(AND(AG72>0,AG72<=5),"Low",IF(AND(AG72>5,AG72<=15),"High","Very High"))) -> Very Low
B73: 15.277838 | C73: 120.52084 | D73: =D72+1.5 -> 9 | E73: 1.5 | F73: 21 | G73: 36 | H73: 21.78 | I73: 7 | J73: 0.4 | K73: 3 | L73: SM | M73: =IF(D73<=K73, 0, (D73-K73)*9.81) -> 58.86 | N73: =IF(ROW()=2, D73*F73, N72 + (D73-D72)*F73) -> 184.5 | O73: =N73 - M73 -> 125.64 | P73: =MIN(1.7, (101.3 / O73)^0.5) -> 0.89792644 | Q73: =G73 * P73 -> 32.325352 | R73: =EXP(1.63 + (9.7/(H73+0.01)) - ((15.7/(H73+0.01))^2)) -> 4.7399089 | S73: =Q73 + R73 -> 37.065261 | T73: =0.784 - 0.0768 * SQRT(S73) -> 0.31643203 | U73: =MIN(1.7, (101.3 / O73)^T73) -> 0.93413094 | V73: =(G73 * U73) + R73 -> 38.368623 | W73: =EXP((-1.012 - 1.126*SIN((D73/11.73)+5.133)) + (0.106 + 0.118*SIN((D73/11.28)+5.142))*I73) -> 0.88044424 | X73: =0.65 * J73 * (N73 / O73) * W73 -> 0.33615815 | Y73: =MIN(2.2, 1.09 + (V73 / 31.5)^2) -> 2.2 | Z73: =1 + (Y73 - 1) * (8.64 * EXP(-I73/4) - 1.325) -> 1.2116882 | AA73: =MIN(1.1, 1 - MIN(0.3, 1 / (18.9 - 2.55 * SQRT(V73))) * LN(O73 / 101.3)) -> 0.93539972 | AB73: =EXP((V73/14.1) + (V73/126)^2 - (V73/23.6)^3 + (V73/25.4)^4 - 2.8) -> 2.5179023 | AC73: =IF(X73=0, "N/A", (AB73 * Z73 * AA73) / X73) -> 8.4895243 | AD73: =IF(AC73>1, "NOT LIQUEFIABLE", "LIQUEFIABLE") -> NOT LIQUEFIABLE | AE73: =IF(AC73<1, 1-AC73, 0) -> 0 | AF73: =IF(D73<=20, 10 - (0.5 * D73), 0) -> 5.5 | AG73: =AE73 * AF73 * E73 -> 0 | AH73: =IF(AG73<=0,"Very Low",IF(AND(AG73>0,AG73<=5),"Low",IF(AND(AG73>5,AG73<=15),"High","Very High"))) -> Very Low
B74: 15.277838 | C74: 120.52084 | D74: =D73+1.5 -> 10.5 | E74: 1.5 | F74: 21 | G74: 100 | H74: 19.28 | I74: 7 | J74: 0.4 | K74: 3 | L74: SM | M74: =IF(D74<=K74, 0, (D74-K74)*9.81) -> 73.575 | N74: =IF(ROW()=2, D74*F74, N73 + (D74-D73)*F74) -> 216 | O74: =N74 - M74 -> 142.425 | P74: =MIN(1.7, (101.3 / O74)^0.5) -> 0.8433573 | Q74: =G74 * P74 -> 84.33573 | R74: =EXP(1.63 + (9.7/(H74+0.01)) - ((15.7/(H74+0.01))^2)) -> 4.3511016 | S74: =Q74 + R74 -> 88.686832 | T74: =0.784 - 0.0768 * SQRT(S74) -> 0.06074609 | U74: =MIN(1.7, (101.3 / O74)^T74) -> 0.97951477 | V74: =(G74 * U74) + R74 -> 102.30258 | W74: =EXP((-1.012 - 1.126*SIN((D74/11.73)+5.133)) + (0.106 + 0.118*SIN((D74/11.28)+5.142))*I74) -> 0.8535246 | X74: =0.65 * J74 * (N74 / O74) * W74 -> 0.33655567 | Y74: =MIN(2.2, 1.09 + (V74 / 31.5)^2) -> 2.2 | Z74: =1 + (Y74 - 1) * (8.64 * EXP(-I74/4) - 1.325) -> 1.2116882 | AA74: =MIN(1.1, 1 - MIN(0.3, 1 / (18.9 - 2.55 * SQRT(V74))) * LN(O74 / 101.3)) -> 1.049439 | AB74: =EXP((V74/14.1) + (V74/126)^2 - (V74/23.6)^3 + (V74/25.4)^4 - 2.8) -> 1.3554133e+81 | AC74: =IF(X74=0, "N/A", (AB74 * Z74 * AA74) / X74) -> 5.1210962e+81 | AD74: =IF(AC74>1, "NOT LIQUEFIABLE", "LIQUEFIABLE") -> NOT LIQUEFIABLE | AE74: =IF(AC74<1, 1-AC74, 0) -> 0 | AF74: =IF(D74<=20, 10 - (0.5 * D74), 0) -> 4.75 | AG74: =AE74 * AF74 * E74 -> 0 | AH74: =IF(AG74<=0,"Very Low",IF(AND(AG74>0,AG74<=5),"Low",IF(AND(AG74>5,AG74<=15),"High","Very High"))) -> Very Low
AF75: TOTAL | AG75: =SUM(AG68:AG74) -> 0 | AH75: =IF(AG75<=0,"Very Low",IF(AND(AG75>0,AG75<=5),"Low",IF(AND(AG75>5,AG75<=15),"High","Very High"))) -> Very Low
A76: No. of Boreholes | B76: Latitude | C76: Longitude | E76: Layer Thickness (z2) | F76: Total Unit Weight (y) | G76: N60 | H76: Fines Content (FC) | I76: Magnitude | J76: Peak Ground Acceleration (PGA) | K76: Gound Water Level (GWL) | L76: Soil Type | M76: Pore Pressure (u) | O76: Effective Stress | P76: Cn | Q76: N167 | R76: N160_9 | S76: N160cs | T76: m | U76: Cn_final | V76: N160cs_final | W76: rd | X76: CSR | Y76: MSFmax | Z76: MSF | AA76: Ko | AB76: CRR7.12 | AC76: FS | AD76: Remarks | AE76: Severity (Fi) | AF76: Weighting Factor | AG76: LPI | AH76: Remarks | AI76: Footing Width, B | AJ76: Depth of Footing, Df | AK76: Tolerable Settlement | AL76: Depth Factor, Fd | AM76: N | AN76: N_Design | AO76: Nc | AP76: SBC (qa) | AQ76: SBC (qa) NEW
A77: 8 | B77: 15.331204 | C77: 120.63649 | D77: 1.5 | E77: 1.5 | F77: 21 | G77: 22 | H77: 56.04 | I77: 7 | J77: 0.36 | K77: 3 | L77: ML | M77: =IF(D77<=K77, 0, (D77-K77)*9.81) -> 0 | N77: =IF(ROW()=2, D77*F77, N76 + (D77-D76)*F77) -> 31.5 | O77: =N77 - M77 -> 31.5 | P77: =MIN(1.7, (101.3 / O77)^0.5) -> 1.7 | Q77: =G77 * P77 -> 37.4 | R77: =EXP(1.63 + (9.7/(H77+0.01)) - ((15.7/(H77+0.01))^2)) -> 5.6102754 | S77: =Q77 + R77 -> 43.010275 | T77: =0.784 - 0.0768 * SQRT(S77) -> 0.28032855 | U77: =MIN(1.7, (101.3 / O77)^T77) -> 1.3874277 | V77: =(G77 * U77) + R77 -> 36.133685 | W77: =EXP((-1.012 - 1.126*SIN((D77/11.73)+5.133)) + (0.106 + 0.118*SIN((D77/11.28)+5.142))*I77) -> 0.99216797 | X77: =0.65 * J77 * (N77 / O77) * W77 -> 0.23216731 | Y77: =MIN(2.2, 1.09 + (V77 / 31.5)^2) -> 2.2 | Z77: =1 + (Y77 - 1) * (8.64 * EXP(-I77/4) - 1.325) -> 1.2116882 | AA77: =MIN(1.1, 1 - MIN(0.3, 1 / (18.9 - 2.55 * SQRT(V77))) * LN(O77 / 101.3)) -> 1.1 | AB77: =EXP((V77/14.1) + (V77/126)^2 - (V77/23.6)^3 + (V77/25.4)^4 - 2.8) -> 1.42085 | AC77: =IF(X77=0, "N/A", (AB77 * Z77 * AA77) / X77) -> 8.1570053 | AD77: =IF(AC77>1, "NOT LIQUEFIABLE", "LIQUEFIABLE") -> NOT LIQUEFIABLE | AE77: =IF(AC77<1, 1-AC77, 0) -> 0 | AF77: =IF(D77<=20, 10 - (0.5 * D77), 0) -> 9.25 | AG77: =AE77 * AF77 * E77 -> 0 | AH77: =IF(AG77<=0,"Very Low",IF(AND(AG77>0,AG77<=5),"Low",IF(AND(AG77>5,AG77<=15),"High","Very High"))) -> Very Low | AI77: 3 | AJ77: 1.5 | AK77: 25 | AL77: =MIN(1 + 0.33 * (AJ77 / AI77), 1.33) -> 1.165 | AM77: =AVERAGEIFS(G77:G83, D77:D83, ">" & AJ77, D77:D83, "<" & (AJ77 + AI77 + 1.5)) -> 15 | AN77: {=_xlfn.LET( _xlpm.Df, AJ77, _xlpm.B, AI77, _xlpm.LayerBottoms, D77:D83, _xlpm.LayerTops, D77:D83 - E77:E83, _xlpm.N_values, G77:G83, _xlpm.FilteredN, _xlfn._xlws.FILTER(_xlpm.N_values, (_xlpm.LayerBottoms > _xlpm.Df) * (_xlpm.LayerTops < (_xlpm.Df + 2*_xlpm.B))), _xlpm.i, _xlfn.SEQUENCE(ROWS(_xlpm.FilteredN)), SUM(_xlpm.FilteredN / _xlpm.i^2) / SUM(1 / _xlpm.i^2) )} -> 20.014634 | AO77: =MIN(6 * (1 + 0.2 * (AJ77 / AI77)), 9) -> 6.6 | AP77: =IF(AI77<=1.2,12*AM77*AL77*(AK77/25.4),8*AM77*((3.28*AI77+1)/(3.28*AI77))^2*AL77*(AK77/25.4)) -> 166.98668 | AQ77: {=_xlfn.LET( _xlpm.Df, AJ77, _xlpm.B, AI77, _xlpm.Settlement, AK77, _xlpm.NMeyerhof, AM77, _xlpm.NDesign, AN77, _xlpm.Nc, AO77, _xlpm.Fd, AL77, _xlpm.LayerBottoms, D77:D83, _xlpm.LayerThickness, E77:E83, _xlpm.USCS, L77:L83, _xlpm.LayerTops, _xlpm.LayerBottoms - _xlpm.LayerThickness, _xlpm.Overlap, (_xlpm.LayerBottoms > _xlpm.Df) * (_xlpm.LayerTops < (_xlpm.Df + 2*_xlpm.B)), _xlpm.FilteredUSCS, _xlfn._xlws.FILTER(_xlpm.USCS, _xlpm.Overlap, "None"), _xlpm.TotalLayers, ROWS(_xlpm.FilteredUSCS), _xlpm.CohesiveCount, SUM(--(ISNUMBER(MATCH(_xlpm.FilteredUSCS, {"CH","MH","CL","ML","OH","OL"}, 0)))), _xlpm.CohesionlessCount, SUM(--(ISNUMBER(MATCH(_xlpm.FilteredUSCS, {"GW","GP","GM","GC","SW","SP","SM","SC"}, 0)))), _xlpm.ZoneType, IF(INDEX(_xlpm.FilteredUSCS,1)="None", "No Soil", IF(_xlpm.CohesiveCount = _xlpm.TotalLayers, "Cohesive", IF(_xlpm.CohesionlessCount = _xlpm.TotalLayers, "Cohesionless", "Mixed"))), IF(_xlpm.ZoneType = "Cohesive", 2 * _xlpm.NDesign * _xlpm.Nc, IF(_xlpm.ZoneType = "Cohesionless", IF(_xlpm.B <= 1.2, 12 * _xlpm.NMeyerhof * _xlpm.Fd * (_xlpm.Settlement / 25.4), 8 * _xlpm.NMeyerhof * ((3.28 * _xlpm.B + 1) / (3.28 * _xlpm.B))^2 * _xlpm.Fd * (_xlpm.Settlement / 25.4) ), "Mixed Zone - Needs Manual Analysis" ) ) )} -> Mixed Zone - Needs Manual Analysis | AR77: {=_xlfn.LET( _xlpm.Df, AJ77, _xlpm.B, AI77, _xlpm.Settlement, AK77, _xlpm.NMeyerhof, AM77, _xlpm.NDesign, AN77, _xlpm.Nc, AO77, _xlpm.Fd, AL77, _xlpm.LayerBottoms, D77:D83, _xlpm.LayerThickness, E77:E83, _xlpm.USCS, L77:L83, _xlpm.LayerTops, _xlpm.LayerBottoms - _xlpm.LayerThickness, _xlpm.Overlap, (_xlpm.LayerBottoms > _xlpm.Df) * (_xlpm.LayerTops < (_xlpm.Df + 2*_xlpm.B)), _xlpm.FilteredUSCS, _xlfn._xlws.FILTER(_xlpm.USCS, _xlpm.Overlap, "None"), _xlpm.TotalLayers, ROWS(_xlpm.FilteredUSCS), _xlpm.CohesiveCount, SUM(--(ISNUMBER(MATCH(_xlpm.FilteredUSCS, {"CH","MH","CL","ML","OH","OL"}, 0)))), _xlpm.CohesionlessCount, SUM(--(ISNUMBER(MATCH(_xlpm.FilteredUSCS, {"GW","GP","GM","GC","SW","SP","SM","SC"}, 0)))), _xlpm.ZoneType, IF(INDEX(_xlpm.FilteredUSCS,1)="None", "No Soil", IF(_xlpm.CohesiveCount = _xlpm.TotalLayers, "Cohesive", IF(_xlpm.CohesionlessCount = _xlpm.TotalLayers, "Cohesionless", "Mixed"))), _xlpm.Qa_Cohesive, 2 * _xlpm.NDesign * _xlpm.Nc, _xlpm.Qa_Cohesionless, IF(_xlpm.B <= 1.2, 12 * _xlpm.NMeyerhof * _xlpm.Fd * (_xlpm.Settlement / 25.4), 8 * _xlpm.NMeyerhof * ((3.28 * _xlpm.B + 1) / (3.28 * _xlpm.B))^2 * _xlpm.Fd * (_xlpm.Settlement / 25.4)), IF(_xlpm.ZoneType = "Cohesive", _xlpm.Qa_Cohesive, IF(_xlpm.ZoneType = "Cohesionless", _xlpm.Qa_Cohesionless, IF(_xlpm.ZoneType = "Mixed", MIN(_xlpm.Qa_Cohesive, _xlpm.Qa_Cohesionless), "Invalid Data" ) ) ) )} -> 166.98668 | AS77: {=_xlfn.LET( _xlpm.Df, AJ77, _xlpm.B, AI77, _xlpm.Settlement, AK77, _xlpm.NMeyerhof, AM77, _xlpm.NDesign, AN77, _xlpm.Nc, AO77, _xlpm.Fd, AL77, _xlpm.LayerBottoms, D77:D83, _xlpm.LayerThickness, E77:E83, _xlpm.Material, L77:L83, _xlpm.LayerTops, _xlpm.LayerBottoms - _xlpm.LayerThickness, _xlpm.Overlap, (_xlpm.LayerBottoms > _xlpm.Df) * (_xlpm.LayerTops < (_xlpm.Df + 2*_xlpm.B)), _xlpm.FilteredMat, _xlfn._xlws.FILTER(_xlpm.Material, _xlpm.Overlap, "None"), _xlpm.TotalLayers, ROWS(_xlpm.FilteredMat), _xlpm.RockCount, SUM(--(ISNUMBER(MATCH(_xlpm.FilteredMat, {"Sandstone","Basalt","Cobblestone","Cobble Stone","Coring","Tuff"}, 0)))), _xlpm.CohesiveCount, SUM(--(ISNUMBER(MATCH(_xlpm.FilteredMat, {"CH","MH","CL","ML","OH","OL","Silty Tuff"}, 0)))), _xlpm.CohesionlessCount, SUM(--(ISNUMBER(MATCH(_xlpm.FilteredMat, {"GW","GP","GM","GC","SW","SP","SM","SC","Gravel"}, 0)))), _xlpm.ZoneType, IF(INDEX(_xlpm.FilteredMat,1)="None", "No Soil", IF(_xlpm.RockCount > 0, "Rock", IF(_xlpm.CohesiveCount = _xlpm.TotalLayers, "Cohesive", IF(_xlpm.CohesionlessCount = _xlpm.TotalLayers, "Cohesionless", "Mixed" ) ) ) ), _xlpm.Qa_Cohesive, 2 * _xlpm.NDesign * _xlpm.Nc, _xlpm.Qa_Cohesionless, IF(_xlpm.B <= 1.2, 12 * _xlpm.NMeyerhof * _xlpm.Fd * (_xlpm.Settlement / 25.4), 8 * _xlpm.NMeyerhof * ((3.28 * _xlpm.B + 1) / (3.28 * _xlpm.B))^2 * _xlpm.Fd * (_xlpm.Settlement / 25.4)), IF(_xlpm.ZoneType = "Rock", "N/A - Rock/Cobble Detected (Use Rock Mechanics)", IF(_xlpm.ZoneType = "Cohesive", _xlpm.Qa_Cohesive, IF(_xlpm.ZoneType = "Cohesionless", _xlpm.Qa_Cohesionless, IF(_xlpm.ZoneType = "Mixed", MIN(_xlpm.Qa_Cohesive, _xlpm.Qa_Cohesionless), "Invalid Data" ) ) ) ) )} -> 166.98668
B78: 15.331204 | C78: 120.63649 | D78: =D77+1.5 -> 3 | E78: 1.5 | F78: 21 | G78: 22 | H78: 56.04 | I78: 7 | J78: 0.36 | K78: 3 | L78: ML | M78: =IF(D78<=K78, 0, (D78-K78)*9.81) -> 0 | N78: =IF(ROW()=2, D78*F78, N77 + (D78-D77)*F78) -> 63 | O78: =N78 - M78 -> 63 | P78: =MIN(1.7, (101.3 / O78)^0.5) -> 1.2680444 | Q78: =G78 * P78 -> 27.896976 | R78: =EXP(1.63 + (9.7/(H78+0.01)) - ((15.7/(H78+0.01))^2)) -> 5.6102754 | S78: =Q78 + R78 -> 33.507251 | T78: =0.784 - 0.0768 * SQRT(S78) -> 0.33943976 | U78: =MIN(1.7, (101.3 / O78)^T78) -> 1.1749405 | V78: =(G78 * U78) + R78 -> 31.458966 | W78: =EXP((-1.012 - 1.126*SIN((D78/11.73)+5.133)) + (0.106 + 0.118*SIN((D78/11.28)+5.142))*I78) -> 0.97433785 | X78: =0.65 * J78 * (N78 / O78) * W78 -> 0.22799506 | Y78: =MIN(2.2, 1.09 + (V78 / 31.5)^2) -> 2.0873963 | Z78: =1 + (Y78 - 1) * (8.64 * EXP(-I78/4) - 1.325) -> 1.1918242 | AA78: =MIN(1.1, 1 - MIN(0.3, 1 / (18.9 - 2.55 * SQRT(V78))) * LN(O78 / 101.3)) -> 1.1 | AB78: =EXP((V78/14.1) + (V78/126)^2 - (V78/23.6)^3 + (V78/25.4)^4 - 2.8) -> 0.59330465 | AC78: =IF(X78=0, "N/A", (AB78 * Z78 * AA78) / X78) -> 3.4115929 | AD78: =IF(AC78>1, "NOT LIQUEFIABLE", "LIQUEFIABLE") -> NOT LIQUEFIABLE | AE78: =IF(AC78<1, 1-AC78, 0) -> 0 | AF78: =IF(D78<=20, 10 - (0.5 * D78), 0) -> 8.5 | AG78: =AE78 * AF78 * E78 -> 0 | AH78: =IF(AG78<=0,"Very Low",IF(AND(AG78>0,AG78<=5),"Low",IF(AND(AG78>5,AG78<=15),"High","Very High"))) -> Very Low
B79: 15.331204 | C79: 120.63649 | D79: =D78+1.5 -> 4.5 | E79: 1.5 | F79: 20 | G79: 8 | H79: 52.09 | I79: 7 | J79: 0.36 | K79: 3 | L79: ML | M79: =IF(D79<=K79, 0, (D79-K79)*9.81) -> 14.715 | N79: =IF(ROW()=2, D79*F79, N78 + (D79-D78)*F79) -> 93 | O79: =N79 - M79 -> 78.285 | P79: =MIN(1.7, (101.3 / O79)^0.5) -> 1.1375368 | Q79: =G79 * P79 -> 9.1002942 | R79: =EXP(1.63 + (9.7/(H79+0.01)) - ((15.7/(H79+0.01))^2)) -> 5.6146119 | S79: =Q79 + R79 -> 14.714906 | T79: =0.784 - 0.0768 * SQRT(S79) -> 0.4893951 | U79: =MIN(1.7, (101.3 / O79)^T79) -> 1.1344319 | V79: =(G79 * U79) + R79 -> 14.690067 | W79: =EXP((-1.012 - 1.126*SIN((D79/11.73)+5.133)) + (0.106 + 0.118*SIN((D79/11.28)+5.142))*I79) -> 0.95382539 | X79: =0.65 * J79 * (N79 / O79) * W79 -> 0.26514847 | Y79: =MIN(2.2, 1.09 + (V79 / 31.5)^2) -> 1.3074836 | Z79: =1 + (Y79 - 1) * (8.64 * EXP(-I79/4) - 1.325) -> 1.0542422 | AA79: =MIN(1.1, 1 - MIN(0.3, 1 / (18.9 - 2.55 * SQRT(V79))) * LN(O79 / 101.3)) -> 1.0282399 | AB79: =EXP((V79/14.1) + (V79/126)^2 - (V79/23.6)^3 + (V79/25.4)^4 - 2.8) -> 0.15353093 | AC79: =IF(X79=0, "N/A", (AB79 * Z79 * AA79) / X79) -> 0.62768481 | AD79: =IF(AC79>1, "NOT LIQUEFIABLE", "LIQUEFIABLE") -> LIQUEFIABLE | AE79: =IF(AC79<1, 1-AC79, 0) -> 0.37231519 | AF79: =IF(D79<=20, 10 - (0.5 * D79), 0) -> 7.75 | AG79: =AE79 * AF79 * E79 -> 4.3281641 | AH79: =IF(AG79<=0,"Very Low",IF(AND(AG79>0,AG79<=5),"Low",IF(AND(AG79>5,AG79<=15),"High","Very High"))) -> Low
B80: 15.331204 | C80: 120.63649 | D80: =D79+1.5 -> 6 | E80: 1.5 | F80: 20 | G80: 14 | H80: 25.82 | I80: 7 | J80: 0.36 | K80: 3 | L80: SM | M80: =IF(D80<=K80, 0, (D80-K80)*9.81) -> 29.43 | N80: =IF(ROW()=2, D80*F80, N79 + (D80-D79)*F80) -> 123 | O80: =N80 - M80 -> 93.57 | P80: =MIN(1.7, (101.3 / O80)^0.5) -> 1.0404864 | Q80: =G80 * P80 -> 14.56681 | R80: =EXP(1.63 + (9.7/(H80+0.01)) - ((15.7/(H80+0.01))^2)) -> 5.1350354 | S80: =Q80 + R80 -> 19.701845 | T80: =0.784 - 0.0768 * SQRT(S80) -> 0.44310968 | U80: =MIN(1.7, (101.3 / O80)^T80) -> 1.0357984 | V80: =(G80 * U80) + R80 -> 19.636213 | W80: =EXP((-1.012 - 1.126*SIN((D80/11.73)+5.133)) + (0.106 + 0.118*SIN((D80/11.28)+5.142))*I80) -> 0.93104429 | X80: =0.65 * J80 * (N80 / O80) * W80 -> 0.28638791 | Y80: =MIN(2.2, 1.09 + (V80 / 31.5)^2) -> 1.4785925 | Z80: =1 + (Y80 - 1) * (8.64 * EXP(-I80/4) - 1.325) -> 1.084427 | AA80: =MIN(1.1, 1 - MIN(0.3, 1 / (18.9 - 2.55 * SQRT(V80))) * LN(O80 / 101.3)) -> 1.010444 | AB80: =EXP((V80/14.1) + (V80/126)^2 - (V80/23.6)^3 + (V80/25.4)^4 - 2.8) -> 0.20151209 | AC80: =IF(X80=0, "N/A", (AB80 * Z80 * AA80) / X80) -> 0.77100816 | AD80: =IF(AC80>1, "NOT LIQUEFIABLE", "LIQUEFIABLE") -> LIQUEFIABLE | AE80: =IF(AC80<1, 1-AC80, 0) -> 0.22899184 | AF80: =IF(D80<=20, 10 - (0.5 * D80), 0) -> 7 | AG80: =AE80 * AF80 * E80 -> 2.4044144 | AH80: =IF(AG80<=0,"Very Low",IF(AND(AG80>0,AG80<=5),"Low",IF(AND(AG80>5,AG80<=15),"High","Very High"))) -> Low
B81: 15.331204 | C81: 120.63649 | D81: =D80+1.5 -> 7.5 | E81: 1.5 | F81: 21 | G81: 47 | H81: 34.25 | I81: 7 | J81: 0.36 | K81: 3 | L81: SM | M81: =IF(D81<=K81, 0, (D81-K81)*9.81) -> 44.145 | N81: =IF(ROW()=2, D81*F81, N80 + (D81-D80)*F81) -> 154.5 | O81: =N81 - M81 -> 110.355 | P81: =MIN(1.7, (101.3 / O81)^0.5) -> 0.95809531 | Q81: =G81 * P81 -> 45.03048 | R81: =EXP(1.63 + (9.7/(H81+0.01)) - ((15.7/(H81+0.01))^2)) -> 5.4910882 | S81: =Q81 + R81 -> 50.521568 | T81: =0.784 - 0.0768 * SQRT(S81) -> 0.23811692 | U81: =MIN(1.7, (101.3 / O81)^T81) -> 0.97981978 | V81: =(G81 * U81) + R81 -> 51.542618 | W81: =EXP((-1.012 - 1.126*SIN((D81/11.73)+5.133)) + (0.106 + 0.118*SIN((D81/11.28)+5.142))*I81) -> 0.90643373 | X81: =0.65 * J81 * (N81 / O81) * W81 -> 0.29695346 | Y81: =MIN(2.2, 1.09 + (V81 / 31.5)^2) -> 2.2 | Z81: =1 + (Y81 - 1) * (8.64 * EXP(-I81/4) - 1.325) -> 1.2116882 | AA81: =MIN(1.1, 1 - MIN(0.3, 1 / (18.9 - 2.55 * SQRT(V81))) * LN(O81 / 101.3)) -> 0.97431519 | AB81: =EXP((V81/14.1) + (V81/126)^2 - (V81/23.6)^3 + (V81/25.4)^4 - 2.8) -> 1922.9994 | AC81: =IF(X81=0, "N/A", (AB81 * Z81 * AA81) / X81) -> 7645.0639 | AD81: =IF(AC81>1, "NOT LIQUEFIABLE", "LIQUEFIABLE") -> NOT LIQUEFIABLE | AE81: =IF(AC81<1, 1-AC81, 0) -> 0 | AF81: =IF(D81<=20, 10 - (0.5 * D81), 0) -> 6.25 | AG81: =AE81 * AF81 * E81 -> 0 | AH81: =IF(AG81<=0,"Very Low",IF(AND(AG81>0,AG81<=5),"Low",IF(AND(AG81>5,AG81<=15),"High","Very High"))) -> Very Low
B82: 15.331204 | C82: 120.63649 | D82: =D81+1.5 -> 9 | E82: 1.5 | F82: 21 | G82: 83 | H82: 34.86 | I82: 7 | J82: 0.36 | K82: 3 | L82: SM | M82: =IF(D82<=K82, 0, (D82-K82)*9.81) -> 58.86 | N82: =IF(ROW()=2, D82*F82, N81 + (D82-D81)*F82) -> 186 | O82: =N82 - M82 -> 127.14 | P82: =MIN(1.7, (101.3 / O82)^0.5) -> 0.89261385 | Q82: =G82 * P82 -> 74.086949 | R82: =EXP(1.63 + (9.7/(H82+0.01)) - ((15.7/(H82+0.01))^2)) -> 5.5038984 | S82: =Q82 + R82 -> 79.590848 | T82: =0.784 - 0.0768 * SQRT(S82) -> 0.098838763 | U82: =MIN(1.7, (101.3 / O82)^T82) -> 0.97779386 | V82: =(G82 * U82) + R82 -> 86.660789 | W82: =EXP((-1.012 - 1.126*SIN((D82/11.73)+5.133)) + (0.106 + 0.118*SIN((D82/11.28)+5.142))*I82) -> 0.88044424 | X82: =0.65 * J82 * (N82 / O82) * W82 -> 0.30140361 | Y82: =MIN(2.2, 1.09 + (V82 / 31.5)^2) -> 2.2 | Z82: =1 + (Y82 - 1) * (8.64 * EXP(-I82/4) - 1.325) -> 1.2116882 | AA82: =MIN(1.1, 1 - MIN(0.3, 1 / (18.9 - 2.55 * SQRT(V82))) * LN(O82 / 101.3)) -> 1.0469581 | AB82: =EXP((V82/14.1) + (V82/126)^2 - (V82/23.6)^3 + (V82/25.4)^4 - 2.8) -> 1.0090946e+39 | AC82: =IF(X82=0, "N/A", (AB82 * Z82 * AA82) / X82) -> 4.2472093e+39 | AD82: =IF(AC82>1, "NOT LIQUEFIABLE", "LIQUEFIABLE") -> NOT LIQUEFIABLE | AE82: =IF(AC82<1, 1-AC82, 0) -> 0 | AF82: =IF(D82<=20, 10 - (0.5 * D82), 0) -> 5.5 | AG82: =AE82 * AF82 * E82 -> 0 | AH82: =IF(AG82<=0,"Very Low",IF(AND(AG82>0,AG82<=5),"Low",IF(AND(AG82>5,AG82<=15),"High","Very High"))) -> Very Low
B83: 15.331204 | C83: 120.63649 | D83: =D82+1.5 -> 10.5 | E83: 1.5 | F83: 21 | G83: 100 | H83: 19.38 | I83: 7 | J83: 0.36 | K83: 3 | L83: SM | M83: =IF(D83<=K83, 0, (D83-K83)*9.81) -> 73.575 | N83: =IF(ROW()=2, D83*F83, N82 + (D83-D82)*F83) -> 217.5 | O83: =N83 - M83 -> 143.925 | P83: =MIN(1.7, (101.3 / O83)^0.5) -> 0.83895101 | Q83: =G83 * P83 -> 83.895101 | R83: =EXP(1.63 + (9.7/(H83+0.01)) - ((15.7/(H83+0.01))^2)) -> 4.3695093 | S83: =Q83 + R83 -> 88.264611 | T83: =0.784 - 0.0768 * SQRT(S83) -> 0.062469781 | U83: =MIN(1.7, (101.3 / O83)^T83) -> 0.97829917 | V83: =(G83 * U83) + R83 -> 102.19943 | W83: =EXP((-1.012 - 1.126*SIN((D83/11.73)+5.133)) + (0.106 + 0.118*SIN((D83/11.28)+5.142))*I83) -> 0.8535246 | X83: =0.65 * J83 * (N83 / O83) * W83 -> 0.3018248 | Y83: =MIN(2.2, 1.09 + (V83 / 31.5)^2) -> 2.2 | Z83: =1 + (Y83 - 1) * (8.64 * EXP(-I83/4) - 1.325) -> 1.2116882 | AA83: =MIN(1.1, 1 - MIN(0.3, 1 / (18.9 - 2.55 * SQRT(V83))) * LN(O83 / 101.3)) -> 1.0510555 | AB83: =EXP((V83/14.1) + (V83/126)^2 - (V83/23.6)^3 + (V83/25.4)^4 - 2.8) -> 5.9562274e+80 | AC83: =IF(X83=0, "N/A", (AB83 * Z83 * AA83) / X83) -> 2.5132339e+81 | AD83: =IF(AC83>1, "NOT LIQUEFIABLE", "LIQUEFIABLE") -> NOT LIQUEFIABLE | AE83: =IF(AC83<1, 1-AC83, 0) -> 0 | AF83: =IF(D83<=20, 10 - (0.5 * D83), 0) -> 4.75 | AG83: =AE83 * AF83 * E83 -> 0 | AH83: =IF(AG83<=0,"Very Low",IF(AND(AG83>0,AG83<=5),"Low",IF(AND(AG83>5,AG83<=15),"High","Very High"))) -> Very Low
AF84: TOTAL | AG84: =SUM(AG77:AG83) -> 6.7325784 | AH84: =IF(AG84<=0,"Very Low",IF(AND(AG84>0,AG84<=5),"Low",IF(AND(AG84>5,AG84<=15),"High","Very High"))) -> High
A85: No. of Boreholes | B85: Latitude | C85: Longitude | E85: Layer Thickness (z2) | F85: Total Unit Weight (y) | G85: N60 | H85: Fines Content (FC) | I85: Magnitude | J85: Peak Ground Acceleration (PGA) | K85: Gound Water Level (GWL) | L85: Soil Type | M85: Pore Pressure (u) | O85: Effective Stress | P85: Cn | Q85: N168 | R85: N160_10 | S85: N160cs | T85: m | U85: Cn_final | V85: N160cs_final | W85: rd | X85: CSR | Y85: MSFmax | Z85: MSF | AA85: Ko | AB85: CRR7.13 | AC85: FS | AD85: Remarks | AE85: Severity (Fi) | AF85: Weighting Factor | AG85: LPI | AH85: Remarks | AI85: Footing Width, B | AJ85: Depth of Footing, Df | AK85: Tolerable Settlement | AL85: Depth Factor, Fd | AM85: N | AN85: N_Design | AO85: Nc | AP85: SBC (qa) | AQ85: SBC (qa) NEW
A86: 9 | B86: 15.350594 | C86: 120.49278 | D86: 1.5 | E86: 1.5 | F86: 21 | G86: 23 | H86: 32.99 | I86: 7 | J86: 0.44 | K86: 8.5 | L86: SM | M86: =IF(D86<=K86, 0, (D86-K86)*9.81) -> 0 | N86: =IF(ROW()=2, D86*F86, N85 + (D86-D85)*F86) -> 31.5 | O86: =N86 - M86 -> 31.5 | P86: =MIN(1.7, (101.3 / O86)^0.5) -> 1.7 | Q86: =G86 * P86 -> 39.1 | R86: =EXP(1.63 + (9.7/(H86+0.01)) - ((15.7/(H86+0.01))^2)) -> 5.4607936 | S86: =Q86 + R86 -> 44.560794 | T86: =0.784 - 0.0768 * SQRT(S86) -> 0.27133027 | U86: =MIN(1.7, (101.3 / O86)^T86) -> 1.372921 | V86: =(G86 * U86) + R86 -> 37.037976 | W86: =EXP((-1.012 - 1.126*SIN((D86/11.73)+5.133)) + (0.106 + 0.118*SIN((D86/11.28)+5.142))*I86) -> 0.99216797 | X86: =0.65 * J86 * (N86 / O86) * W86 -> 0.28376004 | Y86: =MIN(2.2, 1.09 + (V86 / 31.5)^2) -> 2.2 | Z86: =1 + (Y86 - 1) * (8.64 * EXP(-I86/4) - 1.325) -> 1.2116882 | AA86: =MIN(1.1, 1 - MIN(0.3, 1 / (18.9 - 2.55 * SQRT(V86))) * LN(O86 / 101.3)) -> 1.1 | AB86: =EXP((V86/14.1) + (V86/126)^2 - (V86/23.6)^3 + (V86/25.4)^4 - 2.8) -> 1.7663556 | AC86: =IF(X86=0, "N/A", (AB86 * Z86 * AA86) / X86) -> 8.2967975 | AD86: =IF(AC86>1, "NOT LIQUEFIABLE", "LIQUEFIABLE") -> NOT LIQUEFIABLE | AE86: =IF(AC86<1, 1-AC86, 0) -> 0 | AF86: =IF(D86<=20, 10 - (0.5 * D86), 0) -> 9.25 | AG86: =AE86 * AF86 * E86 -> 0 | AH86: =IF(AG86<=0,"Very Low",IF(AND(AG86>0,AG86<=5),"Low",IF(AND(AG86>5,AG86<=15),"High","Very High"))) -> Very Low | AI86: 3 | AJ86: 1.5 | AK86: 25 | AL86: =MIN(1 + 0.33 * (AJ86 / AI86), 1.33) -> 1.165 | AM86: =AVERAGEIFS(G86:G95, D86:D95, ">" & AJ86, D86:D95, "<" & (AJ86 + AI86 + 1.5)) -> 24.5 | AN86: {=_xlfn.LET( _xlpm.Df, AJ86, _xlpm.B, AI86, _xlpm.LayerBottoms, D86:D95, _xlpm.LayerTops, D86:D95 - E86:E95, _xlpm.N_values, G86:G95, _xlpm.FilteredN, _xlfn._xlws.FILTER(_xlpm.N_values, (_xlpm.LayerBottoms > _xlpm.Df) * (_xlpm.LayerTops < (_xlpm.Df + 2*_xlpm.B))), _xlpm.i, _xlfn.SEQUENCE(ROWS(_xlpm.FilteredN)), SUM(_xlpm.FilteredN / _xlpm.i^2) / SUM(1 / _xlpm.i^2) )} -> 24.058537 | AO86: =MIN(6 * (1 + 0.2 * (AJ86 / AI86)), 9) -> 6.6 | AP86: =IF(AI86<=1.2,12*AM86*AL86*(AK86/25.4),8*AM86*((3.28*AI86+1)/(3.28*AI86))^2*AL86*(AK86/25.4)) -> 272.74491 | AQ86: {=_xlfn.LET( _xlpm.Df, AJ86, _xlpm.B, AI86, _xlpm.Settlement, AK86, _xlpm.NMeyerhof, AM86, _xlpm.NDesign, AN86, _xlpm.Nc, AO86, _xlpm.Fd, AL86, _xlpm.LayerBottoms, D86:D95, _xlpm.LayerThickness, E86:E95, _xlpm.USCS, L86:L95, _xlpm.LayerTops, _xlpm.LayerBottoms - _xlpm.LayerThickness, _xlpm.Overlap, (_xlpm.LayerBottoms > _xlpm.Df) * (_xlpm.LayerTops < (_xlpm.Df + 2*_xlpm.B)), _xlpm.FilteredUSCS, _xlfn._xlws.FILTER(_xlpm.USCS, _xlpm.Overlap, "None"), _xlpm.TotalLayers, ROWS(_xlpm.FilteredUSCS), _xlpm.CohesiveCount, SUM(--(ISNUMBER(MATCH(_xlpm.FilteredUSCS, {"CH","MH","CL","ML","OH","OL"}, 0)))), _xlpm.CohesionlessCount, SUM(--(ISNUMBER(MATCH(_xlpm.FilteredUSCS, {"GW","GP","GM","GC","SW","SP","SM","SC"}, 0)))), _xlpm.ZoneType, IF(INDEX(_xlpm.FilteredUSCS,1)="None", "No Soil", IF(_xlpm.CohesiveCount = _xlpm.TotalLayers, "Cohesive", IF(_xlpm.CohesionlessCount = _xlpm.TotalLayers, "Cohesionless", "Mixed"))), IF(_xlpm.ZoneType = "Cohesive", 2 * _xlpm.NDesign * _xlpm.Nc, IF(_xlpm.ZoneType = "Cohesionless", IF(_xlpm.B <= 1.2, 12 * _xlpm.NMeyerhof * _xlpm.Fd * (_xlpm.Settlement / 25.4), 8 * _xlpm.NMeyerhof * ((3.28 * _xlpm.B + 1) / (3.28 * _xlpm.B))^2 * _xlpm.Fd * (_xlpm.Settlement / 25.4) ), "Mixed Zone - Needs Manual Analysis" ) ) )} -> 272.74491 | AR86: {=_xlfn.LET( _xlpm.Df, AJ86, _xlpm.B, AI86, _xlpm.Settlement, AK86, _xlpm.NMeyerhof, AM86, _xlpm.NDesign, AN86, _xlpm.Nc, AO86, _xlpm.Fd, AL86, _xlpm.LayerBottoms, D86:D92, _xlpm.LayerThickness, E86:E92, _xlpm.USCS, L86:L92, _xlpm.LayerTops, _xlpm.LayerBottoms - _xlpm.LayerThickness, _xlpm.Overlap, (_xlpm.LayerBottoms > _xlpm.Df) * (_xlpm.LayerTops < (_xlpm.Df + 2*_xlpm.B)), _xlpm.FilteredUSCS, _xlfn._xlws.FILTER(_xlpm.USCS, _xlpm.Overlap, "None"), _xlpm.TotalLayers, ROWS(_xlpm.FilteredUSCS), _xlpm.CohesiveCount, SUM(--(ISNUMBER(MATCH(_xlpm.FilteredUSCS, {"CH","MH","CL","ML","OH","OL"}, 0)))), _xlpm.CohesionlessCount, SUM(--(ISNUMBER(MATCH(_xlpm.FilteredUSCS, {"GW","GP","GM","GC","SW","SP","SM","SC"}, 0)))), _xlpm.ZoneType, IF(INDEX(_xlpm.FilteredUSCS,1)="None", "No Soil", IF(_xlpm.CohesiveCount = _xlpm.TotalLayers, "Cohesive", IF(_xlpm.CohesionlessCount = _xlpm.TotalLayers, "Cohesionless", "Mixed"))), _xlpm.Qa_Cohesive, 2 * _xlpm.NDesign * _xlpm.Nc, _xlpm.Qa_Cohesionless, IF(_xlpm.B <= 1.2, 12 * _xlpm.NMeyerhof * _xlpm.Fd * (_xlpm.Settlement / 25.4), 8 * _xlpm.NMeyerhof * ((3.28 * _xlpm.B + 1) / (3.28 * _xlpm.B))^2 * _xlpm.Fd * (_xlpm.Settlement / 25.4)), IF(_xlpm.ZoneType = "Cohesive", _xlpm.Qa_Cohesive, IF(_xlpm.ZoneType = "Cohesionless", _xlpm.Qa_Cohesionless, IF(_xlpm.ZoneType = "Mixed", MIN(_xlpm.Qa_Cohesive, _xlpm.Qa_Cohesionless), "Invalid Data" ) ) ) )} -> 272.74491 | AS86: {=_xlfn.LET( _xlpm.Df, AJ86, _xlpm.B, AI86, _xlpm.Settlement, AK86, _xlpm.NMeyerhof, AM86, _xlpm.NDesign, AN86, _xlpm.Nc, AO86, _xlpm.Fd, AL86, _xlpm.LayerBottoms, D86:D95, _xlpm.LayerThickness, E86:E95, _xlpm.Material, L86:L95, _xlpm.LayerTops, _xlpm.LayerBottoms - _xlpm.LayerThickness, _xlpm.Overlap, (_xlpm.LayerBottoms > _xlpm.Df) * (_xlpm.LayerTops < (_xlpm.Df + 2*_xlpm.B)), _xlpm.FilteredMat, _xlfn._xlws.FILTER(_xlpm.Material, _xlpm.Overlap, "None"), _xlpm.TotalLayers, ROWS(_xlpm.FilteredMat), _xlpm.RockCount, SUM(--(ISNUMBER(MATCH(_xlpm.FilteredMat, {"Sandstone","Basalt","Cobblestone","Cobble Stone","Coring","Tuff"}, 0)))), _xlpm.CohesiveCount, SUM(--(ISNUMBER(MATCH(_xlpm.FilteredMat, {"CH","MH","CL","ML","OH","OL","Silty Tuff"}, 0)))), _xlpm.CohesionlessCount, SUM(--(ISNUMBER(MATCH(_xlpm.FilteredMat, {"GW","GP","GM","GC","SW","SP","SM","SC","Gravel"}, 0)))), _xlpm.ZoneType, IF(INDEX(_xlpm.FilteredMat,1)="None", "No Soil", IF(_xlpm.RockCount > 0, "Rock", IF(_xlpm.CohesiveCount = _xlpm.TotalLayers, "Cohesive", IF(_xlpm.CohesionlessCount = _xlpm.TotalLayers, "Cohesionless", "Mixed" ) ) ) ), _xlpm.Qa_Cohesive, 2 * _xlpm.NDesign * _xlpm.Nc, _xlpm.Qa_Cohesionless, IF(_xlpm.B <= 1.2, 12 * _xlpm.NMeyerhof * _xlpm.Fd * (_xlpm.Settlement / 25.4), 8 * _xlpm.NMeyerhof * ((3.28 * _xlpm.B + 1) / (3.28 * _xlpm.B))^2 * _xlpm.Fd * (_xlpm.Settlement / 25.4)), IF(_xlpm.ZoneType = "Rock", "N/A - Rock/Cobble Detected (Use Rock Mechanics)", IF(_xlpm.ZoneType = "Cohesive", _xlpm.Qa_Cohesive, IF(_xlpm.ZoneType = "Cohesionless", _xlpm.Qa_Cohesionless, IF(_xlpm.ZoneType = "Mixed", MIN(_xlpm.Qa_Cohesive, _xlpm.Qa_Cohesionless), "Invalid Data" ) ) ) ) )} -> 272.74491
B87: 15.350594 | C87: 120.49278 | D87: =D86+1.5 -> 3 | E87: 1.5 | F87: 21 | G87: 23 | H87: 32.99 | I87: 7 | J87: 0.44 | K87: 8.5 | L87: SM | M87: =IF(D87<=K87, 0, (D87-K87)*9.81) -> 0 | N87: =IF(ROW()=2, D87*F87, N86 + (D87-D86)*F87) -> 63 | O87: =N87 - M87 -> 63 | P87: =MIN(1.7, (101.3 / O87)^0.5) -> 1.2680444 | Q87: =G87 * P87 -> 29.16502 | R87: =EXP(1.63 + (9.7/(H87+0.01)) - ((15.7/(H87+0.01))^2)) -> 5.4607936 | S87: =Q87 + R87 -> 34.625814 | T87: =0.784 - 0.0768 * SQRT(S87) -> 0.33208036 | U87: =MIN(1.7, (101.3 / O87)^T87) -> 1.1708408 | V87: =(G87 * U87) + R87 -> 32.390132 | W87: =EXP((-1.012 - 1.126*SIN((D87/11.73)+5.133)) + (0.106 + 0.118*SIN((D87/11.28)+5.142))*I87) -> 0.97433785 | X87: =0.65 * J87 * (N87 / O87) * W87 -> 0.27866063 | Y87: =MIN(2.2, 1.09 + (V87 / 31.5)^2) -> 2.1473148 | Z87: =1 + (Y87 - 1) * (8.64 * EXP(-I87/4) - 1.325) -> 1.2023942 | AA87: =MIN(1.1, 1 - MIN(0.3, 1 / (18.9 - 2.55 * SQRT(V87))) * LN(O87 / 101.3)) -> 1.1 | AB87: =EXP((V87/14.1) + (V87/126)^2 - (V87/23.6)^3 + (V87/25.4)^4 - 2.8) -> 0.68546298 | AC87: =IF(X87=0, "N/A", (AB87 * Z87 * AA87) / X87) -> 3.2534786 | AD87: =IF(AC87>1, "NOT LIQUEFIABLE", "LIQUEFIABLE") -> NOT LIQUEFIABLE | AE87: =IF(AC87<1, 1-AC87, 0) -> 0 | AF87: =IF(D87<=20, 10 - (0.5 * D87), 0) -> 8.5 | AG87: =AE87 * AF87 * E87 -> 0 | AH87: =IF(AG87<=0,"Very Low",IF(AND(AG87>0,AG87<=5),"Low",IF(AND(AG87>5,AG87<=15),"High","Very High"))) -> Very Low
B88: 15.350594 | C88: 120.49278 | D88: =D87+1.5 -> 4.5 | E88: 1.5 | F88: 21 | G88: 26 | H88: 29.92 | I88: 7 | J88: 0.44 | K88: 8.5 | L88: SM | M88: =IF(D88<=K88, 0, (D88-K88)*9.81) -> 0 | N88: =IF(ROW()=2, D88*F88, N87 + (D88-D87)*F88) -> 94.5 | O88: =N88 - M88 -> 94.5 | P88: =MIN(1.7, (101.3 / O88)^0.5) -> 1.0353539 | Q88: =G88 * P88 -> 26.919201 | R88: =EXP(1.63 + (9.7/(H88+0.01)) - ((15.7/(H88+0.01))^2)) -> 5.3598135 | S88: =Q88 + R88 -> 32.279015 | T88: =0.784 - 0.0768 * SQRT(S88) -> 0.34766369 | U88: =MIN(1.7, (101.3 / O88)^T88) -> 1.0244521 | V88: =(G88 * U88) + R88 -> 31.995569 | W88: =EXP((-1.012 - 1.126*SIN((D88/11.73)+5.133)) + (0.106 + 0.118*SIN((D88/11.28)+5.142))*I88) -> 0.95382539 | X88: =0.65 * J88 * (N88 / O88) * W88 -> 0.27279406 | Y88: =MIN(2.2, 1.09 + (V88 / 31.5)^2) -> 2.1217122 | Z88: =1 + (Y88 - 1) * (8.64 * EXP(-I88/4) - 1.325) -> 1.1978777 | AA88: =MIN(1.1, 1 - MIN(0.3, 1 / (18.9 - 2.55 * SQRT(V88))) * LN(O88 / 101.3)) -> 1.0155242 | AB88: =EXP((V88/14.1) + (V88/126)^2 - (V88/23.6)^3 + (V88/25.4)^4 - 2.8) -> 0.64376183 | AC88: =IF(X88=0, "N/A", (AB88 * Z88 * AA88) / X88) -> 2.8707348 | AD88: =IF(AC88>1, "NOT LIQUEFIABLE", "LIQUEFIABLE") -> NOT LIQUEFIABLE | AE88: =IF(AC88<1, 1-AC88, 0) -> 0 | AF88: =IF(D88<=20, 10 - (0.5 * D88), 0) -> 7.75 | AG88: =AE88 * AF88 * E88 -> 0 | AH88: =IF(AG88<=0,"Very Low",IF(AND(AG88>0,AG88<=5),"Low",IF(AND(AG88>5,AG88<=15),"High","Very High"))) -> Very Low
B89: 15.350594 | C89: 120.49278 | D89: =D88+1.5 -> 6 | E89: 1.5 | F89: 21 | G89: 27 | H89: 27.6 | I89: 7 | J89: 0.44 | K89: 8.5 | L89: SM | M89: =IF(D89<=K89, 0, (D89-K89)*9.81) -> 0 | N89: =IF(ROW()=2, D89*F89, N88 + (D89-D88)*F89) -> 126 | O89: =N89 - M89 -> 126 | P89: =MIN(1.7, (101.3 / O89)^0.5) -> 0.89664277 | Q89: =G89 * P89 -> 24.209355 | R89: =EXP(1.63 + (9.7/(H89+0.01)) - ((15.7/(H89+0.01))^2)) -> 5.2486806 | S89: =Q89 + R89 -> 29.458035 | T89: =0.784 - 0.0768 * SQRT(S89) -> 0.36716603 | U89: =MIN(1.7, (101.3 / O89)^T89) -> 0.92301114 | V89: =(G89 * U89) + R89 -> 30.169981 | W89: =EXP((-1.012 - 1.126*SIN((D89/11.73)+5.133)) + (0.106 + 0.118*SIN((D89/11.28)+5.142))*I89) -> 0.93104429 | X89: =0.65 * J89 * (N89 / O89) * W89 -> 0.26627867 | Y89: =MIN(2.2, 1.09 + (V89 / 31.5)^2) -> 2.0073371 | Z89: =1 + (Y89 - 1) * (8.64 * EXP(-I89/4) - 1.325) -> 1.1777012 | AA89: =MIN(1.1, 1 - MIN(0.3, 1 / (18.9 - 2.55 * SQRT(V89))) * LN(O89 / 101.3)) -> 0.95541172 | AB89: =EXP((V89/14.1) + (V89/126)^2 - (V89/23.6)^3 + (V89/25.4)^4 - 2.8) -> 0.49575129 | AC89: =IF(X89=0, "N/A", (AB89 * Z89 * AA89) / X89) -> 2.0948511 | AD89: =IF(AC89>1, "NOT LIQUEFIABLE", "LIQUEFIABLE") -> NOT LIQUEFIABLE | AE89: =IF(AC89<1, 1-AC89, 0) -> 0 | AF89: =IF(D89<=20, 10 - (0.5 * D89), 0) -> 7 | AG89: =AE89 * AF89 * E89 -> 0 | AH89: =IF(AG89<=0,"Very Low",IF(AND(AG89>0,AG89<=5),"Low",IF(AND(AG89>5,AG89<=15),"High","Very High"))) -> Very Low
B90: 15.350594 | C90: 120.49278 | D90: =D89+1.5 -> 7.5 | E90: 1.5 | F90: 21 | G90: 28 | H90: 25.2 | I90: 7 | J90: 0.44 | K90: 8.5 | L90: SM | M90: =IF(D90<=K90, 0, (D90-K90)*9.81) -> 0 | N90: =IF(ROW()=2, D90*F90, N89 + (D90-D89)*F90) -> 157.5 | O90: =N90 - M90 -> 157.5 | P90: =MIN(1.7, (101.3 / O90)^0.5) -> 0.80198167 | Q90: =G90 * P90 -> 22.455487 | R90: =EXP(1.63 + (9.7/(H90+0.01)) - ((15.7/(H90+0.01))^2)) -> 5.0882148 | S90: =Q90 + R90 -> 27.543702 | T90: =0.784 - 0.0768 * SQRT(S90) -> 0.38093752 | U90: =MIN(1.7, (101.3 / O90)^T90) -> 0.8452502 | V90: =(G90 * U90) + R90 -> 28.75522 | W90: =EXP((-1.012 - 1.126*SIN((D90/11.73)+5.133)) + (0.106 + 0.118*SIN((D90/11.28)+5.142))*I90) -> 0.90643373 | X90: =0.65 * J90 * (N90 / O90) * W90 -> 0.25924005 | Y90: =MIN(2.2, 1.09 + (V90 / 31.5)^2) -> 1.9233209 | Z90: =1 + (Y90 - 1) * (8.64 * EXP(-I90/4) - 1.325) -> 1.1628802 | AA90: =MIN(1.1, 1 - MIN(0.3, 1 / (18.9 - 2.55 * SQRT(V90))) * LN(O90 / 101.3)) -> 0.91554786 | AB90: =EXP((V90/14.1) + (V90/126)^2 - (V90/23.6)^3 + (V90/25.4)^4 - 2.8) -> 0.41692967 | AC90: =IF(X90=0, "N/A", (AB90 * Z90 * AA90) / X90) -> 1.7122876 | AD90: =IF(AC90>1, "NOT LIQUEFIABLE", "LIQUEFIABLE") -> NOT LIQUEFIABLE | AE90: =IF(AC90<1, 1-AC90, 0) -> 0 | AF90: =IF(D90<=20, 10 - (0.5 * D90), 0) -> 6.25 | AG90: =AE90 * AF90 * E90 -> 0 | AH90: =IF(AG90<=0,"Very Low",IF(AND(AG90>0,AG90<=5),"Low",IF(AND(AG90>5,AG90<=15),"High","Very High"))) -> Very Low
B91: 15.350594 | C91: 120.49278 | D91: =D90+1.5 -> 9 | E91: 1.5 | F91: 21 | G91: 31 | H91: 32.73 | I91: 7 | J91: 0.44 | K91: 8.5 | L91: SM | M91: =IF(D91<=K91, 0, (D91-K91)*9.81) -> 4.905 | N91: =IF(ROW()=2, D91*F91, N90 + (D91-D90)*F91) -> 189 | O91: =N91 - M91 -> 184.095 | P91: =MIN(1.7, (101.3 / O91)^0.5) -> 0.7417947 | Q91: =G91 * P91 -> 22.995636 | R91: =EXP(1.63 + (9.7/(H91+0.01)) - ((15.7/(H91+0.01))^2)) -> 5.4538356 | S91: =Q91 + R91 -> 28.449471 | T91: =0.784 - 0.0768 * SQRT(S91) -> 0.37436381 | U91: =MIN(1.7, (101.3 / O91)^T91) -> 0.79960931 | V91: =(G91 * U91) + R91 -> 30.241724 | W91: =EXP((-1.012 - 1.126*SIN((D91/11.73)+5.133)) + (0.106 + 0.118*SIN((D91/11.28)+5.142))*I91) -> 0.88044424 | X91: =0.65 * J91 * (N91 / O91) * W91 -> 0.25851616 | Y91: =MIN(2.2, 1.09 + (V91 / 31.5)^2) -> 2.0117051 | Z91: =1 + (Y91 - 1) * (8.64 * EXP(-I91/4) - 1.325) -> 1.1784717 | AA91: =MIN(1.1, 1 - MIN(0.3, 1 / (18.9 - 2.55 * SQRT(V91))) * LN(O91 / 101.3)) -> 0.87751169 | AB91: =EXP((V91/14.1) + (V91/126)^2 - (V91/23.6)^3 + (V91/25.4)^4 - 2.8) -> 0.50044451 | AC91: =IF(X91=0, "N/A", (AB91 * Z91 * AA91) / X91) -> 2.0018904 | AD91: =IF(AC91>1, "NOT LIQUEFIABLE", "LIQUEFIABLE") -> NOT LIQUEFIABLE | AE91: =IF(AC91<1, 1-AC91, 0) -> 0 | AF91: =IF(D91<=20, 10 - (0.5 * D91), 0) -> 5.5 | AG91: =AE91 * AF91 * E91 -> 0 | AH91: =IF(AG91<=0,"Very Low",IF(AND(AG91>0,AG91<=5),"Low",IF(AND(AG91>5,AG91<=15),"High","Very High"))) -> Very Low
B92: 15.350594 | C92: 120.49278 | D92: =D91+1.5 -> 10.5 | E92: 1.5 | F92: 20 | G92: 35 | H92: 31.5 | I92: 7 | J92: 0.44 | K92: 8.5 | L92: SM | M92: =IF(D92<=K92, 0, (D92-K92)*9.81) -> 19.62 | N92: =IF(ROW()=2, D92*F92, N91 + (D92-D91)*F92) -> 219 | O92: =N92 - M92 -> 199.38 | P92: =MIN(1.7, (101.3 / O92)^0.5) -> 0.71279382 | Q92: =G92 * P92 -> 24.947784 | R92: =EXP(1.63 + (9.7/(H92+0.01)) - ((15.7/(H92+0.01))^2)) -> 5.4172116 | S92: =Q92 + R92 -> 30.364995 | T92: =0.784 - 0.0768 * SQRT(S92) -> 0.36079789 | U92: =MIN(1.7, (101.3 / O92)^T92) -> 0.78324817 | V92: =(G92 * U92) + R92 -> 32.830898 | W92: =EXP((-1.012 - 1.126*SIN((D92/11.73)+5.133)) + (0.106 + 0.118*SIN((D92/11.28)+5.142))*I92) -> 0.8535246 | X92: =0.65 * J92 * (N92 / O92) * W92 -> 0.2681295 | Y92: =MIN(2.2, 1.09 + (V92 / 31.5)^2) -> 2.1762866 | Z92: =1 + (Y92 - 1) * (8.64 * EXP(-I92/4) - 1.325) -> 1.207505 | AA92: =MIN(1.1, 1 - MIN(0.3, 1 / (18.9 - 2.55 * SQRT(V92))) * LN(O92 / 101.3)) -> 0.84212293 | AB92: =EXP((V92/14.1) + (V92/126)^2 - (V92/23.6)^3 + (V92/25.4)^4 - 2.8) -> 0.73736533 | AC92: =IF(X92=0, "N/A", (AB92 * Z92 * AA92) / X92) -> 2.796421 | AD92: =IF(AC92>1, "NOT LIQUEFIABLE", "LIQUEFIABLE") -> NOT LIQUEFIABLE | AE92: =IF(AC92<1, 1-AC92, 0) -> 0 | AF92: =IF(D92<=20, 10 - (0.5 * D92), 0) -> 4.75 | AG92: =AE92 * AF92 * E92 -> 0 | AH92: =IF(AG92<=0,"Very Low",IF(AND(AG92>0,AG92<=5),"Low",IF(AND(AG92>5,AG92<=15),"High","Very High"))) -> Very Low
B93: 15.350594 | C93: 120.49278 | D93: =D92+1.5 -> 12 | E93: 1.5 | F93: 20 | G93: 40 | H93: 25.2 | I93: 7 | J93: 0.44 | K93: 8.5 | L93: SM | M93: =IF(D93<=K93, 0, (D93-K93)*9.81) -> 34.335 | N93: =IF(ROW()=2, D93*F93, N92 + (D93-D92)*F93) -> 249 | O93: =N93 - M93 -> 214.665 | P93: =MIN(1.7, (101.3 / O93)^0.5) -> 0.68694838 | Q93: =G93 * P93 -> 27.477935 | R93: =EXP(1.63 + (9.7/(H93+0.01)) - ((15.7/(H93+0.01))^2)) -> 5.0882148 | S93: =Q93 + R93 -> 32.56615 | T93: =0.784 - 0.0768 * SQRT(S93) -> 0.34572729 | U93: =MIN(1.7, (101.3 / O93)^T93) -> 0.77133036 | V93: =(G93 * U93) + R93 -> 35.941429 | W93: =EXP((-1.012 - 1.126*SIN((D93/11.73)+5.133)) + (0.106 + 0.118*SIN((D93/11.28)+5.142))*I93) -> 0.82611022 | X93: =0.65 * J93 * (N93 / O93) * W93 -> 0.27405778 | Y93: =MIN(2.2, 1.09 + (V93 / 31.5)^2) -> 2.2 | Z93: =1 + (Y93 - 1) * (8.64 * EXP(-I93/4) - 1.325) -> 1.2116882 | AA93: =MIN(1.1, 1 - MIN(0.3, 1 / (18.9 - 2.55 * SQRT(V93))) * LN(O93 / 101.3)) -> 0.79211007 | AB93: =EXP((V93/14.1) + (V93/126)^2 - (V93/23.6)^3 + (V93/25.4)^4 - 2.8) -> 1.3596981 | AC93: =IF(X93=0, "N/A", (AB93 * Z93 * AA93) / X93) -> 4.7618618 | AD93: =IF(AC93>1, "NOT LIQUEFIABLE", "LIQUEFIABLE") -> NOT LIQUEFIABLE | AE93: =IF(AC93<1, 1-AC93, 0) -> 0 | AF93: =IF(D93<=20, 10 - (0.5 * D93), 0) -> 4 | AG93: =AE93 * AF93 * E93 -> 0 | AH93: =IF(AG93<=0,"Very Low",IF(AND(AG93>0,AG93<=5),"Low",IF(AND(AG93>5,AG93<=15),"High","Very High"))) -> Very Low
B94: 15.350594 | C94: 120.49278 | D94: =D93+1.5 -> 13.5 | E94: 1.5 | F94: 20 | G94: 43 | H94: 30.59 | I94: 7 | J94: 0.44 | K94: 8.5 | L94: SM | M94: =IF(D94<=K94, 0, (D94-K94)*9.81) -> 49.05 | N94: =IF(ROW()=2, D94*F94, N93 + (D94-D93)*F94) -> 279 | O94: =N94 - M94 -> 229.95 | P94: =MIN(1.7, (101.3 / O94)^0.5) -> 0.66372475 | Q94: =G94 * P94 -> 28.540164 | R94: =EXP(1.63 + (9.7/(H94+0.01)) - ((15.7/(H94+0.01))^2)) -> 5.3857183 | S94: =Q94 + R94 -> 33.925883 | T94: =0.784 - 0.0768 * SQRT(S94) -> 0.33667126 | U94: =MIN(1.7, (101.3 / O94)^T94) -> 0.75881684 | V94: =(G94 * U94) + R94 -> 38.014842 | W94: =EXP((-1.012 - 1.126*SIN((D94/11.73)+5.133)) + (0.106 + 0.118*SIN((D94/11.28)+5.142))*I94) -> 0.79861349 | X94: =0.65 * J94 * (N94 / O94) * W94 -> 0.27712357 | Y94: =MIN(2.2, 1.09 + (V94 / 31.5)^2) -> 2.2 | Z94: =1 + (Y94 - 1) * (8.64 * EXP(-I94/4) - 1.325) -> 1.2116882 | AA94: =MIN(1.1, 1 - MIN(0.3, 1 / (18.9 - 2.55 * SQRT(V94))) * LN(O94 / 101.3)) -> 0.75406736 | AB94: =EXP((V94/14.1) + (V94/126)^2 - (V94/23.6)^3 + (V94/25.4)^4 - 2.8) -> 2.2819081 | AC94: =IF(X94=0, "N/A", (AB94 * Z94 * AA94) / X94) -> 7.5236003 | AD94: =IF(AC94>1, "NOT LIQUEFIABLE", "LIQUEFIABLE") -> NOT LIQUEFIABLE | AE94: =IF(AC94<1, 1-AC94, 0) -> 0 | AF94: =IF(D94<=20, 10 - (0.5 * D94), 0) -> 3.25 | AG94: =AE94 * AF94 * E94 -> 0 | AH94: =IF(AG94<=0,"Very Low",IF(AND(AG94>0,AG94<=5),"Low",IF(AND(AG94>5,AG94<=15),"High","Very High"))) -> Very Low
B95: 15.350594 | C95: 120.49278 | D95: =D94+1.5 -> 15 | E95: 1.5 | F95: 20 | G95: 50 | H95: 33.13 | I95: 7 | J95: 0.44 | K95: 8.5 | L95: SM | M95: =IF(D95<=K95, 0, (D95-K95)*9.81) -> 63.765 | N95: =IF(ROW()=2, D95*F95, N94 + (D95-D94)*F95) -> 309 | O95: =N95 - M95 -> 245.235 | P95: =MIN(1.7, (101.3 / O95)^0.5) -> 0.64270769 | Q95: =G95 * P95 -> 32.135384 | R95: =EXP(1.63 + (9.7/(H95+0.01)) - ((15.7/(H95+0.01))^2)) -> 5.464435 | S95: =Q95 + R95 -> 37.599819 | T95: =0.784 - 0.0768 * SQRT(S95) -> 0.31307245 | U95: =MIN(1.7, (101.3 / O95)^T95) -> 0.75820847 | V95: =(G95 * U95) + R95 -> 43.374858 | W95: =EXP((-1.012 - 1.126*SIN((D95/11.73)+5.133)) + (0.106 + 0.118*SIN((D95/11.28)+5.142))*I95) -> 0.7714163 | X95: =0.65 * J95 * (N95 / O95) * W95 -> 0.27799109 | Y95: =MIN(2.2, 1.09 + (V95 / 31.5)^2) -> 2.2 | Z95: =1 + (Y95 - 1) * (8.64 * EXP(-I95/4) - 1.325) -> 1.2116882 | AA95: =MIN(1.1, 1 - MIN(0.3, 1 / (18.9 - 2.55 * SQRT(V95))) * LN(O95 / 101.3)) -> 0.73476084 | AB95: =EXP((V95/14.1) + (V95/126)^2 - (V95/23.6)^3 + (V95/25.4)^4 - 2.8) -> 14.735251 | AC95: =IF(X95=0, "N/A", (AB95 * Z95 * AA95) / X95) -> 47.191475 | AD95: =IF(AC95>1, "NOT LIQUEFIABLE", "LIQUEFIABLE") -> NOT LIQUEFIABLE | AE95: =IF(AC95<1, 1-AC95, 0) -> 0 | AF95: =IF(D95<=20, 10 - (0.5 * D95), 0) -> 2.5 | AG95: =AE95 * AF95 * E95 -> 0 | AH95: =IF(AG95<=0,"Very Low",IF(AND(AG95>0,AG95<=5),"Low",IF(AND(AG95>5,AG95<=15),"High","Very High"))) -> Very Low
AF96: TOTAL | AG96: =SUM(AG86:AG95) -> 0 | AH96: =IF(AG96<=0,"Very Low",IF(AND(AG96>0,AG96<=5),"Low",IF(AND(AG96>5,AG96<=15),"High","Very High"))) -> Very Low
A97: No. of Boreholes | B97: Latitude | C97: Longitude | E97: Layer Thickness (z2) | F97: Total Unit Weight (y) | G97: N60 | H97: Fines Content (FC) | I97: Magnitude | J97: Peak Ground Acceleration (PGA) | K97: Gound Water Level (GWL) | L97: Soil Type | M97: Pore Pressure (u) | O97: Effective Stress | P97: Cn | Q97: N169 | R97: N160_11 | S97: N160cs | T97: m | U97: Cn_final | V97: N160cs_final | W97: rd | X97: CSR | Y97: MSFmax | Z97: MSF | AA97: Ko | AB97: CRR7.14 | AC97: FS | AD97: Remarks | AE97: Severity (Fi) | AF97: Weighting Factor | AG97: LPI | AH97: Remarks | AI97: Footing Width, B | AJ97: Depth of Footing, Df | AK97: Tolerable Settlement | AL97: Depth Factor, Fd | AM97: N | AN97: N_Design | AO97: Nc | AP97: SBC (qa) | AQ97: SBC (qa) NEW
A98: 10 | B98: 15.365694 | C98: 120.44852 | D98: 1.5 | E98: 1.5 | F98: 20.8 | G98: 11 | H98: 27.95 | I98: 7 | J98: 0.48 | K98: 2 | L98: SM | M98: =IF(D98<=K98, 0, (D98-K98)*9.81) -> 0 | N98: =IF(ROW()=2, D98*F98, N97 + (D98-D97)*F98) -> 31.2 | O98: =N98 - M98 -> 31.2 | P98: =MIN(1.7, (101.3 / O98)^0.5) -> 1.7 | Q98: =G98 * P98 -> 18.7 | R98: =EXP(1.63 + (9.7/(H98+0.01)) - ((15.7/(H98+0.01))^2)) -> 5.267856 | S98: =Q98 + R98 -> 23.967856 | T98: =0.784 - 0.0768 * SQRT(S98) -> 0.40801042 | U98: =MIN(1.7, (101.3 / O98)^T98) -> 1.6168842 | V98: =(G98 * U98) + R98 -> 23.053582 | W98: =EXP((-1.012 - 1.126*SIN((D98/11.73)+5.133)) + (0.106 + 0.118*SIN((D98/11.28)+5.142))*I98) -> 0.99216797 | X98: =0.65 * J98 * (N98 / O98) * W98 -> 0.30955641 | Y98: =MIN(2.2, 1.09 + (V98 / 31.5)^2) -> 1.6256187 | Z98: =1 + (Y98 - 1) * (8.64 * EXP(-I98/4) - 1.325) -> 1.1103634 | AA98: =MIN(1.1, 1 - MIN(0.3, 1 / (18.9 - 2.55 * SQRT(V98))) * LN(O98 / 101.3)) -> 1.1 | AB98: =EXP((V98/14.1) + (V98/126)^2 - (V98/23.6)^3 + (V98/25.4)^4 - 2.8) -> 0.25031223 | AC98: =IF(X98=0, "N/A", (AB98 * Z98 * AA98) / X98) -> 0.98764327 | AD98: =IF(AC98>1, "NOT LIQUEFIABLE", "LIQUEFIABLE") -> LIQUEFIABLE | AE98: =IF(AC98<1, 1-AC98, 0) -> 0.012356732 | AF98: =IF(D98<=20, 10 - (0.5 * D98), 0) -> 9.25 | AG98: =AE98 * AF98 * E98 -> 0.17144965 | AH98: =IF(AG98<=0,"Very Low",IF(AND(AG98>0,AG98<=5),"Low",IF(AND(AG98>5,AG98<=15),"High","Very High"))) -> Low | AI98: 3 | AJ98: 1.5 | AK98: 25 | AL98: =MIN(1 + 0.33 * (AJ98 / AI98), 1.33) -> 1.165 | AM98: =AVERAGEIFS(G98:G107, D98:D107, ">" & AJ98, D98:D107, "<" & (AJ98 + AI98 + 1.5)) -> 9.5 | AN98: {=_xlfn.LET( _xlpm.Df, AJ98, _xlpm.B, AI98, _xlpm.LayerBottoms, D98:D107, _xlpm.LayerTops, D98:D107 - E98:E107, _xlpm.N_values, G98:G107, _xlpm.FilteredN, _xlfn._xlws.FILTER(_xlpm.N_values, (_xlpm.LayerBottoms > _xlpm.Df) * (_xlpm.LayerTops < (_xlpm.Df + 2*_xlpm.B))), _xlpm.i, _xlfn.SEQUENCE(ROWS(_xlpm.FilteredN)), SUM(_xlpm.FilteredN / _xlpm.i^2) / SUM(1 / _xlpm.i^2) )} -> 11.42439 | AO98: =MIN(6 * (1 + 0.2 * (AJ98 / AI98)), 9) -> 6.6 | AP98: =IF(AI98<=1.2,12*AM98*AL98*(AK98/25.4),8*AM98*((3.28*AI98+1)/(3.28*AI98))^2*AL98*(AK98/25.4)) -> 105.75823 | AQ98: {=_xlfn.LET( _xlpm.Df, AJ98, _xlpm.B, AI98, _xlpm.Settlement, AK98, _xlpm.NMeyerhof, AM98, _xlpm.NDesign, AN98, _xlpm.Nc, AO98, _xlpm.Fd, AL98, _xlpm.LayerBottoms, D98:D107, _xlpm.LayerThickness, E98:E107, _xlpm.USCS, L98:L107, _xlpm.LayerTops, _xlpm.LayerBottoms - _xlpm.LayerThickness, _xlpm.Overlap, (_xlpm.LayerBottoms > _xlpm.Df) * (_xlpm.LayerTops < (_xlpm.Df + 2*_xlpm.B)), _xlpm.FilteredUSCS, _xlfn._xlws.FILTER(_xlpm.USCS, _xlpm.Overlap, "None"), _xlpm.TotalLayers, ROWS(_xlpm.FilteredUSCS), _xlpm.CohesiveCount, SUM(--(ISNUMBER(MATCH(_xlpm.FilteredUSCS, {"CH","MH","CL","ML","OH","OL"}, 0)))), _xlpm.CohesionlessCount, SUM(--(ISNUMBER(MATCH(_xlpm.FilteredUSCS, {"GW","GP","GM","GC","SW","SP","SM","SC"}, 0)))), _xlpm.ZoneType, IF(INDEX(_xlpm.FilteredUSCS,1)="None", "No Soil", IF(_xlpm.CohesiveCount = _xlpm.TotalLayers, "Cohesive", IF(_xlpm.CohesionlessCount = _xlpm.TotalLayers, "Cohesionless", "Mixed"))), IF(_xlpm.ZoneType = "Cohesive", 2 * _xlpm.NDesign * _xlpm.Nc, IF(_xlpm.ZoneType = "Cohesionless", IF(_xlpm.B <= 1.2, 12 * _xlpm.NMeyerhof * _xlpm.Fd * (_xlpm.Settlement / 25.4), 8 * _xlpm.NMeyerhof * ((3.28 * _xlpm.B + 1) / (3.28 * _xlpm.B))^2 * _xlpm.Fd * (_xlpm.Settlement / 25.4) ), "Mixed Zone - Needs Manual Analysis" ) ) )} -> 105.75823 | AR98: {=_xlfn.LET( _xlpm.Df, AJ98, _xlpm.B, AI98, _xlpm.Settlement, AK98, _xlpm.NMeyerhof, AM98, _xlpm.NDesign, AN98, _xlpm.Nc, AO98, _xlpm.Fd, AL98, _xlpm.LayerBottoms, D98:D107, _xlpm.LayerThickness, E98:E107, _xlpm.USCS, L98:L107, _xlpm.LayerTops, _xlpm.LayerBottoms - _xlpm.LayerThickness, _xlpm.Overlap, (_xlpm.LayerBottoms > _xlpm.Df) * (_xlpm.LayerTops < (_xlpm.Df + 2*_xlpm.B)), _xlpm.FilteredUSCS, _xlfn._xlws.FILTER(_xlpm.USCS, _xlpm.Overlap, "None"), _xlpm.TotalLayers, ROWS(_xlpm.FilteredUSCS), _xlpm.CohesiveCount, SUM(--(ISNUMBER(MATCH(_xlpm.FilteredUSCS, {"CH","MH","CL","ML","OH","OL"}, 0)))), _xlpm.CohesionlessCount, SUM(--(ISNUMBER(MATCH(_xlpm.FilteredUSCS, {"GW","GP","GM","GC","SW","SP","SM","SC"}, 0)))), _xlpm.ZoneType, IF(INDEX(_xlpm.FilteredUSCS,1)="None", "No Soil", IF(_xlpm.CohesiveCount = _xlpm.TotalLayers, "Cohesive", IF(_xlpm.CohesionlessCount = _xlpm.TotalLayers, "Cohesionless", "Mixed"))), _xlpm.Qa_Cohesive, 2 * _xlpm.NDesign * _xlpm.Nc, _xlpm.Qa_Cohesionless, IF(_xlpm.B <= 1.2, 12 * _xlpm.NMeyerhof * _xlpm.Fd * (_xlpm.Settlement / 25.4), 8 * _xlpm.NMeyerhof * ((3.28 * _xlpm.B + 1) / (3.28 * _xlpm.B))^2 * _xlpm.Fd * (_xlpm.Settlement / 25.4)), IF(_xlpm.ZoneType = "Cohesive", _xlpm.Qa_Cohesive, IF(_xlpm.ZoneType = "Cohesionless", _xlpm.Qa_Cohesionless, IF(_xlpm.ZoneType = "Mixed", MIN(_xlpm.Qa_Cohesive, _xlpm.Qa_Cohesionless), "Invalid Data" ) ) ) )} -> 105.75823 | AS98: {=_xlfn.LET( _xlpm.Df, AJ98, _xlpm.B, AI98, _xlpm.Settlement, AK98, _xlpm.NMeyerhof, AM98, _xlpm.NDesign, AN98, _xlpm.Nc, AO98, _xlpm.Fd, AL98, _xlpm.LayerBottoms, D98:D107, _xlpm.LayerThickness, E98:E107, _xlpm.Material, L98:L107, _xlpm.LayerTops, _xlpm.LayerBottoms - _xlpm.LayerThickness, _xlpm.Overlap, (_xlpm.LayerBottoms > _xlpm.Df) * (_xlpm.LayerTops < (_xlpm.Df + 2*_xlpm.B)), _xlpm.FilteredMat, _xlfn._xlws.FILTER(_xlpm.Material, _xlpm.Overlap, "None"), _xlpm.TotalLayers, ROWS(_xlpm.FilteredMat), _xlpm.RockCount, SUM(--(ISNUMBER(MATCH(_xlpm.FilteredMat, {"Sandstone","Basalt","Cobblestone","Cobble Stone","Coring","Tuff"}, 0)))), _xlpm.CohesiveCount, SUM(--(ISNUMBER(MATCH(_xlpm.FilteredMat, {"CH","MH","CL","ML","OH","OL","Silty Tuff"}, 0)))), _xlpm.CohesionlessCount, SUM(--(ISNUMBER(MATCH(_xlpm.FilteredMat, {"GW","GP","GM","GC","SW","SP","SM","SC","Gravel"}, 0)))), _xlpm.ZoneType, IF(INDEX(_xlpm.FilteredMat,1)="None", "No Soil", IF(_xlpm.RockCount > 0, "Rock", IF(_xlpm.CohesiveCount = _xlpm.TotalLayers, "Cohesive", IF(_xlpm.CohesionlessCount = _xlpm.TotalLayers, "Cohesionless", "Mixed" ) ) ) ), _xlpm.Qa_Cohesive, 2 * _xlpm.NDesign * _xlpm.Nc, _xlpm.Qa_Cohesionless, IF(_xlpm.B <= 1.2, 12 * _xlpm.NMeyerhof * _xlpm.Fd * (_xlpm.Settlement / 25.4), 8 * _xlpm.NMeyerhof * ((3.28 * _xlpm.B + 1) / (3.28 * _xlpm.B))^2 * _xlpm.Fd * (_xlpm.Settlement / 25.4)), IF(_xlpm.ZoneType = "Rock", "N/A - Rock/Cobble Detected (Use Rock Mechanics)", IF(_xlpm.ZoneType = "Cohesive", _xlpm.Qa_Cohesive, IF(_xlpm.ZoneType = "Cohesionless", _xlpm.Qa_Cohesionless, IF(_xlpm.ZoneType = "Mixed", MIN(_xlpm.Qa_Cohesive, _xlpm.Qa_Cohesionless), "Invalid Data" ) ) ) ) )} -> 105.75823
B99: 15.365694 | C99: 120.44852 | D99: =D98+1.5 -> 3 | E99: 1.5 | F99: 20.8 | G99: 11 | H99: 27.95 | I99: 7 | J99: 0.48 | K99: 2 | L99: SM | M99: =IF(D99<=K99, 0, (D99-K99)*9.81) -> 9.81 | N99: =IF(ROW()=2, D99*F99, N98 + (D99-D98)*F99) -> 62.4 | O99: =N99 - M99 -> 52.59 | P99: =MIN(1.7, (101.3 / O99)^0.5) -> 1.3878839 | Q99: =G99 * P99 -> 15.266723 | R99: =EXP(1.63 + (9.7/(H99+0.01)) - ((15.7/(H99+0.01))^2)) -> 5.267856 | S99: =Q99 + R99 -> 20.534579 | T99: =0.784 - 0.0768 * SQRT(S99) -> 0.43598007 | U99: =MIN(1.7, (101.3 / O99)^T99) -> 1.3308413 | V99: =(G99 * U99) + R99 -> 19.90711 | W99: =EXP((-1.012 - 1.126*SIN((D99/11.73)+5.133)) + (0.106 + 0.118*SIN((D99/11.28)+5.142))*I99) -> 0.97433785 | X99: =0.65 * J99 * (N99 / O99) * W99 -> 0.36069954 | Y99: =MIN(2.2, 1.09 + (V99 / 31.5)^2) -> 1.4893883 | Z99: =1 + (Y99 - 1) * (8.64 * EXP(-I99/4) - 1.325) -> 1.0863315 | AA99: =MIN(1.1, 1 - MIN(0.3, 1 / (18.9 - 2.55 * SQRT(V99))) * LN(O99 / 101.3)) -> 1.0871458 | AB99: =EXP((V99/14.1) + (V99/126)^2 - (V99/23.6)^3 + (V99/25.4)^4 - 2.8) -> 0.20472932 | AC99: =IF(X99=0, "N/A", (AB99 * Z99 * AA99) / X99) -> 0.67032376 | AD99: =IF(AC99>1, "NOT LIQUEFIABLE", "LIQUEFIABLE") -> LIQUEFIABLE | AE99: =IF(AC99<1, 1-AC99, 0) -> 0.32967624 | AF99: =IF(D99<=20, 10 - (0.5 * D99), 0) -> 8.5 | AG99: =AE99 * AF99 * E99 -> 4.2033721 | AH99: =IF(AG99<=0,"Very Low",IF(AND(AG99>0,AG99<=5),"Low",IF(AND(AG99>5,AG99<=15),"High","Very High"))) -> Low
B100: 15.365694 | C100: 120.44852 | D100: =D99+1.5 -> 4.5 | E100: 1.5 | F100: 19.8 | G100: 8 | H100: 33.2 | I100: 7 | J100: 0.48 | K100: 2 | L100: SM | M100: =IF(D100<=K100, 0, (D100-K100)*9.81) -> 24.525 | N100: =IF(ROW()=2, D100*F100, N99 + (D100-D99)*F100) -> 92.1 | O100: =N100 - M100 -> 67.575 | P100: =MIN(1.7, (101.3 / O100)^0.5) -> 1.2243672 | Q100: =G100 * P100 -> 9.7949378 | R100: =EXP(1.63 + (9.7/(H100+0.01)) - ((15.7/(H100+0.01))^2)) -> 5.4662287 | S100: =Q100 + R100 -> 15.261166 | T100: =0.784 - 0.0768 * SQRT(S100) -> 0.48397663 | U100: =MIN(1.7, (101.3 / O100)^T100) -> 1.2164504 | V100: =(G100 * U100) + R100 -> 15.197832 | W100: =EXP((-1.012 - 1.126*SIN((D100/11.73)+5.133)) + (0.106 + 0.118*SIN((D100/11.28)+5.142))*I100) -> 0.95382539 | X100: =0.65 * J100 * (N100 / O100) * W100 -> 0.40559916 | Y100: =MIN(2.2, 1.09 + (V100 / 31.5)^2) -> 1.3227781 | Z100: =1 + (Y100 - 1) * (8.64 * EXP(-I100/4) - 1.325) -> 1.0569403 | AA100: =MIN(1.1, 1 - MIN(0.3, 1 / (18.9 - 2.55 * SQRT(V100))) * LN(O100 / 101.3)) -> 1.0451891 | AB100: =EXP((V100/14.1) + (V100/126)^2 - (V100/23.6)^3 + (V100/25.4)^4 - 2.8) -> 0.15779171 | AC100: =IF(X100=0, "N/A", (AB100 * Z100 * AA100) / X100) -> 0.4297664 | AD100: =IF(AC100>1, "NOT LIQUEFIABLE", "LIQUEFIABLE") -> LIQUEFIABLE | AE100: =IF(AC100<1, 1-AC100, 0) -> 0.5702336 | AF100: =IF(D100<=20, 10 - (0.5 * D100), 0) -> 7.75 | AG100: =AE100 * AF100 * E100 -> 6.6289656 | AH100: =IF(AG100<=0,"Very Low",IF(AND(AG100>0,AG100<=5),"Low",IF(AND(AG100>5,AG100<=15),"High","Very High"))) -> High
...

Sheet Settlement
A1: No. of Borehole | B1: Latitude | C1: Longitude | D1: Depth of Soil (D) | E1: Building Load (P) - KN | F1: Width (B) | G1: Unit Weight | H1: SPT N-Value | I1: Modulus of Elasticity | J1: Weight of Footing | K1: q(gross) | L1: Depth of footing (Df) | M1: Unit Weight | N1: Ground Water Level | O1: Porewater at foundation level | P1: Effective Overburden Pressure at foundation level | Q1: Net Foundation Contact Pressure (qn) | R1: Po | S1: Peak Strain Influence Factor (Izp) | T1: Strain Influence Factor (Iz) | U1: Layer Thickness | V1: Correction Factor (C1) | W1: Elapsed time in years (t) | X1: Correction Factor (C2) | Y1: Elastic Settlement | Z1: FS | AA1: Remarks | AB1: Volumetric Strain | AC1: Volumetric Settlement | AD1: Settlement | AE1: Remarks
A2: No.1 | B2: 15.279407 | C2: 120.5691 | D2: 1.5 | E2: 1500 | F2: 3 | G2: 21 | H2: 17 | I2: 27.5 | J2: =E2*0.1 -> 150 | K2: =(E2+J2)/(F2*F2) -> 183.33333 | L2: 1.5 | M2: 21 | N2: 9 | O2: =MAX(0, 9.81 * (L2 - N2)) -> 0 | P2: =(L2 * M2) - O2 -> 31.5 | Q2: =K2-P2 -> 151.83333 | R2: =(M2 * ($L$2 + ($F$2 / 2))) - O2 -> 63 | S2: =0.5 + 0.1 * SQRT(Q2 / R2) -> 0.65524345 | T2: =IF((D2 - (D2/2)) <= L2, 0, IF(( (D2 - (D2/2)) - L2) > (2 * F2), 0, IF(( (D2 - (D2/2)) - L2) <= (F2 / 2), (2 * ( (D2 - (D2/2)) - L2) / F2) * (S2 - 0.1) + 0.1, ((2 * F2) - ( (D2 - (D2/2)) - L2)) / (1.5 * F2) * S2))) -> 0 | U2: 1.5 | V2: =MAX(0.5, 1 - 0.5 * (P2 / Q2)) -> 0.89626784 | W2: 3 | X2: =1 + 0.2 *LOG10(10 * W2) -> 1.2954243 | Y2: =((Q2 / (I2 * 1000)) * T2) * U2 * V2 * X2*1000 -> 0 | Z2: ='Liquefaction & SBC'!AC2 -> 2.6832021 | AA2: ='Liquefaction & SBC'!AD2 -> NOT LIQUEFIABLE | AB2: =IF(OR(D2>(2*F2), Z2>=2), 0, IF(Z2<=0.5, 0.05, (2-Z2)*0.025)) -> 0 | AC2: =AB2 * U2*1000 -> 0 | AD2: =Y2+AC2 -> 0
B3: 15.279407 | C3: 120.5691 | D3: =D2+1.5 -> 3 | E3: =E$2 -> 1500 | F3: =F$2 -> 3 | G3: 21 | H3: 17 | I3: 32.5 | J3: =E3*0.1 -> 150 | K3: =(E3+J3)/(F3*F3) -> 183.33333 | L3: 1.5 | M3: 21 | N3: 9 | O3: =MAX(0, 9.81 * (L3 - N3)) -> 0 | P3: =(L3 * M3) - O3 -> 31.5 | Q3: =K3-P3 -> 151.83333 | R3: =(M3 * ($L$2 + ($F$2 / 2))) - O3 -> 63 | S3: =0.5 + 0.1 * SQRT(Q3 / R3) -> 0.65524345 | T3: =IF(((D3 - (D3 - D2)/2) - L3) <= 0, 0, IF(((D3 - (D3 - D2)/2) - L3) > (2 * F3), 0, IF(((D3 - (D3 - D2)/2) - L3) <= (F3 / 2), (2 * ((D3 - (D3 - D2)/2) - L3) / F3) * (S3 - 0.1) + 0.1, ((2 * F3) - ((D3 - (D3 - D2)/2) - L3)) / (1.5 * F3) * S3))) -> 0.37762173 | U3: 1.5 | V3: =MAX(0.5, 1 - 0.5 * (P3 / Q3)) -> 0.89626784 | W3: 3 | X3: =1 + 0.2 *LOG10(10 * W3) -> 1.2954243 | Y3: =((Q3 / (I3 * 1000)) * T3) * U3 * V3 * X3*1000 -> 3.0724288 | Z3: ='Liquefaction & SBC'!AC3 -> 1.5321385 | AA3: ='Liquefaction & SBC'!AD3 -> NOT LIQUEFIABLE | AB3: =IF(OR(D3>(2*F3), Z3>=2), 0, IF(Z3<=0.5, 0.05, (2-Z3)*0.025)) -> 0.011696538 | AC3: =AB3 * U3*1000 -> 17.544807 | AD3: =Y3+AC3 -> 20.617236
B4: 15.279407 | C4: 120.5691 | D4: =D3+1.5 -> 4.5 | E4: =E$2 -> 1500 | F4: =F$2 -> 3 | G4: 20 | H4: 21 | I4: 32.5 | J4: =E4*0.1 -> 150 | K4: =(E4+J4)/(F4*F4) -> 183.33333 | L4: 1.5 | M4: 20 | N4: 9 | O4: =MAX(0, 9.81 * (L4 - N4)) -> 0 | P4: =(L4 * M4) - O4 -> 30 | Q4: =K4-P4 -> 153.33333 | R4: =(M4 * ($L$2 + ($F$2 / 2))) - O4 -> 60 | S4: =0.5 + 0.1 * SQRT(Q4 / R4) -> 0.65986105 | T4: =IF(((D4 - (D4 - D3)/2) - L4) <= 0, 0, IF(((D4 - (D4 - D3)/2) - L4) > (2 * F4), 0, IF(((D4 - (D4 - D3)/2) - L4) <= (F4 / 2), (2 * ((D4 - (D4 - D3)/2) - L4) / F4) * (S4 - 0.1) + 0.1, ((2 * F4) - ((D4 - (D4 - D3)/2) - L4)) / (1.5 * F4) * S4))) -> 0.54988421 | U4: 1.5 | V4: =MAX(0.5, 1 - 0.5 * (P4 / Q4)) -> 0.90217391 | W4: 3 | X4: =1 + 0.2 *LOG10(10 * W4) -> 1.2954243 | Y4: =((Q4 / (I4 * 1000)) * T4) * U4 * V4 * X4*1000 -> 4.5479744 | Z4: ='Liquefaction & SBC'!AC4 -> 1.586862 | AA4: ='Liquefaction & SBC'!AD4 -> NOT LIQUEFIABLE | AB4: =IF(OR(D4>(2*F4), Z4>=2), 0, IF(Z4<=0.5, 0.05, (2-Z4)*0.025)) -> 0.010328449 | AC4: =AB4 * U4*1000 -> 15.492674 | AD4: =Y4+AC4 -> 20.040648
B5: 15.279407 | C5: 120.5691 | D5: =D4+1.5 -> 6 | E5: =E$2 -> 1500 | F5: =F$2 -> 3 | G5: 20 | H5: 23 | I5: 32.5 | J5: =E5*0.1 -> 150 | K5: =(E5+J5)/(F5*F5) -> 183.33333 | L5: 1.5 | M5: 20 | N5: 9 | O5: =MAX(0, 9.81 * (L5 - N5)) -> 0 | P5: =(L5 * M5) - O5 -> 30 | Q5: =K5-P5 -> 153.33333 | R5: =(M5 * ($L$2 + ($F$2 / 2))) - O5 -> 60 | S5: =0.5 + 0.1 * SQRT(Q5 / R5) -> 0.65986105 | T5: =IF(((D5 - (D5 - D4)/2) - L5) <= 0, 0, IF(((D5 - (D5 - D4)/2) - L5) > (2 * F5), 0, IF(((D5 - (D5 - D4)/2) - L5) <= (F5 / 2), (2 * ((D5 - (D5 - D4)/2) - L5) / F5) * (S5 - 0.1) + 0.1, ((2 * F5) - ((D5 - (D5 - D4)/2) - L5)) / (1.5 * F5) * S5))) -> 0.32993053 | U5: 1.5 | V5: =MAX(0.5, 1 - 0.5 * (P5 / Q5)) -> 0.90217391 | W5: 3 | X5: =1 + 0.2 *LOG10(10 * W5) -> 1.2954243 | Y5: =((Q5 / (I5 * 1000)) * T5) * U5 * V5 * X5*1000 -> 2.7287846 | Z5: ='Liquefaction & SBC'!AC5 -> 1.4787189 | AA5: ='Liquefaction & SBC'!AD5 -> NOT LIQUEFIABLE | AB5: =IF(AA5="NOT LIQUEFIABLE", 0, IF(Z5>=2, 0, IF(Z5<=0.5, 0.05, (2-Z5)*0.025))) -> 0 | AC5: =AB5 * U5*1000 -> 0 | AD5: =Y5+AC5 -> 2.7287846
B6: 15.279407 | C6: 120.5691 | D6: =D5+1.5 -> 7.5 | E6: =E$2 -> 1500 | F6: =F$2 -> 3 | G6: 20 | H6: 29 | I6: 35 | J6: =E6*0.1 -> 150 | K6: =(E6+J6)/(F6*F6) -> 183.33333 | L6: 1.5 | M6: 20 | N6: 9 | O6: =MAX(0, 9.81 * (L6 - N6)) -> 0 | P6: =(L6 * M6) - O6 -> 30 | Q6: =K6-P6 -> 153.33333 | R6: =(M6 * ($L$2 + ($F$2 / 2))) - O6 -> 60 | S6: =0.5 + 0.1 * SQRT(Q6 / R6) -> 0.65986105 | T6: =IF(((D6 - (D6 - D5)/2) - L6) <= 0, 0, IF(((D6 - (D6 - D5)/2) - L6) > (2 * F6), 0, IF(((D6 - (D6 - D5)/2) - L6) <= (F6 / 2), (2 * ((D6 - (D6 - D5)/2) - L6) / F6) * (S6 - 0.1) + 0.1, ((2 * F6) - ((D6 - (D6 - D5)/2) - L6)) / (1.5 * F6) * S6))) -> 0.10997684 | U6: 1.5 | V6: =MAX(0.5, 1 - 0.5 * (P6 / Q6)) -> 0.90217391 | W6: 3 | X6: =1 + 0.2 *LOG10(10 * W6) -> 1.2954243 | Y6: =((Q6 / (I6 * 1000)) * T6) * U6 * V6 * X6*1000 -> 0.84462382 | Z6: ='Liquefaction & SBC'!AC6 -> 1.8940256 | AA6: ='Liquefaction & SBC'!AD6 -> NOT LIQUEFIABLE | AB6: =IF(AA6="NOT LIQUEFIABLE", 0, IF(Z6>=2, 0, IF(Z6<=0.5, 0.05, (2-Z6)*0.025))) -> 0 | AC6: =AB6 * U6*1000 -> 0 | AD6: =Y6+AC6 -> 0.84462382
B7: 15.279407 | C7: 120.5691 | D7: =D6+1.5 -> 9 | E7: =E$2 -> 1500 | F7: =F$2 -> 3 | G7: 21 | H7: 35 | I7: 35 | J7: =E7*0.1 -> 150 | K7: =(E7+J7)/(F7*F7) -> 183.33333 | L7: 1.5 | M7: 21 | N7: 9 | O7: =MAX(0, 9.81 * (L7 - N7)) -> 0 | P7: =(L7 * M7) - O7 -> 31.5 | Q7: =K7-P7 -> 151.83333 | R7: =(M7 * ($L$2 + ($F$2 / 2))) - O7 -> 63 | S7: =0.5 + 0.1 * SQRT(Q7 / R7) -> 0.65524345 | T7: =IF(((D7 - (D7 - D6)/2) - L7) <= 0, 0, IF(((D7 - (D7 - D6)/2) - L7) > (2 * F7), 0, IF(((D7 - (D7 - D6)/2) - L7) <= (F7 / 2), (2 * ((D7 - (D7 - D6)/2) - L7) / F7) * (S7 - 0.1) + 0.1, ((2 * F7) - ((D7 - (D7 - D6)/2) - L7)) / (1.5 * F7) * S7))) -> 0 | U7: 1.5 | V7: =MAX(0.5, 1 - 0.5 * (P7 / Q7)) -> 0.89626784 | W7: 3 | X7: =1 + 0.2 *LOG10(10 * W7) -> 1.2954243 | Y7: =((Q7 / (I7 * 1000)) * T7) * U7 * V7 * X7*1000 -> 0 | Z7: ='Liquefaction & SBC'!AC7 -> 3.96072 | AA7: ='Liquefaction & SBC'!AD7 -> NOT LIQUEFIABLE | AB7: =IF(AA7="NOT LIQUEFIABLE", 0, IF(Z7>=2, 0, IF(Z7<=0.5, 0.05, (2-Z7)*0.025))) -> 0 | AC7: =AB7 * U7*1000 -> 0 | AD7: =Y7+AC7 -> 0
B8: 15.279407 | C8: 120.5691 | D8: =D7+1.5 -> 10.5 | E8: =E$2 -> 1500 | F8: =F$2 -> 3 | G8: 21 | H8: 41 | I8: 35 | J8: =E8*0.1 -> 150 | K8: =(E8+J8)/(F8*F8) -> 183.33333 | L8: 1.5 | M8: 21 | N8: 9 | O8: =MAX(0, 9.81 * (L8 - N8)) -> 0 | P8: =(L8 * M8) - O8 -> 31.5 | Q8: =K8-P8 -> 151.83333 | R8: =(M8 * ($L$2 + ($F$2 / 2))) - O8 -> 63 | S8: =0.5 + 0.1 * SQRT(Q8 / R8) -> 0.65524345 | T8: =IF(((D8 - (D8 - D7)/2) - L8) <= 0, 0, IF(((D8 - (D8 - D7)/2) - L8) > (2 * F8), 0, IF(((D8 - (D8 - D7)/2) - L8) <= (F8 / 2), (2 * ((D8 - (D8 - D7)/2) - L8) / F8) * (S8 - 0.1) + 0.1, ((2 * F8) - ((D8 - (D8 - D7)/2) - L8)) / (1.5 * F8) * S8))) -> 0 | U8: 1.5 | V8: =MAX(0.5, 1 - 0.5 * (P8 / Q8)) -> 0.89626784 | W8: 3 | X8: =1 + 0.2 *LOG10(10 * W8) -> 1.2954243 | Y8: =((Q8 / (I8 * 1000)) * T8) * U8 * V8 * X8*1000 -> 0 | Z8: ='Liquefaction & SBC'!AC8 -> 8.9024631 | AA8: ='Liquefaction & SBC'!AD8 -> NOT LIQUEFIABLE | AB8: =IF(AA8="NOT LIQUEFIABLE", 0, IF(Z8>=2, 0, IF(Z8<=0.5, 0.05, (2-Z8)*0.025))) -> 0 | AC8: =AB8 * U8*1000 -> 0 | AD8: =Y8+AC8 -> 0
B9: 15.279407 | C9: 120.5691 | D9: =D8+1.5 -> 12 | E9: =E$2 -> 1500 | F9: =F$2 -> 3 | G9: 21 | H9: 46 | I9: 35 | J9: =E9*0.1 -> 150 | K9: =(E9+J9)/(F9*F9) -> 183.33333 | L9: 1.5 | M9: 21 | N9: 9 | O9: =MAX(0, 9.81 * (L9 - N9)) -> 0 | P9: =(L9 * M9) - O9 -> 31.5 | Q9: =K9-P9 -> 151.83333 | R9: =(M9 * ($L$2 + ($F$2 / 2))) - O9 -> 63 | S9: =0.5 + 0.1 * SQRT(Q9 / R9) -> 0.65524345 | T9: =IF(((D9 - (D9 - D8)/2) - L9) <= 0, 0, IF(((D9 - (D9 - D8)/2) - L9) > (2 * F9), 0, IF(((D9 - (D9 - D8)/2) - L9) <= (F9 / 2), (2 * ((D9 - (D9 - D8)/2) - L9) / F9) * (S9 - 0.1) + 0.1, ((2 * F9) - ((D9 - (D9 - D8)/2) - L9)) / (1.5 * F9) * S9))) -> 0 | U9: 1.5 | V9: =MAX(0.5, 1 - 0.5 * (P9 / Q9)) -> 0.89626784 | W9: 3 | X9: =1 + 0.2 *LOG10(10 * W9) -> 1.2954243 | Y9: =((Q9 / (I9 * 1000)) * T9) * U9 * V9 * X9*1000 -> 0 | Z9: ='Liquefaction & SBC'!AC9 -> 26.069897 | AA9: ='Liquefaction & SBC'!AD9 -> NOT LIQUEFIABLE | AB9: =IF(AA9="NOT LIQUEFIABLE", 0, IF(Z9>=2, 0, IF(Z9<=0.5, 0.05, (2-Z9)*0.025))) -> 0 | AC9: =AB9 * U9*1000 -> 0 | AD9: =Y9+AC9 -> 0
B10: 15.279407 | C10: 120.5691 | D10: =D9+1.5 -> 13.5 | E10: =E$2 -> 1500 | F10: =F$2 -> 3 | G10: 21 | H10: 51 | I10: 65 | J10: =E10*0.1 -> 150 | K10: =(E10+J10)/(F10*F10) -> 183.33333 | L10: 1.5 | M10: 21 | N10: 9 | O10: =MAX(0, 9.81 * (L10 - N10)) -> 0 | P10: =(L10 * M10) - O10 -> 31.5 | Q10: =K10-P10 -> 151.83333 | R10: =(M10 * ($L$2 + ($F$2 / 2))) - O10 -> 63 | S10: =0.5 + 0.1 * SQRT(Q10 / R10) -> 0.65524345 | T10: =IF(((D10 - (D10 - D9)/2) - L10) <= 0, 0, IF(((D10 - (D10 - D9)/2) - L10) > (2 * F10), 0, IF(((D10 - (D10 - D9)/2) - L10) <= (F10 / 2), (2 * ((D10 - (D10 - D9)/2) - L10) / F10) * (S10 - 0.1) + 0.1, ((2 * F10) - ((D10 - (D10 - D9)/2) - L10)) / (1.5 * F10) * S10))) -> 0 | U10: 1.5 | V10: =MAX(0.5, 1 - 0.5 * (P10 / Q10)) -> 0.89626784 | W10: 3 | X10: =1 + 0.2 *LOG10(10 * W10) -> 1.2954243 | Y10: =((Q10 / (I10 * 1000)) * T10) * U10 * V10 * X10*1000 -> 0 | Z10: ='Liquefaction & SBC'!AC10 -> 105.55588 | AA10: ='Liquefaction & SBC'!AD10 -> NOT LIQUEFIABLE | AB10: =IF(AA10="NOT LIQUEFIABLE", 0, IF(Z10>=2, 0, IF(Z10<=0.5, 0.05, (2-Z10)*0.025))) -> 0 | AC10: =AB10 * U10*1000 -> 0 | AD10: =Y10+AC10 -> 0
