Workbook

Sheet Summary
S1: Cyclic Strength Ratio (CSR) | AK1: The user provides this value | CB1: SOIL BEARING CAPACITY BASED ON SPT-N VALUE (KPA) - Bowles (1988) | CJ1: SETTLEMENT BASED ON SPT-N VALUE - 25mm - Bowles(1988)
Z2: Sample | AA2: Depth (z) | AB2: Thickness(h) | AC2: GWL | AD2: Unit Weight (γ) | AE2: Total Stress (𝜎) | AF2: Porepressure (𝑢) | AG2: Effective Stress (𝜎′) | AH2: Peak Ground Acceleration (a/g) | AI2: Stress Reduction Coefficient (rd) | AJ2: CSR | AK2: Magnitude (Mw) | AL2: MSF/km | AM2: Fines Content | AN2: USCS | AO2: USCS Symbol | AP2: N1(60) | AQ2: (N1)60cs | AR2: Relative Density (Dr) % | AS2: f | AT2: k𝜎 | AU2: ka | AV2: CRR(7.5) | AW2: FS | AX2: REMARK | AY2: Weighing Factor (wi) | AZ2: Severity Factor (Fi) | BA2: LPI | BB2: Remarks | BX2: Sample | BY2: USCS | BZ2: Depth | CA2: (N1)60 | CB2: Width (B) | CC2: Depth (D) | CD2: Depth Factor (Kd) | CE2: N-Value(ave) | CF2: Qu (KPa) | CG2: Qa (KPa) | CH2: FS | CJ2: Si | CK2: Q-actual load (KPa) | CL2: Qa (KPa) | CM2: Settlement (mm)
Z3: 1 | AA3: 1.5 | AB3: 1.5 | AC3: 1.5 | AD3: 21 | AE3: =AB3*AD3 -> 31.5 | AF3: =IF(AA3>AC3,(AA3-AC3)*9.81,0) -> 0 | AG3: =AE3-AF3 -> 31.5 | AH3: 0.3 | AI3: =IF(AA3<=9.15,(1-0.00765*AA3), IF(AA3<=23, (1.174-0.0267*AA3))) -> 0.988525 | AJ3: =0.65*AH3*(AE3/AG3)*AI3 -> 0.19276238 | AK3: 6.5 | AL3: =ROUND((10^2.24)/(AK3^2.56),6) -> 1.441922 | AM3: 31.11 | AN3: Silty Sand | AO3: SM | AP3: 22.5 | AQ3: =IF(AM3<=5, AP3, IF(AM3<35, EXP(1.76-(190/AM3^2))+(0.99+(AM3^1.5/1000))*AP3, 5+(1.2*AP3))) -> 30.955594 | AR3: =IF(OR(AO3="CL", AO3="CH", AO3="ML", AO3="MH", AO3="OL", AO3="OH", AO3="Pt", AO3="CL-ML"), "N/A (Cohesive)", SQRT(AP3/60)*100) -> 61.237244 | AS3: =IF(AR3="N/A (Cohesive)", "-", IF(AR3<=40, 0.8, IF(AR3<=70, 0.7, 0.6))) -> 0.7 | AT3: =IF(OR(AS3="-", AS3=""), 1, MIN(1, (AG3/100)^(AS3-1))) -> 1 | AU3: =IF(OR(AS4="N/A (Cohesive)", AS4="-"), 1, IF(AG4/100 <= 3, 1, 1)) -> 1 | AV3: =IF(AQ3>=30, 0.6, (1/(34-AQ3))+(AQ3/135)+(50/((10*AQ3)+45)^2)-(1/200)) -> 0.6 | AW3: =((AV3*AL3*AT3*AU3)/AJ3) -> 4.488185 | AX3: =IF(AW3>1, "NOT LIQUEFIABLE", "LIQUEFIABLE") -> NOT LIQUEFIABLE | AY3: =IF(AA3<20, 10-(0.5*AA3), 0) -> 9.25 | AZ3: =IF(AW3<1, 1-AW3, 0) -> 0 | BA3: =AB3*AY3*AZ3 -> 0 | BB3: =IF(BA3 > 15, "Very High", IF(BA3 > 5, "High", IF(BA3 > 0, "Low", "Very Low"))) -> Very Low | BX3: 1 | BY3: Silty Sand | BZ3: 1.5 | CA3: 22.5 | CB3: 2 | CC3: 1.5 | CD3: =MIN(1.33, 1 + 0.33 * (CC3/CB3)) -> 1.2475 | CE3: =AVERAGEIFS($CA$3:$CA$8, $BZ$3:$BZ$8, ">=" & CC3,$BZ$3:$BZ$8, "<=" & (CC3 + 2 * CB3)) -> 29.75 | CF3: =(CE3/2.5)*47.88*CD3 -> 710.79057 | CG3: =IF(CB3<=1.22, 20*CE3*CD3, 12.5*CE3*((CB3+0.305)/CB3)^2*CD3) -> 616.19675 | CH3: =CF3/CG3 -> 1.1535124 | CJ3: 25 | CK3: 50 | CL3: =CG3 -> 616.19675 | CM3: =25.4 * (CK3/CL3) -> 2.06103
Z4: 2 | AA4: 3 | AB4: 1.5 | AC4: 1.5 | AD4: 20 | AE4: =AE3+(AB4*AD4) -> 61.5 | AF4: =IF(AA4>AC4,(AA4-AC4)*9.81,0) -> 14.715 | AG4: =AE4-AF4 -> 46.785 | AH4: 0.3 | AI4: =IF(AA4<=9.15,(1-0.00765*AA4), IF(AA4<=23, (1.174-0.0267*AA4))) -> 0.97705 | AJ4: =0.65*AH4*(AE4/AG4)*AI4 -> 0.25044933 | AK4: 6.5 | AL4: =ROUND((10^2.24)/(AK4^2.56),6) -> 1.441922 | AM4: 25.77 | AN4: Silty Sand | AO4: SM | AP4: 32.25 | AQ4: =IF(AM4<=5, AP4, IF(AM4<35, EXP(1.76-(190/AM4^2))+(0.99+(AM4^1.5/1000))*AP4, 5+(1.2*AP4))) -> 40.512631 | AR4: =IF(OR(AO4="CL", AO4="CH", AO4="ML", AO4="MH", AO4="OL", AO4="OH", AO4="Pt", AO4="CL-ML"), "N/A (Cohesive)", SQRT(AP4/60)*100) -> 73.314391 | AS4: =IF(AR4<=40, 0.8, IF(AR4<=70, 0.7, 0.6)) -> 0.6 | AT4: =IF(OR(AS4="-", AS4=""), 1, MIN(1, (AG4/100)^(AS4-1))) -> 1 | AU4: =IF(OR(AS5="N/A (Cohesive)", AS5="-"), 1, IF(AG5/100 <= 3, 1, 1)) -> 1 | AV4: =IF(AQ4>=30, 0.6, (1/(34-AQ4))+(AQ4/135)+(50/((10*AQ4)+45)^2)-(1/200)) -> 0.6 | AW4: =((AV4*AL4*AT4*AU4)/AJ4) -> 3.4544041 | AX4: =IF(AW4>1, "NOT LIQUEFIABLE", "LIQUEFIABLE") -> NOT LIQUEFIABLE | AY4: =IF(AA4<20, 10-(0.5*AA4), 0) -> 8.5 | AZ4: =IF(AW4<1, 1-AW4, 0) -> 0 | BA4: =AB4*AY4*AZ4 -> 0 | BB4: =IF(BA4 > 15, "Very High", IF(BA4 > 5, "High", IF(BA4 > 0, "Low", "Very Low"))) -> Very Low | BX4: 2 | BY4: Silty Sand | BZ4: 3 | CA4: 32.25 | CB4: 2.5 | CC4: 1.5 | CD4: =MIN(1.33, 1 + 0.33 * (CC4/CB4)) -> 1.198 | CE4: =AVERAGEIFS($CA$3:$CA$8, $BZ$3:$BZ$8, ">=" & CC4,$BZ$3:$BZ$8, "<=" & (CC4 + 2 * CB4)) -> 30.1875 | CF4: =(CE4/2.5)*47.88*CD4 -> 692.6249 | CG4: =IF(CB4<=1.22, 20*CE4*CD4, 12.5*CE4*((CB4+0.305)/CB4)^2*CD4) -> 569.08835 | CH4: =CF4/CG4 -> 1.217078 | CJ4: 25 | CK4: 50 | CL4: =CG4 -> 569.08835 | CM4: =25.4 * (CK4/CL4) -> 2.2316394
Z5: 3 | AA5: 4.5 | AB5: 1.5 | AC5: 1.5 | AD5: 21 | AE5: =AE4+(AB5*AD5) -> 93 | AF5: =IF(AA5>AC5,(AA5-AC5)*9.81,0) -> 29.43 | AG5: =AE5-AF5 -> 63.57 | AH5: 0.3 | AI5: =IF(AA5<=9.15,(1-0.00765*AA5), IF(AA5<=23, (1.174-0.0267*AA5))) -> 0.965575 | AJ5: =0.65*AH5*(AE5/AG5)*AI5 -> 0.27545544 | AK5: 6.5 | AL5: =ROUND((10^2.24)/(AK5^2.56),6) -> 1.441922 | AM5: 29.55 | AN5: Silty Sand | AO5: SM | AP5: 34.5 | AQ5: =IF(AM5<=5, AP5, IF(AM5<35, EXP(1.76-(190/AM5^2))+(0.99+(AM5^1.5/1000))*AP5, 5+(1.2*AP5))) -> 44.372703 | AR5: =IF(OR(AO5="CL", AO5="CH", AO5="ML", AO5="MH", AO5="OL", AO5="OH", AO5="Pt", AO5="CL-ML"), "N/A (Cohesive)", SQRT(AP5/60)*100) -> 75.828754 | AS5: =IF(AR5<=40, 0.8, IF(AR5<=70, 0.7, 0.6)) -> 0.6 | AT5: =IF(OR(AS5="-", AS5=""), 1, MIN(1, (AG5/100)^(AS5-1))) -> 1 | AU5: =IF(OR(AS6="N/A (Cohesive)", AS6="-"), 1, IF(AG6/100 <= 3, 1, 1)) -> 1 | AV5: =IF(AQ5>=30, 0.6, (1/(34-AQ5))+(AQ5/135)+(50/((10*AQ5)+45)^2)-(1/200)) -> 0.6 | AW5: =((AV5*AL5*AT5*AU5)/AJ5) -> 3.1408099 | AX5: =IF(AW5>1, "NOT LIQUEFIABLE", "LIQUEFIABLE") -> NOT LIQUEFIABLE | AY5: =IF(AA5<20, 10-(0.5*AA5), 0) -> 7.75 | AZ5: =IF(AW5<1, 1-AW5, 0) -> 0 | BA5: =AB5*AY5*AZ5 -> 0 | BB5: =IF(BA5 > 15, "Very High", IF(BA5 > 5, "High", IF(BA5 > 0, "Low", "Very Low"))) -> Very Low | BX5: 3 | BY5: Silty Sand | BZ5: 4.5 | CA5: 34.5
BX6: 4 | BY6: Silty Sand | BZ6: 6 | CA6: 31.5
I7: DPWH BSDS (2013) | AQ7: NOTE: For soil layers with (𝑁1)60𝑐𝑠≥30, the Cyclic Resistance Ratio (CRR) is capped at a maximum value of 0.60. This limitation is applied because very dense sand is generally considered non-liquefiable under typical design earthquake conditions, in accordance with Idriss and Boulanger (2010) and NCEER guidelines. | BA7: NOTE: "The Liquefaction Potential Index (LPI) was determined following the method proposed by Iwasaki et al. (1978, 1982) and further developed for layer summation by Luna and Frost (1998)." | BX7: 5 | BY7: Silty Sand | BZ7: 7.5 | CA7: 35.25
A8: Sample | B8: D50 (mm) | C8: D10 (mm) | D8: Depth (m) | E8: Plasticity (%) | F8: Ground Water Level (m) | G8: Fines Content (%) | I8: D50 | J8: D10 | K8: Soil Layer is below water table and Soil Layer Depth < 20m | L8: Soil Layer Plasticity | M8: Assessment | S8: Stress Reduction Coefficient (rd) | BX8: 6 | BY8: Silty Sand | BZ8: 9 | CA8: 37.5
A9: 1 | B9: 0 | C9: 0 | D9: 1.5 | E9: - | F9: 1.5 | G9: 31.11 | I9: =IF(B9<10,"PASSED","NOT PASSED") -> PASSED | J9: =IF(C9<1,"PASSED","NOT PASSED") -> PASSED | K9: =IF(AND(D9>F9,D9<20),"PASSED","NOT PASSED") -> NOT PASSED | L9: =IF(OR(G9<35,E9<15),"PASSED","NOT PASSED") -> PASSED | M9: =IF(ISNUMBER(MATCH("NOT PASSED",I9:L9,0)),"No Potential","Potential") -> No Potential
A10: 2 | B10: 0 | C10: 0 | D10: 3 | E10: - | F10: 1.5 | G10: 25.77 | I10: =IF(B10<10,"PASSED","NOT PASSED") -> PASSED | J10: =IF(C10<1,"PASSED","NOT PASSED") -> PASSED | K10: =IF(AND(D10>=F10,D10<20),"PASSED","NOT PASSED") -> PASSED | L10: =IF(OR(G10<35,E10<15),"PASSED","NOT PASSED") -> PASSED | M10: =IF(ISNUMBER(MATCH("NOT PASSED",I10:L10,0)),"No Potential","Potential") -> Potential | CB10: SOIL BEARING CAPACITY BASED ON SPT-N VALUE (KPA) - Meyerhof (1974) | CJ10: SETTLEMENT BASED ON SPT-N VALUE - Meyerhof(1974)
A11: 3 | B11: 0 | C11: 0 | D11: 4.5 | E11: - | F11: 1.5 | G11: 29.55 | I11: =IF(B11<10,"PASSED","NOT PASSED") -> PASSED | J11: =IF(C11<1,"PASSED","NOT PASSED") -> PASSED | K11: =IF(AND(D11>=F11,D11<20),"PASSED","NOT PASSED") -> PASSED | L11: =IF(OR(G11<35,E11<15),"PASSED","NOT PASSED") -> PASSED | M11: =IF(ISNUMBER(MATCH("NOT PASSED",I11:L11,0)),"No Potential","Potential") -> Potential | CB11: Width (B) | CC11: Depth (D) | CD11: Depth Factor (Kd) | CE11: N-Value(ave) | CF11: Qu (KPa) | CG11: Qa (KPa) | CH11: FS | CJ11: Width (B) | CK11: Q-actual load (KPa) | CL11: N-Value(ave) | CM11: Settlement (mm)
BI12: Pre-Liquefaction Soil Bearing Capacity | CB12: 2 | CC12: 1.5 | CD12: =MIN(1.33, 1 + 0.33 * (CC12/CB12)) -> 1.2475 | CE12: =AVERAGEIFS($CA$3:$CA$8, $BZ$3:$BZ$8, ">=" & CC12,$BZ$3:$BZ$8, "<=" & (CC12 + 2 * CB12)) -> 29.75 | CF12: =(CE12/4) * 47.88 * CD12 -> 444.24411 | CG12: =IF(CB12<=1.22, 12*CE12*CD12, 8*CE12*((CB12+0.305)/CB12)^2*CD12) -> 394.36592 | CH12: =CF12/CG12 -> 1.1264769 | CJ12: =CB12 -> 2 | CK12: 50 | CL12: =CE12 -> 29.75 | CM12: =IF(CJ12<=1.22, (1.91*CK12)/(CL12*CD12), (2.84*CK12)/(CL12*CD12*((CJ12+0.305)/CJ12)^2)) -> 2.8805734
CB13: 2.5 | CC13: 1.5 | CD13: =MIN(1.33, 1 + 0.33 * (CC13/CB13)) -> 1.198 | CE13: =AVERAGEIFS($CA$3:$CA$8, $BZ$3:$BZ$8, ">=" & CC13,$BZ$3:$BZ$8, "<=" & (CC13 + 2 * CB13)) -> 30.1875 | CF13: =(CE13/4) * 47.88 * CD13 -> 432.89056 | CG13: =IF(CB13<=1.22, 12*CE13*CD13, 8*CE13*((CB13+0.305)/CB13)^2*CD13) -> 364.21654 | CH13: =CF13/CG13 -> 1.1885527 | CJ13: =CB13 -> 2.5 | CK13: 50 | CL13: =CE13 -> 30.1875 | CM13: =IF(CJ13<=1.22, (1.91*CK13)/(CL13*CD13), (2.84*CK13)/(CL13*CD13*((CJ13+0.305)/CJ13)^2)) -> 3.1190236
CB16: NO LIQUEFACTION
S18: Total Vertical Overburden Stress (𝜎)
S21: Effective Vertical Overburden Stress (𝜎′)
CB23: FORMULA IS IN ENGLISH UNIT
S32: Magnitude Correction Factor
CB44: According to the study by Fahad, Shakir, and Ali (2022), the Meyerhof (1974) method is the most accurate for predicting ultimate bearing capacity as it achieved the best convergence with actual field results by utilizing the correct influence zone depth.
S51: Overburden Correction Factor
S69: Sloping Ground Correction Factor
R137: Liquefaction Potential Index

Sheet LIQUEFACTION
AM1: Cyclic Strength Ratio (CSR) | BE1: The user provides this value
AT2: Sample | AU2: Depth (z) | AV2: Thickness(h) | AW2: GWL | AX2: Unit Weight (γ) | AY2: Total Stress (𝜎) | AZ2: Porepressure (𝑢) | BA2: Effective Stress (𝜎′) | BB2: Peak Ground Acceleration (a/g) | BC2: Stress Reduction Coefficient (rd) | BD2: CSR | BE2: Magnitude (Mw) | BF2: MSF/km | BG2: Fines Content | BH2: USCS | BI2: USCS Symbol | BJ2: N1(60) | BK2: (N1)60cs | BL2: Relative Density (Dr) % | BM2: f | BN2: k𝜎 | BO2: ka | BP2: CRR(7.5) | BQ2: FS | BR2: REMARK | BS2: Weighing Factor (wi) | BT2: Severity Factor (Fi) | BU2: LPI | BV2: Remarks
AT3: 1 | AU3: 1.5 | AV3: 1.5 | AW3: 1.5 | AX3: 21 | AY3: =AV3*AX3 -> 31.5 | AZ3: =IF(AU3>AW3,(AU3-AW3)*9.81,0) -> 0 | BA3: =AY3-AZ3 -> 31.5 | BB3: 0.3 | BC3: =IF(AU3<=9.15,(1-0.00765*AU3), IF(AU3<=23, (1.174-0.0267*AU3))) -> 0.988525 | BD3: =0.65*BB3*(AY3/BA3)*BC3 -> 0.19276238 | BE3: 6.5 | BF3: =ROUND((10^2.24)/(BE3^2.56),6) -> 1.441922 | BG3: 31.11 | BH3: Silty Sand | BI3: SM | BJ3: 22.5 | BK3: =IF(BG3<=5, BJ3, IF(BG3<35, EXP(1.76-(190/BG3^2))+(0.99+(BG3^1.5/1000))*BJ3, 5+(1.2*BJ3))) -> 30.955594 | BL3: =IF(OR(BI3="CL", BI3="CH", BI3="ML", BI3="MH", BI3="OL", BI3="OH", BI3="Pt", BI3="CL-ML"), "N/A (Cohesive)", SQRT(BJ3/60)*100) -> 61.237244 | BM3: =IF(BL3="N/A (Cohesive)", "-", IF(BL3<=40, 0.8, IF(BL3<=70, 0.7, 0.6))) -> 0.7 | BN3: =IF(OR(BM3="-", BM3=""), 1, MIN(1, (BA3/100)^(BM3-1))) -> 1 | BO3: =IF(OR(BM4="N/A (Cohesive)", BM4="-"), 1, IF(BA4/100 <= 3, 1, 1)) -> 1 | BP3: =IF(BK3>=30, 0.6, (1/(34-BK3))+(BK3/135)+(50/((10*BK3)+45)^2)-(1/200)) -> 0.6 | BQ3: =((BP3*BF3*BN3*BO3)/BD3) -> 4.488185 | BR3: =IF(BQ3>1, "NOT LIQUEFIABLE", "LIQUEFIABLE") -> NOT LIQUEFIABLE | BS3: =IF(AU3<20, 10-(0.5*AU3), 0) -> 9.25 | BT3: =IF(BQ3<1, 1-BQ3, 0) -> 0 | BU3: =AV3*BS3*BT3 -> 0 | BV3: =IF(BU3 > 15, "Very High", IF(BU3 > 5, "High", IF(BU3 > 0, "Low", "Very Low"))) -> Very Low
AT4: 2 | AU4: 3 | AV4: 1.5 | AW4: 1.5 | AX4: 20 | AY4: =AY3+(AV4*AX4) -> 61.5 | AZ4: =IF(AU4>AW4,(AU4-AW4)*9.81,0) -> 14.715 | BA4: =AY4-AZ4 -> 46.785 | BB4: 0.3 | BC4: =IF(AU4<=9.15,(1-0.00765*AU4), IF(AU4<=23, (1.174-0.0267*AU4))) -> 0.97705 | BD4: =0.65*BB4*(AY4/BA4)*BC4 -> 0.25044933 | BE4: 6.5 | BF4: =ROUND((10^2.24)/(BE4^2.56),6) -> 1.441922 | BG4: 25.77 | BH4: Silty Sand | BI4: SM | BJ4: 32.25 | BK4: =IF(BG4<=5, BJ4, IF(BG4<35, EXP(1.76-(190/BG4^2))+(0.99+(BG4^1.5/1000))*BJ4, 5+(1.2*BJ4))) -> 40.512631 | BL4: =IF(OR(BI4="CL", BI4="CH", BI4="ML", BI4="MH", BI4="OL", BI4="OH", BI4="Pt", BI4="CL-ML"), "N/A (Cohesive)", SQRT(BJ4/60)*100) -> 73.314391 | BM4: =IF(BL4<=40, 0.8, IF(BL4<=70, 0.7, 0.6)) -> 0.6 | BN4: =IF(OR(BM4="-", BM4=""), 1, MIN(1, (BA4/100)^(BM4-1))) -> 1 | BO4: =IF(OR(BM5="N/A (Cohesive)", BM5="-"), 1, IF(BA5/100 <= 3, 1, 1)) -> 1 | BP4: =IF(BK4>=30, 0.6, (1/(34-BK4))+(BK4/135)+(50/((10*BK4)+45)^2)-(1/200)) -> 0.6 | BQ4: =((BP4*BF4*BN4*BO4)/BD4) -> 3.4544041 | BR4: =IF(BQ4>1, "NOT LIQUEFIABLE", "LIQUEFIABLE") -> NOT LIQUEFIABLE | BS4: =IF(AU4<20, 10-(0.5*AU4), 0) -> 8.5 | BT4: =IF(BQ4<1, 1-BQ4, 0) -> 0 | BU4: =AV4*BS4*BT4 -> 0 | BV4: =IF(BU4 > 15, "Very High", IF(BU4 > 5, "High", IF(BU4 > 0, "Low", "Very Low"))) -> Very Low
AT5: 3 | AU5: 4.5 | AV5: 1.5 | AW5: 1.5 | AX5: 21 | AY5: =AY4+(AV5*AX5) -> 93 | AZ5: =IF(AU5>AW5,(AU5-AW5)*9.81,0) -> 29.43 | BA5: =AY5-AZ5 -> 63.57 | BB5: 0.3 | BC5: =IF(AU5<=9.15,(1-0.00765*AU5), IF(AU5<=23, (1.174-0.0267*AU5))) -> 0.965575 | BD5: =0.65*BB5*(AY5/BA5)*BC5 -> 0.27545544 | BE5: 6.5 | BF5: =ROUND((10^2.24)/(BE5^2.56),6) -> 1.441922 | BG5: 29.55 | BH5: Silty Sand | BI5: SM | BJ5: 34.5 | BK5: =IF(BG5<=5, BJ5, IF(BG5<35, EXP(1.76-(190/BG5^2))+(0.99+(BG5^1.5/1000))*BJ5, 5+(1.2*BJ5))) -> 44.372703 | BL5: =IF(OR(BI5="CL", BI5="CH", BI5="ML", BI5="MH", BI5="OL", BI5="OH", BI5="Pt", BI5="CL-ML"), "N/A (Cohesive)", SQRT(BJ5/60)*100) -> 75.828754 | BM5: =IF(BL5<=40, 0.8, IF(BL5<=70, 0.7, 0.6)) -> 0.6 | BN5: =IF(OR(BM5="-", BM5=""), 1, MIN(1, (BA5/100)^(BM5-1))) -> 1 | BO5: =IF(OR(BM6="N/A (Cohesive)", BM6="-"), 1, IF(BA6/100 <= 3, 1, 1)) -> 1 | BP5: =IF(BK5>=30, 0.6, (1/(34-BK5))+(BK5/135)+(50/((10*BK5)+45)^2)-(1/200)) -> 0.6 | BQ5: =((BP5*BF5*BN5*BO5)/BD5) -> 3.1408099 | BR5: =IF(BQ5>1, "NOT LIQUEFIABLE", "LIQUEFIABLE") -> NOT LIQUEFIABLE | BS5: =IF(AU5<20, 10-(0.5*AU5), 0) -> 7.75 | BT5: =IF(BQ5<1, 1-BQ5, 0) -> 0 | BU5: =AV5*BS5*BT5 -> 0 | BV5: =IF(BU5 > 15, "Very High", IF(BU5 > 5, "High", IF(BU5 > 0, "Low", "Very Low"))) -> Very Low
AC7: DPWH BSDS (2013) | BK7: NOTE: For soil layers with (𝑁1)60𝑐𝑠≥30, the Cyclic Resistance Ratio (CRR) is capped at a maximum value of 0.60. This limitation is applied because very dense sand is generally considered non-liquefiable under typical design earthquake conditions, in accordance with Idriss and Boulanger (2010) and NCEER guidelines. | BU7: NOTE: "The Liquefaction Potential Index (LPI) was determined following the method proposed by Iwasaki et al. (1978, 1982) and further developed for layer summation by Luna and Frost (1998)."
U8: Sample | V8: D50 (mm) | W8: D10 (mm) | X8: Depth (m) | Y8: Plasticity (%) | Z8: Ground Water Level (m) | AA8: Fines Content (%) | AC8: D50 | AD8: D10 | AE8: Soil Layer is below water table and Soil Layer Depth < 20m | AF8: Soil Layer Plasticity | AG8: Assessment | AM8: Stress Reduction Coefficient (rd)
U9: 1 | V9: 0 | W9: 0 | X9: 1.5 | Y9: - | Z9: 1.5 | AA9: 31.11 | AC9: =IF(V9<10,"PASSED","NOT PASSED") -> PASSED | AD9: =IF(W9<1,"PASSED","NOT PASSED") -> PASSED | AE9: =IF(AND(X9>Z9,X9<20),"PASSED","NOT PASSED") -> NOT PASSED | AF9: =IF(OR(AA9<35,Y9<15),"PASSED","NOT PASSED") -> PASSED | AG9: =IF(ISNUMBER(MATCH("NOT PASSED",AC9:AF9,0)),"No Potential","Potential") -> No Potential
U10: 2 | V10: 0 | W10: 0 | X10: 3 | Y10: - | Z10: 1.5 | AA10: 25.77 | AC10: =IF(V10<10,"PASSED","NOT PASSED") -> PASSED | AD10: =IF(W10<1,"PASSED","NOT PASSED") -> PASSED | AE10: =IF(AND(X10>=Z10,X10<20),"PASSED","NOT PASSED") -> PASSED | AF10: =IF(OR(AA10<35,Y10<15),"PASSED","NOT PASSED") -> PASSED | AG10: =IF(ISNUMBER(MATCH("NOT PASSED",AC10:AF10,0)),"No Potential","Potential") -> Potential
U11: 3 | V11: 0 | W11: 0 | X11: 4.5 | Y11: - | Z11: 1.5 | AA11: 29.55 | AC11: =IF(V11<10,"PASSED","NOT PASSED") -> PASSED | AD11: =IF(W11<1,"PASSED","NOT PASSED") -> PASSED | AE11: =IF(AND(X11>=Z11,X11<20),"PASSED","NOT PASSED") -> PASSED | AF11: =IF(OR(AA11<35,Y11<15),"PASSED","NOT PASSED") -> PASSED | AG11: =IF(ISNUMBER(MATCH("NOT PASSED",AC11:AF11,0)),"No Potential","Potential") -> Potential
AM18: Total Vertical Overburden Stress (𝜎)
AM21: Effective Vertical Overburden Stress (𝜎′)
AM32: Magnitude Correction Factor
AM51: Overburden Correction Factor

Sheet Without Liq
CB1: SOIL BEARING CAPACITY BASED ON SPT-N VALUE (KPA) - Bowles (1988) | CJ1: SETTLEMENT BASED ON SPT-N VALUE - 25mm - Bowles(1988)
BX2: Sample | BY2: USCS | BZ2: Depth | CA2: (N1)60 | CB2: Width (B) | CC2: Depth (D) | CD2: Depth Factor (Kd) | CE2: N-Value(ave) | CF2: Qu (KPa) | CG2: Qa (KPa) | CH2: FS | CJ2: Si | CK2: Q-actual load (KPa) | CL2: Qa (KPa) | CM2: Settlement (mm)
BX3: 1 | BY3: Silty Sand | BZ3: 1.5 | CA3: 22.5 | CB3: 2 | CC3: 1.5 | CD3: =MIN(1.33, 1 + 0.33 * (CC3/CB3)) -> 1.2475 | CE3: =AVERAGEIFS($CA$3:$CA$8, $BZ$3:$BZ$8, ">=" & CC3,$BZ$3:$BZ$8, "<=" & (CC3 + 2 * CB3)) -> 29.75 | CF3: =(CE3/2.5)*47.88*CD3 -> 710.79057 | CG3: =IF(CB3<=1.22, 20*CE3*CD3, 12.5*CE3*((CB3+0.305)/CB3)^2*CD3) -> 616.19675 | CH3: =CF3/CG3 -> 1.1535124 | CJ3: 25 | CK3: 50 | CL3: =CG3 -> 616.19675 | CM3: =25.4 * (CK3/CL3) -> 2.06103
BX4: 2 | BY4: Silty Sand | BZ4: 3 | CA4: 32.25 | CB4: 2.5 | CC4: 1.5 | CD4: =MIN(1.33, 1 + 0.33 * (CC4/CB4)) -> 1.198 | CE4: =AVERAGEIFS($CA$3:$CA$8, $BZ$3:$BZ$8, ">=" & CC4,$BZ$3:$BZ$8, "<=" & (CC4 + 2 * CB4)) -> 30.1875 | CF4: =(CE4/2.5)*47.88*CD4 -> 692.6249 | CG4: =IF(CB4<=1.22, 20*CE4*CD4, 12.5*CE4*((CB4+0.305)/CB4)^2*CD4) -> 569.08835 | CH4: =CF4/CG4 -> 1.217078 | CJ4: 25 | CK4: 50 | CL4: =CG4 -> 569.08835 | CM4: =25.4 * (CK4/CL4) -> 2.2316394
BX5: 3 | BY5: Silty Sand | BZ5: 4.5 | CA5: 34.5
BX6: 4 | BY6: Silty Sand | BZ6: 6 | CA6: 31.5
BX7: 5 | BY7: Silty Sand | BZ7: 7.5 | CA7: 35.25
BX8: 6 | BY8: Silty Sand | BZ8: 9 | CA8: 37.5
CB10: SOIL BEARING CAPACITY BASED ON SPT-N VALUE (KPA) - Meyerhof (1974) | CJ10: SETTLEMENT BASED ON SPT-N VALUE - Meyerhof(1974)
CB11: Width (B) | CC11: Depth (D) | CD11: Depth Factor (Kd) | CE11: N-Value(ave) | CF11: Qu (KPa) | CG11: Qa (KPa) | CH11: FS | CJ11: Width (B) | CK11: Q-actual load (KPa) | CL11: N-Value(ave) | CM11: Settlement (mm)
CB12: 2 | CC12: 1.5 | CD12: =MIN(1.33, 1 + 0.33 * (CC12/CB12)) -> 1.2475 | CE12: =AVERAGEIFS($CA$3:$CA$8, $BZ$3:$BZ$8, ">=" & CC12,$BZ$3:$BZ$8, "<=" & (CC12 + 2 * CB12)) -> 29.75 | CF12: =(CE12/4) * 47.88 * CD12 -> 444.24411 | CG12: =IF(CB12<=1.22, 12*CE12*CD12, 8*CE12*((CB12+0.305)/CB12)^2*CD12) -> 394.36592 | CH12: =CF12/CG12 -> 1.1264769 | CJ12: =CB12 -> 2 | CK12: 50 | CL12: =CE12 -> 29.75 | CM12: =IF(CJ12<=1.22, (1.91*CK12)/(CL12*CD12), (2.84*CK12)/(CL12*CD12*((CJ12+0.305)/CJ12)^2)) -> 2.8805734
CB13: 2.5 | CC13: 1.5 | CD13: =MIN(1.33, 1 + 0.33 * (CC13/CB13)) -> 1.198 | CE13: =AVERAGEIFS($CA$3:$CA$8, $BZ$3:$BZ$8, ">=" & CC13,$BZ$3:$BZ$8, "<=" & (CC13 + 2 * CB13)) -> 30.1875 | CF13: =(CE13/4) * 47.88 * CD13 -> 432.89056 | CG13: =IF(CB13<=1.22, 12*CE13*CD13, 8*CE13*((CB13+0.305)/CB13)^2*CD13) -> 364.21654 | CH13: =CF13/CG13 -> 1.1885527 | CJ13: =CB13 -> 2.5 | CK13: 50 | CL13: =CE13 -> 30.1875 | CM13: =IF(CJ13<=1.22, (1.91*CK13)/(CL13*CD13), (2.84*CK13)/(CL13*CD13*((CJ13+0.305)/CJ13)^2)) -> 3.1190236
CB16: NO LIQUEFACTION
CB23: FORMULA IS IN ENGLISH UNIT
CB44: According to the study by Fahad, Shakir, and Ali (2022), the Meyerhof (1974) method is the most accurate for predicting ultimate bearing capacity as it achieved the best convergence with actual field results by utilizing the correct influence zone depth.

Sheet With Liq
A1: Foundation Width (B) | B1: 2
A2: Foundation Length (L) | B2: 2
A3: Embedment Depth (Df) | B3: 1.5
A4: Buoyant Unit Weight of Soil (γ′) | B4: 11.22
A5: Initial Soil Friction Angle (ϕ′) | B5: 30
A6: Thickness of Liquefiable Layer (Z liq) | B6: =SUMIFS(C35:Z35, C34:Z34, ">=" & B3, C36:Z36, "Liquifiable") -> 0
A7: Modified SPT Number (N1)60 | B7: 22.5
A8: Fine Content (FC) | B8: 31.11
A9: Actual Building Contact Pressure qbuild​ | B9: =Summary!CK3 -> 50
A10: PRE-CALCULATIONS (Intermediate Values)
A11: Aspect Factor (α) | B11: =1.5 - 0.5 * (B1 / B2) -> 1
A12: Overburden (qˉ​) | B12: =B4 * B3 -> 16.83
A13: ΔN1​ | B13: =IF(B8>=75, 5, IF(B8>=50, 4, IF(B8>=25, 2, 1))) -> 2
A14: (N1​)60,cs​ | B14: =B7 + B13 -> 24.5
A15: Sr​/σv0′​ | B15: =EXP(((B14/16)+((B14/16)^2)/21.2)^3 - 3) -> 4.1615626
A16: Sr,base​ | B16: =B15 * (B12 + (B11 * B1 * B4)) -> 163.42456
A17: Sr,avg​ | B17: =B15 * (B12 + (B11 * B1 * B4 / 2)) -> 116.73183
A18: Lateral Failure Calculation (qu1​):
A19: Degradation Factor (1−ru​) | B19: =IF(B6=0, 1, IF(B6 <= (B11*B1), (2-0.03*B12)*(B6/(B11*B1))^(0.3-0.006*B12)*B1^(0.007*B12-0.7*(B6/(B11*B1))), (2-0.03*B12)*(B6/(B11*B1))^-0.85*B1^(0.007*B12-0.7))) -> 1
A20: Lateral Bearing Capacity (qu1​) | B20: =B11 * (30 + 0.3 * B12) * (TAN(RADIANS(45 + DEGREES(ATAN(B19 * TAN(RADIANS(B5)))) / 2))^2) -> 105.147 | J20: `
A21: Punching Failure Calculation (qu2​):
A22: B22 (Punching Degradation Factor) | B22: =0.1 + 3 * B15 -> 12.584688
A23: B23 (Punching Bearing Capacity qu2​) | B23: =B11 * (PI() + 2 * (1 + 0.2 * B11 * B1 / B2)) * B16 + 2 * B11 * (1 + B11 * B1 / B2) * B17 - (B11^2) * B1 * B4 * B22 -> 1090.1593
A24: FINAL RESULTS AND INTERPRETATION
A25: FINAL LIQUEFIED CAPACITY (qu​) | B25: =IF(B6=0, B30, IF(B6 <= (B11 * B1), B20, MIN(B20, B23))) -> 639.30454
A26: STRENGTH STATUS | B26: =IF(B9/B25 > 1, "FAILURE (Settlement > 10%B)", "STABLE") -> STABLE
A27: CAPACITY REDUCTION | B27: =(B25/B30)*100 -> 100
A28: Nq​ Factor) | B28: =EXP(PI()*TAN(RADIANS(B5)))*(TAN(RADIANS(45+B5/2))^2) -> 18.401122
A29: Nγ​ Factor | B29: =2*(B28+1)*TAN(RADIANS(B5)) -> 22.402486
A30: qstatic​ - Orignal Strength | B30: =(B12*B28*(1+(B1/B2)*TAN(RADIANS(B5)))) + (0.5*B4*B1*B29*(1-0.4*(B1/B2))) -> 639.30454
A31: Post-Liquefaction Bearing Capacity (qu​) | B31: =IF(B6=0, B30, MIN(B20, B23)) -> 639.30454
A32: Post-Liquefaction Total Settlement (S) | B32: =MAX(0, B1 * ((0.1746 * (B9/B31 - 0.25)) / (6.1775 - 6.6502 * (B9/B31 - 0.25)))) * 1000 -> 0
A33: SERVICEABLITY STATUS | B33: =IF(B32/B1 > 0.1, "FAILED (Settlement > 10%B)", "STABLE") -> STABLE
A34: Depth | B34: =Summary!D9 -> 1.5 | C34: =Summary!AA4 -> 3 | D34: =Summary!AA5 -> 4.5
A35: Thickness | B35: =Summary!AB3 -> 1.5 | C35: =Summary!AB4 -> 1.5 | D35: =Summary!AB5 -> 1.5
A36: Status | B36: =Summary!AX3 -> NOT LIQUEFIABLE | C36: =Summary!AX4 -> NOT LIQUEFIABLE | D36: =Summary!AX5 -> NOT LIQUEFIABLE
A38: LIQUEFACTION

Sheet 0m-1.5m
A1: Municipality | B1: Borehole ID | C1: Sample No. | D1: Latitude | E1: Longitude | F1: Elevation | G1: Soil/Rock Description | H1: USCS Symbol | I1: Fault Distance (km) | J1: Ground Water Table | K1: SPT N-Value | L1: Plasticity Index (PI) | M1: Natural Water Content (ω) | N1: Mean Particle Size (D50) (mm) | O1: Groundwater Level (m) | P1: Unit Weight (γ) | Q1: Foundation Width (B) | R1: Foundation Depth (D) | S1: Internal Friction Angle | T1: Length-to-width ratio (L/B) | U1: Corrected SPT-N Value (N1(60)) | V1: Fines Content | W1: Effective Overburden Presssure | X1: Total Overburden Pressure | Y1: Relative Density | Z1: Peak Ground Acceleration | AA1: Cyclic Stress Ratio (CSR) | AB1: Elastic Modulus (Es) (MN/
A2: Anao | B2: BH-1 | C2: SS-1 | D2: 15.715506° | E2: 120.623904° | F2: 16.78 | G2: Silty Sand | H2: SM | I2: 26.3 | J2: 28.5 | K2: 8 | M2: 0.1762 | N2: 0.2 | O2: 28.5 | P2: 18 | Q2: 30 | R2: 6 | S2: 0.2854 | U2: 0.4g (RP: 500-yr; STIFF Soil) | W2: 3000 to 5000
A3: Anao | B3: BH-2 | C3: SS-1 | D3: 15.759126° | E3: 120.600236° | F3: 27.15 | G3: Silty Clay | H3: CH | I3: 30.8 | J3: 1.5 | K3: 5 | L3: 0.321 | M3: 0.3477 | N3: 0 | O3: 1.5 | P3: 17 | Q3: 18 | R3: 3.75 | S3: 0.8585 | U3: 0.3g (RP: 500-yr; STIFF Soil) | W3: 6000
A4: Anao | B4: BH-3 | C4: SS-1 | D4: 15.759537° | E4: 120.600182° | F4: 23.49 | G4: Silty Clay | H4: CH | I4: 30.8 | J4: 1.5 | K4: 9 | L4: 0.3584 | M4: 0.3468 | N4: 0 | O4: 1.5 | P4: 17 | Q4: 19.5 | R4: 6.75 | S4: 0.8409 | U4: 0.3g (RP: 500-yr; STIFF Soil) | W4: 13000
A5: Bamban | B5: BH-4 | C5: SS-1 | D5: 15.27346° | E5: 120.56187° | F5: 80.45 | G5: Fat Clay with Sand | H5: CH | I5: 19.8 | K5: 17 | L5: 0.3 | M5: 0.4056 | P5: 17.1-19.2 | Q5: 31-40 | S5: 0.845 | U5: 0.4g | V5: 0.129
A6: Camiling | B6: BH-5 | C6: SS-1 | D6: 15.686632° | E6: 120.412972° | F6: 16.48 | G6: Clayey Silt | H6: MH | I6: 7.6 | J6: 4.5 | K6: 18 | L6: 0.23 | M6: 0.3425 | O6: 4.5 | P6: 17 | Q6: 25 | S6: 0.651 | U6: 0.4g (RP: 500-yr; STIFF Soil) | W6: 15
A7: Camiling | B7: BH-6 | C7: SS-1 | D7: 15.686638° | E7: 120.413130° | F7: 16.78 | G7: Clayey Silt | H7: MH | I7: 7.6 | J7: 5 | K7: 16 | L7: 0.244 | M7: 0.3471 | O7: 5 | P7: 17.1 | Q7: 25 | S7: 0.652 | U7: 0.4g (RP: 500-yr; STIFF Soil) | W7: 15
A8: Camiling | B8: BH-7 | C8: SS-1 | D8: 15.686652° | E8: 120.412968° | F8: 16.17 | G8: Brown, Clayey Silt of medium plasticity | H8: MH | I8: 8.3 | J8: 6 | K8: 11 | L8: 0.236 | M8: 0.3586 | O8: 6 | P8: 20 | Q8: 27.5 | S8: 0.671 | U8: 0.4g | W8: ########
A9: Camiling | B9: BH-8 | C9: SS-1 | D9: 15.686296° | E9: 120.412971° | F9: 17.09 | G9: Brown, Clayey Silt of medium plasticity | H9: MH | I9: 8.3 | J9: 7 | K9: 10 | L9: 0.273 | M9: 0.3735 | O9: 7 | P9: 20 | Q9: 27.5 | S9: 0.638 | U9: 0.4g | W9: ########
A10: Camiling | B10: BH-9 | C10: SS-1 | D10: 15.732336° | E10: 120.434617° | F10: 11.3 | G10: Clayey Silt | H10: MH | I10: 11.3 | J10: 4.3 | K10: 9 | L10: 0.263 | M10: 0.3329 | N10: 0 | O10: 4.3 | P10: 17 | Q10: 20 | R10: 7 | S10: 0.671 | U10: 0.2g (RP:500-yr; ROCK SITE) | W10: 10
A11: Camiling | B11: BH-10 | C11: SS-1 | D11: 15.743831° | E11: 120.443005° | F11: 25.93 | G11: Sandy Silt | H11: ML | I11: 12.5 | J11: Not Encountered | K11: 25 | L11: 0.148 | M11: 0.2455 | N11: 0 | O11: N.E. | P11: 23 | Q11: 30 | R11: 19 | S11: 0.574 | U11: 0.3g (RP:500-yr; STIFF SOIL) (ROCK SITE) | W11: 300
A12: Camiling | B12: BH-11 | C12: SS-1 | D12: 15.743915° | E12: 120.443051° | F12: 26.84 | G12: Sandy Silt | H12: ML | I12: 12.5 | J12: N.E. | K12: 24 | L12: 0.145 | M12: 0.2575 | N12: 0 | O12: N.E. | P12: 23 | Q12: 30 | R12: 18 | S12: 0.552 | U12: 0.3g (RP:500-yr; STIFF SOIL) (ROCK SITE) | W12: 300
A13: Camiling | B13: BH-12 | C13: SS-1 | D13: 15.656521° | E13: 120.400915° | F13: 18.92 | G13: Sandy Silt | H13: ML | I13: 4.8 | J13: 6 | K13: 15 | L13: 0.15 | M13: 0.2703 | O13: 6 | P13: 17.7 | Q13: 22.5 | R13: 11 | S13: 0.58 | U13: 0.4g | W13: 12
A14: Camiling | B14: BH-13 | C14: SS-1 | D14: 15.645886° | E14: 120.388381° | F14: 33.95 | G14: Gray, Clayey Sand | H14: SC | I14: 3 | J14: 4 | K14: 27 | L14: 0.22 | M14: 0.232 | O14: 4 | P14: 20 | Q14: 36 | S14: 0.2999 | U14: 0.4g | W14: 30
A15: Gerona | B15: BH-14 | C15: SS-1 | D15: 15.635467° | E15: 120.624711° | F15: 24.4 | G15: Silty Sand | H15: SM | I15: 19 | J15: 7.5 | K15: 21 | M15: 0.1643 | N15: 0 | O15: 7.5 | P15: 20 | Q15: 30-32 | R15: 16 | S15: 0.238 | U15: 0.3g (RP: 500-yr; STIFF Soil) | W15: 15000
A16: Gerona | B16: BH-15 | C16: SS-1 | D16: 15.635408° | E16: 120.624588° | F16: 23.79 | G16: Silty Sand | H16: SM | I16: 19 | J16: 7.5 | K16: 21 | M16: 0.1482 | N16: 0 | O16: 7.5 | P16: 21 | Q16: 30-32 | R16: 16 | S16: 0.269 | U16: 0.3g (RP: 500-yr; STIFF Soil) | W16: 15000
A17: Gerona | B17: BH-16 | C17: SS-1 | D17: 15.555744° | E17: 120.600555° | F17: 31.11 | G17: Sandy Silt | H17: ML | I17: 11.3 | J17: 3 | K17: 10 | L17: 0.17 | M17: 0.2849 | N17: 0 | O17: 3 | P17: 18 | Q17: 20 | R17: 8 | S17: 0.539 | U17: 0.3g (RP: 500-yr; STIFF Soil) | W17: 10000
A18: Gerona | B18: BH-17 | C18: SS-1 | D18: 15.555718° | E18: 120.600598° | F18: 31.11 | G18: Sandy Silt | H18: ML | I18: 11.3 | J18: 3 | K18: 7 | L18: 0.16 | M18: 0.2599 | N18: 0 | O18: 3 | P18: 18 | Q18: 20 | R18: 5 | S18: 0.568 | U18: 0.3g (RP: 500-yr; STIFF Soil) | W18: 10000
A19: Gerona | B19: BH-18 | C19: SS-1 | D19: 15.592509° | E19: 120.620622° | F19: 31.41 | G19: Sandy Silt | H19: ML | I19: 15.5 | J19: 3 | K19: 17 | L19: 0.182 | M19: 0.252 | N19: 0 | O19: 3 | P19: 18 | Q19: 22.5 | R19: 13 | S19: 0.565 | U19: 0.3g (RP: 500-yr; STIFF Soil) | W19: 12000
A20: Gerona | B20: BH-19 | C20: SS-1 | D20: 15.592510° | E20: 120.620552° | F20: 31.4 | G20: Silty Sand | H20: SM | I20: 15.5 | J20: 3 | K20: 14 | M20: 0.1717 | N20: 0 | O20: 3 | P20: 20 | Q20: 30-32 | R20: 11 | S20: 0.219 | U20: 0.3g (RP: 500-yr; STIFF Soil) | W20: 15000
A21: Gerona | B21: BH-20 | C21: SS-1 | D21: 15.556476° | E21: 120.573764° | F21: 31.41 | G21: Silty Sand | H21: SM | I21: 9 | J21: N.E | K21: 12 | M21: 0.1768 | N21: 0 | O21: N.E | P21: 19 | Q21: 27.5-30 | R21: 9 | S21: 0.256 | U21: 0.3g (RP: 500-yr; STIFF Soil) | W21: 10000
A22: Gerona | B22: BH-21 | C22: SS-1 | D22: 15.556501° | E22: 120.573845° | F22: 31.41 | G22: Silty Sand | H22: SM | I22: 9 | J22: N.E | K22: 12 | M22: 0.2016 | N22: 0 | O22: N.E | P22: 19 | Q22: 27.5-30 | R22: 9 | S22: 0.231 | U22: 0.3g (RP: 500-yr; STIFF Soil) | W22: 10000
A23: Gerona | B23: BH-22 | C23: SS-1 | D23: 15.578777° | E23: 120.573149° | F23: 28.06 | G23: Silty Sand | H23: SM | I23: 11.1 | J23: 12 | K23: 35 | M23: 0.2154 | N23: 0 | O23: 12 | P23: 20 | Q23: 32-35 | R23: 26.25 | S23: 0.2085 | U23: 0.3g (RP: 500-yr; STIFF Soil) | W23: 20000
A24: Gerona | B24: BH-23 | C24: SS-1 | D24: 15.578761° | E24: 120.573483° | F24: 28.98 | G24: Silty Sand | H24: SM | I24: 11.1 | J24: 4.5 | K24: 26 | M24: 0.1705 | N24: 0 | O24: 4.5 | P24: 21 | Q24: 30-32 | R24: 19.5 | S24: 0.3 | U24: 0.3g (RP: 500-yr; STIFF Soil) | W24: 15000
A25: Gerona | B25: BH-24 | C25: SS-1 | D25: 15.600169° | E25: 120.544751° | F25: 22.57 | G25: Clayey Silt | H25: MH | I25: 11.1 | J25: N.E | K25: 24 | L25: 0.26 | M25: 0.3478 | N25: 0 | O25: N.E | P25: 17 | Q25: 25 | R25: 18 | S25: 0.679 | U25: 0.3g (RP: 500-yr; STIFF Soil) | W25: 15000
A26: Gerona | B26: BH-25 | C26: SS-1 | D26: 15.600168° | E26: 120.544618° | F26: 22.57 | G26: Clayey Silt | H26: MH | I26: 11.1 | J26: N.E | K26: 22 | L26: 0.26 | M26: 0.3389 | N26: 0 | O26: N.E | P26: 17 | Q26: 25 | R26: 17 | S26: 0.672 | U26: 0.3g (RP: 500-yr; STIFF Soil) | W26: 15000
A27: Gerona | B27: BH-26 | C27: SS-1 | D27: 15.589244° | E27: 120.597051° | F27: 29.46 | G27: Silty Sand | H27: SM | I27: 13.3 | J27: 2.5 | K27: 21 | M27: 0.1556 | N27: 0 | O27: 2.5 | P27: 0 | Q27: 30-32 | R27: 16 | S27: 0.288 | U27: 0.3g (RP: 500-yr; STIFF Soil) | W27: 15000
A28: Gerona | B28: BH-27 | C28: SS-1 | D28: 15.58917° | E28: 120.597011° | F28: 29.16 | G28: Silty Sand | H28: SM | I28: 13.3 | J28: 2.5 | K28: 14 | M28: 0.1676 | N28: 0 | O28: 2.5 | P28: 0 | Q28: 30-32 | R28: 11 | S28: 0.297 | U28: 0.3g (RP: 500-yr; STIFF Soil) | W28: 15000
A29: Gerona | B29: BH-28 | C29: SS-1 | D29: 15.620661° | E29: 120.500156° | F29: 29.58 | G29: Sandy Silt | H29: ML | I29: 11 | J29: 3 | K29: 35 | L29: 0.19 | M29: 0.2279 | N29: 0 | O29: 3 | P29: 19 | Q29: 12 | R29: 26 | S29: 0.544 | U29: 0.3g (RP: 500-yr; STIFF Soil) | W29: 15000
A30: Gerona | B30: BH-29 | C30: SS-1 | D30: 15.620647° | E30: 120.500056° | F30: 28.67 | G30: Sandy Silt | H30: ML | I30: 11 | J30: 2.37 | K30: 30 | L30: 0.16 | M30: 0.2796 | N30: 0 | O30: 2.37 | P30: 18 | Q30: 12 | R30: 23 | S30: 0.521 | U30: 0.3g (RP: 500-yr; STIFF Soil) | W30: 15000
A31: Gerona | B31: BH-30 | C31: SS-1 | D31: 15.598641° | E31: 120.517534° | F31: 58.57 | G31: Sandy Silt | H31: ML | I31: 10.2 | J31: 7 | K31: 58 | L31: 17 | M31: 2.2822 | N31: 0 | O31: 7 | P31: 18 | Q31: 27.5 | R31: 43.5 | S31: 0.53 | U31: 0.3g (RP: 500-yr; STIFF Soil, 0.3g (RP: 500-yr; ROCK Site) | W31: 20000
A32: Gerona | B32: BH-31 | C32: SS-1 | D32: 15.598293° | E32: 120.517626° | F32: 49.43 | G32: Sandy Silt | H32: ML | I32: 10.2 | J32: 12 | K32: 56 | L32: 14 | M32: 0.2765 | N32: 0 | O32: 12 | P32: 18 | Q32: 27.5 | R32: 42 | S32: 0.57 | U32: 0.3g (RP: 500-yr; STIFF Soil, 0.3g (RP: 500-yr; ROCK Site) | W32: 20000
A33: Gerona | B33: BH-32 | C33: SS-1 | D33: 15.555633° | E33: 120.608133° | F33: 30.8 | G33: Silty Clay | H33: CH | I33: 12 | J33: 2 | K33: 12 | L33: 34 | M33: 0.3222 | N33: 0 | O33: 2 | P33: 17 | Q33: 20 | R33: 9 | S33: 0.85 | U33: 0.3g (RP: 500-yr; STIFF Soil) | W33: 25000
A34: Gerona | B34: BH-33 | C34: SS-1 | D34: 15.555650° | E34: 120.608052° | F34: 30.8 | G34: Silty Clay | H34: CH | I34: 12 | J34: 2 | K34: 11 | L34: 32 | M34: 0.3568 | N34: 0 | O34: 2 | P34: 17 | Q34: 19.5 | R34: 8.25 | S34: 0.84 | U34: 0.3g (RP: 500-yr; STIFF Soil) | W34: 13000
A35: Gerona | B35: BH-34 | C35: SS-1 | D35: 15.602424° | E35: 120.593012° | F35: 32.02 | G35: Silty Sand | H35: SM | I35: 11.1 | J35: 4.5 | K35: 27 | M35: 0.1814 | N35: 0 | O35: 4.5 | P35: 21 | Q35: 30-32 | R35: 20 | S35: 0.27 | U35: 0.3g (RP: 500-yr; STIFF Soil) | W35: 15000
A36: Gerona | B36: BH-35 | C36: SS-1 | D36: 15.602593° | E36: 120.593001° | F36: 32.63 | G36: Silty Sand | H36: SM | I36: 11.1 | J36: 4.5 | K36: 21 | M36: 0.1698 | N36: 0 | O36: 4.5 | P36: 0 | Q36: 30-32 | R36: 16 | S36: 0.25 | U36: 0.3g (RP: 500-yr; STIFF Soil) | W36: 15000
A37: Moncada | B37: BH-36 | C37: SS-1 | D37: 15.745085° | E37: 120.576019° | F37: 22.3 | G37: Sandy Silt | H37: ML | I37: 26.5 | J37: 2 | K37: 11 | L37: 0.16 | M37: 0.2762 | O37: 2 | P37: 20 | Q37: 27.5 | S37: 0.55 | U37: 0.3g | W37: ########
A38: Moncada | B38: BH-37 | C38: SS-1 | D38: 15.744907° | E38: 120.576261° | F38: 23.2 | G38: Sandy Silt | H38: ML | I38: 26.5 | J38: 2 | K38: 13 | L38: 0.17 | M38: 0.2547 | O38: 2 | P38: 20 | Q38: 27.5 | S38: 0.52 | U38: 0.3g | W38: ########
A39: Moncada | B39: BH-38 | C39: SS-1 | D39: 15.769566° | E39: 120.575766° | F39: 20.4 | G39: Sandy Silt | H39: ML | I39: 27 | J39: 1.05 | K39: 8 | L39: 0.151 | M39: 0.2729 | O39: 1.05 | P39: 20 | Q39: 27.5 | S39: 0.5198 | W39: ########
A40: Moncada | B40: BH-39 | C40: SS-1 | D40: 15.769692° | E40: 120.575525° | F40: 19.8 | G40: Sandy Silt | H40: ML | I40: 27 | J40: 1 | K40: 14 | L40: 0.1309 | M40: 0.2166 | O40: 1 | P40: 20 | Q40: 27.5 | S40: 0.512 | W40: ########
A41: Moncada | B41: BH-40 | C41: SS-1 | D41: 15.808724° | E41: 120.571566° | F41: 21.7 | G41: Sandy Silt | H41: ML | I41: 28.5 | J41: 1 | K41: 15 | L41: 0.133 | M41: 0.237 | O41: 1 | P41: 20 | Q41: 27.5 | S41: 0.562 | W41: ########
A42: Moncada | B42: BH-41 | C42: SS-1 | D42: 15.808848° | E42: 120.571571° | F42: 21.7 | G42: Sandy Silt | H42: ML | I42: 28.5 | J42: 1 | K42: 13 | L42: 0.149 | M42: 0.2502 | O42: 1 | P42: 20 | Q42: 27.5 | S42: 0.531 | W42: ########
A43: Moncada | B43: BH-42 | C43: SS-1 | D43: 15.737812° | E43: 120.577325° | F43: 254.4 | G43: Sandy Silt | H43: ML | I43: 26.1 | J43: 6 | K43: 9 | L43: 0.13 | M43: 0.2669 | O43: 6 | P43: 20 | Q43: 27.5 | S43: 0.5559 | W43: ########
A44: Moncada | B44: BH-43 | C44: SS-1 | D44: 15.737879° | E44: 120.577483° | F44: 254.4 | G44: Sandy Silt | H44: ML | I44: 26.1 | J44: 6 | K44: 11 | L44: 0.1574 | M44: 0.2555 | O44: 6 | P44: 20 | Q44: 27.5 | S44: 0.5418 | W44: ########
A45: Moncada | B45: BH-44 | C45: SS-1 | D45: 15.744291° | E45: 120.596494° | F45: 21.05 | G45: Clayey Silt | H45: MH | I45: 27.3 | J45: Not Encountered | K45: 17 | L45: 0.1983 | M45: 0.3144 | N45: 0 | O45: N.E. | P45: 17 | Q45: 22.5 | R45: 12.75 | S45: 0.6556 | U45: 0.3g (RP: 500-yr; STIFF SOIL) | W45: 12
A46: Moncada | B46: BH-45 | C46: SS-1 | D46: 15.744070° | E46: 120.597089° | F46: 20.44 | G46: Clayey Silt | H46: MH | I46: 27.3 | J46: N.E. | K46: 28 | L46: 0.2112 | M46: 0.3774 | N46: 0 | O46: N.E. | P46: 17 | Q46: 25 | R46: 21 | S46: 0.6223 | U46: 0.3g (RP: 500-yr; STIFF SOIL) | W46: 15
A47: Paniqui | B47: BH-46 | C47: SS-1 | D47: 15.645909° | E47: 120.529080° | F47: 18.61 | G47: Silty Sand | H47: SM | I47: 15.1 | J47: 6 | K47: 35 | L47: 0 | M47: 0.1647 | N47: 0.23 | O47: 6 | P47: 19.2 | Q47: 37 | R47: 26 | S47: 0.24 | U47: 0.4g (RP: 500-yr; STIFF Soil) | W47: 20000
A48: Paniqui | B48: BH-47 | C48: SS-1 | D48: 15.664740° | E48: 120.555608° | F48: 21.96 | G48: Silty Sand | H48: SM | I48: 18.2 | J48: 2 | K48: 8 | M48: 0.2227 | N48: 0 | O48: 2 | P48: 20 | Q48: 27.5-30 | R48: 6 | S48: 0.237 | U48: 0.3g (RP: 500-yr; STIFF Soil) | W48: 10000
A49: Paniqui | B49: BH-48 | C49: SS-1 | D49: 15.664765° | E49: 120.55554° | F49: 21.96 | G49: Silty Sand | H49: SM | I49: 18.2 | J49: 2 | K49: 9 | M49: 0.2209 | N49: 0 | O49: 2 | P49: 19 | Q49: 27.5-30 | R49: 7 | S49: 0.236 | U49: 0.3g (RP: 500-yr; STIFF Soil) | W49: 10000
A50: Paniqui | B50: BH-49 | C50: SS-1 | D50: 15.642894° | E50: 120.528764° | F50: 21.66 | G50: Silty Sand | H50: SM | I50: 15.2 | J50: 3 | K50: 22 | M50: 0.1509 | N50: 0.22 | O50: 3 | P50: 20.7 | Q50: 32 | R50: 16.5 | S50: 0.2689 | U50: 0.3g to 0.4g (RP: 500-yr; STIFF Soil) | W50: 15000
A51: Paniqui | B51: BH-50 | C51: SS-1 | D51: 15.636114° | E51: 120.543763° | F51: 25.9 | G51: Clayey Silt | H51: MH | I51: 16 | J51: 3 | K51: 15 | L51: 0.253 | M51: 0.3522 | O51: 3 | P51: 20 | Q51: 27.5 | S51: 0.65 | U51: 0.3g (RP: 500-yr; STIFF Soil) | W51: 10000 to 30000
A52: Paniqui | B52: BH-51 | C52: SS-1 | D52: 15.636527° | E52: 120.543634° | F52: 25.3 | G52: Clayey Silt | H52: MH | I52: 16 | J52: 3 | K52: 2 | L52: 0.249 | M52: 0.341 | O52: 3 | P52: 18 to 20 | Q52: 25 | S52: 0.649 | U52: 0.3g (RP: 500-yr; STIFF Soil) | W52: 1500 to 6000
A53: Paniqui | B53: BH-52 | C53: SS-1 | D53: 15.691076° | E53: 120.553470° | F53: 23.18 | G53: Silty Sand | H53: SM | I53: 20.1 | J53: 3 | K53: 9 | M53: 0.1456 | N53: 0 | O53: 3 | P53: 21 | Q53: 27.5-30 | R53: 6.75 | S53: 0.26 | U53: 0.3g (RP: 500-yr; STIFF Soil) | W53: 10000
A54: Paniqui | B54: BH-53 | C54: SS-1 | D54: 15.693865° | E54: 120.551974° | F54: 20.75 | G54: Clayey Silt | H54: MH | I54: 20.2 | J54: 1 | K54: 13 | L54: 0.253 | M54: 0.3593 | O54: 1 | P54: 18 | Q54: 22.5 | R54: 10 | S54: 0.663 | U54: 0.3g (RP: 500-yr; STIFF Soil) | W54: 12000
A55: Paniqui | B55: BH-54 | C55: SS-1 | D55: 15.677637° | E55: 120.58916° | F55: 18.6 | G55: Clayey Silt | H55: MH | I55: 22.2 | J55: 3 | K55: 17 | L55: 0.25 | M55: 0.3358 | O55: 3 | P55: 21 | Q55: 27.5 | S55: 0.667 | U55: 0.3g (RP: 500-yr; STIFF Soil) | W55: 1500 to 6000
A56: Paniqui | B56: BH-55 | C56: SS-1 | D56: 15.677583° | E56: 120.589097° | F56: 18.6 | G56: Clayey Silt | H56: MH | I56: 22.2 | J56: 3 | K56: 10 | L56: 0.26 | M56: 0.3622 | O56: 3 | P56: 20 | Q56: 27.5 | S56: 0.649 | U56: 0.3g (RP: 500-yr; STIFF Soil) | W56: 10000 to 30000
A57: Paniqui | B57: BH-56 | C57: SS-1 | D57: 15.677111° | E57: 120.480166° | F57: 27.4 | G57: Clayey Silt | H57: MH | I57: 12.8 | J57: 1.05 | K57: 46 | L57: 0.28 | M57: 0.3435 | O57: 1.05 | P57: 21 | Q57: 27.5 | S57: 0.618 | U57: 0.4g (RP: 500-yr; STIFF Soil) | W57: 30000 to 80000
A58: Paniqui | B58: BH-57 | C58: SS-1 | D58: 15.677082° | E58: 120.480209° | F58: 27.4 | G58: Clayey Silt | H58: MH | I58: 12.8 | J58: 1.05 | K58: 50 | L58: 0.24 | M58: 0.323 | O58: 1.05 | P58: 21 | Q58: 27.5 | S58: 0.637 | U58: 0.4g (RP: 500-yr; STIFF Soil) | W58: 30000 to 80000
A59: Paniqui | B59: BH-58 | C59: SS-1 | D59: 15.634186° | E59: 120.516916° | F59: 20.14 | G59: Silty Sand | H59: SM | I59: 13.3 | J59: 6.1 | K59: 43 | M59: 0.1781 | O59: 6.1 | P59: 20 | Q59: 37 | R59: 32 | S59: 0.28 | U59: 0.4g (RP: 500-yr; STIFF Soil) | W59: 20000
A60: Paniqui | B60: BH-59 | C60: SS-1 | D60: 15.668819° | E60: 120.584161° | G60: Clayey Sand | H60: SC | I60: 18 | J60: 1 | K60: 6 | L60: NP | M60: 0.3 | O60: 1 | P60: 19.093 | R60: 7.658 | S60: 0.5 | U60: 0.5g (RP: 500-yr; STIFF Soil)
A61: Paniqui | B61: BH-60 | C61: SS-1 | D61: 15.669577° | E61: 120.580887° | G61: Clayey Sand | H61: SC | I61: 18 | J61: 1 | K61: 5 | L61: NP | M61: 0.1945 | O61: 1 | P61: 19.093 | R61: 6.381 | S61: 0.6606 | U61: 0.5g (RP: 500-yr; STIFF Soil)
A62: Paniqui | B62: BH-61 | C62: SS-1 | D62: 15.669652° | E62: 120.580584° | G62: Clayey Sand | H62: SC | I62: 18 | J62: 1 | K62: 2 | L62: NP | M62: 0.138 | O62: 1 | P62: 21.726 | R62: 2.502 | S62: 0.4624 | U62: 0.5g (RP: 500-yr; STIFF Soil)
A63: Pura | B63: BH-62 | C63: SS-1 | D63: 15.625795° | E63: 120.650289° | F63: 25.62 | G63: Silty Sand | H63: SM | I63: 20.3 | J63: 6 | K63: 16 | M63: 0.2112 | N63: 0 | O63: 6 | P63: 20 | Q63: 30-32 | R63: 12 | S63: 0.3443 | U63: 0.3g (RP: 500-yr; STIFF SOIL) | W63: 15
A64: Pura | B64: BH-63 | C64: SS-1 | D64: 15.625836° | E64: 120.650662° | F64: 25.01 | G64: Silty Sand | H64: SM | I64: 20.3 | J64: 6 | K64: 17 | M64: 0.2254 | N64: 0 | O64: 6 | P64: 20 | Q64: 30-32 | R64: 12.75 | S64: 0.2742 | U64: 0.3g (RP: 500-yr; STIFF SOIL) | W64: 15
A65: Pura | B65: BH-64 | C65: SS-1 | D65: 15.643867° | E65: 120.672856° | F65: 21.05 | G65: Sandy Silt | H65: ML | I65: 23.4 | J65: 3 | K65: 7 | L65: 0.1685 | M65: 0.2801 | O65: 3 | P65: 17.7 | Q65: 20 | R65: 7 | S65: 0.5774 | U65: 0.4g (RP: 500-yr; STIFF SOIL) | W65: 10
A66: Ramos | B66: BH-65 | C66: SS-1 | D66: 15.686441° | E66: 120.635555° | F66: 9.16 | G66: Clayey Silt | H66: MH | I66: 24.2 | J66: 3 | K66: 27 | L66: 0.223 | M66: 0.3469 | N66: 0 | O66: 3 | P66: 17 | Q66: 25 | R66: 20.25 | S66: 0.6664 | U66: 0.3g (RP: 500-yr; STIFF SOIL) | W66: 15
A67: Ramos | B67: BH-66 | C67: SS-1 | D67: 15.666889° | E67: 120.642879° | F67: 21.36 | G67: Clayey Silt | H67: MH | I67: 23 | J67: 1 | K67: 6 | L67: 0.2608 | M67: 0.3589 | O67: 1 | P67: 17 | Q67: 18 | R67: 4.5 | S67: 0.6334 | U67: 0.3g (RP: 500-yr; STIFF SOIL) | W67: 8
A68: Ramos | B68: BH-67 | C68: SS-1 | D68: 15.684023° | E68: 120.639705° | F68: 17.09 | G68: Clayey Silt | H68: MH | I68: 24.2 | J68: 21 | K68: 13 | L68: 0.2279 | M68: 0.3653 | N68: 0 | O68: 21 | P68: 17 | Q68: 22.5 | R68: 9.75 | S68: 0.6552 | U68: 0.3g (RP: 500-yr; STIFF SOIL) | W68: 12
A69: Ramos | B69: BH-68 | C69: SS-1 | D69: 15.685089° | E69: 120.637294° | F69: 21.36 | G69: Silty Sand | H69: SM | I69: 24.2 | J69: 1 | K69: 9 | L69: 0 | M69: 0.2035 | N69: 0.2 | O69: 1 | P69: 19.7 | Q69: 30 | R69: 6.75 | S69: 0.2227 | U69: 0.4g (RP: 500-yr; STIFF SOIL) | W69: 10
A70: San Manuel | B70: BH-69 | C70: SS-1 | D70: 15.786314° | E70: 120.605458° | F70: 25.62 | G70: Sandy Silt | H70: ML | I70: 30.8 | J70: 3.5 | K70: 8 | L70: 17.2 | M70: 0.234 | N70: 0 | O70: 3.5 | P70: 18 | Q70: 20 | R70: 6 | S70: 0.531 | U70: 0.3g (RP: 500-yr; STIFF SOIL) | W70: 10
A71: San Manuel | B71: BH-70 | C71: SS-1 | D71: 15.786300° | E71: 120.605656° | F71: 24.4 | G71: Clayey Silt | H71: MH | I71: 30.8 | J71: 4.5 | K71: 7 | L71: 0.227 | M71: 0.336 | N71: 0 | O71: 4.5 | P71: 17 | Q71: 20 | R71: 5 | S71: 0.642 | U71: 0.3g (RP: 500-yr; STIFF SOIL) | W71: 10
A72: San Manuel | B72: BH-71 | C72: SS-1 | D72: 15.798112° | E72: 120.611316° | F72: 28.37 | G72: Sandy Silt | H72: ML | I72: 30 | J72: Not Encountered | K72: 26 | L72: 0.135 | M72: 0.2478 | N72: 0 | O72: Not Encountered | P72: 18 | Q72: 25 | R72: 20 | S72: 0.559 | U72: 0.4g (RP: 500-yr; STIFF SOIL) | W72: 15
A73: San Manuel | B73: BH-72 | C73: SS-1 | D73: 15.798144° | E73: 120.611495° | F73: 28.67 | G73: Sandy Silt | H73: ML | I73: 30 | J73: N.E. | K73: 23 | L73: 0.133 | M73: 0.2946 | N73: 0 | O73: N.E. | P73: 18 | Q73: 25 | R73: 17 | S73: 0.549 | U73: 0.4g (RP: 500-yr; STIFF SOIL) | W73: 15
A74: San Manuel | B74: BH-73 | C74: SS-1 | D74: 15.785400° | E74: 120.613728° | F74: 21.36 | G74: Silty Sand | H74: SM | I74: 31.3 | J74: 5 | K74: 7 | M74: 0.2273 | N74: 0 | O74: 5 | P74: 20 | Q74: 12 | R74: 5.25 | S74: 0.3344 | U74: 0.3g (PHIVOLCS: 500-yr RP; STIFF SOIL) | W74: 10
A75: San Manuel | B75: BH-74 | C75: SS-1 | D75: 15.785383° | E75: 120.613613° | F75: 21.05 | G75: Silty Sand | H75: SM | I75: 31.3 | J75: 3 | K75: 8 | M75: 0.1147 | N75: 0 | O75: 3 | P75: 21 | Q75: 12 | R75: 6 | S75: 0.2207 | U75: 0.3g (PHIVOLCS: 500-yr RP; STIFF SOIL) | W75: 10
A76: San Manuel | B76: BH-75 | C76: SS-1 | D76: 15.785220° | E76: 120.613398° | F76: 22.27 | G76: Silty Sand | H76: SM | I76: 31.3 | J76: 3 | K76: 6 | M76: 0.2389 | N76: 0 | O76: 3 | P76: 20 | Q76: 12 | R76: 4.5 | S76: 0.3284 | U76: 0.3g (PHIVOLCS: 500-yr RP; STIFF SOIL) | W76: 5
A77: San Manuel | B77: BH-76 | C77: SS-1 | D77: 15.797873° | E77: 120.609780° | F77: 26.84 | G77: Silty Sand | H77: SM | I77: 30 | J77: 0.4 | K77: 17 | L77: 0 | M77: 0.1842 | N77: 0.2 | O77: 0.4 | P77: 20.4 | Q77: 32 | R77: 12.75 | S77: 0.3195 | U77: 0.4g (RP: 500-yr; STIFF SOIL) | W77: 15
A78: San Manuel | B78: BH-77 | C78: SS-1 | D78: 15.799033° | E78: 120.611473° | F78: 25.32 | G78: Silty Sand | H78: SM | I78: 29.9 | J78: 1.1 | K78: 15 | M78: 0.2127 | N78: 0.21 | O78: 1.1 | P78: 19.6 | Q78: 32 | R78: 11.25 | S78: 0.3374 | U78: 0.4g (RP: 500-yr; STIFF SOIL) | W78: 15
A79: San Manuel | B79: BH-78 | C79: SS-1 | D79: 15.800020° | E79: 120.611164° | F79: 24.1 | G79: Silty Sand | H79: SM | I79: 29.9 | J79: 2.5 | K79: 22 | M79: 0.1182 | N79: 0.2 | O79: 2.5 | P79: 22.3 | Q79: 32 | R79: 16.5 | S79: 0.3403 | U79: 0.4g (RP: 500-yr; STIFF SOIL) | W79: 15
A80: Santa Ignacia | B80: BH-79 | C80: CS-1 | D80: 15.61518 | E80: 120.4387 | F80: 38 | G80: Clay | H80: CL | I80: 5.9 | K80: 22 | L80: 0.19 | M80: 0.2061 | Q80: 33 | R80: 22 | S80: 52 | T80: hard | W80: 8000
A81: Santa Ignacia | B81: BH-80 | C81: CS-1 | D81: 15.6156 | E81: 120.439 | F81: 38 | G81: Silty Sand | H81: SM | I81: 5.9 | K81: 25 | L81: 0 | M81: 0.5041 | Q81: 33 | R81: 47 | S81: 43 | T81: very dense | W81: 8000
A82: San Jose | B82: BH-81 | C82: SS-1 | D82: 15.46375 | E82: 120.4663 | F82: 86.86 | G82: Silty Clay | H82: SC | I82: 5.7 | J82: 9.13 | K82: 13 | L82: 0.36 | M82: 0.4303 | N82: 0 | O82: 9.13 | P82: 16 | Q82: 12 | R82: 10 | S82: 88.2 | U82: 0.4g (RP: 500-yr; STIFF Soil) | W82: 25000
A83: San Jose | B83: BH-82 | C83: SS-1 | D83: 15.46348 | E83: 120.4663 | F83: 87.78 | G83: Silty Clay | H83: SC | I83: 5.7 | J83: 4.77 | K83: 8 | L83: 33 | M83: 41.06 | N83: 0 | O83: 4.77 | P83: 17 | Q83: 12 | R83: 6 | S83: 84.9 | U83: 0.4g (RP: 500-yr; STIFF Soil) | W83: 13000
A84: Tarlac City | B84: BH-83 | C84: SPT-1 | D84: 15.47709 | E84: 120.5726 | G84: Clay | H84: CL | I84: 5 | J84: 3 | K84: 56 | L84: 0.25 | M84: 0.587 | O84: 3 | W84: 25000
A85: Tarlac City | B85: BH-84 | C85: SPT-1 | D85: 15.47711 | E85: 120.5725 | G85: clay | H85: CL | I85: 5 | J85: 3.1 | K85: 62 | L85: 0.23 | M85: 0.5421 | O85: 3.1 | W85: 25000
A86: Tarlac City | B86: BH-85 | C86: SS-1 | D86: 15.4297 | E86: 120.64 | G86: sandy silt | H86: ML | I86: 11.9 | J86: 1.3 | K86: 0.08 | L86: 0 | M86: 22 | O86: 1.3 | P86: 16.67 | Q86: 29.5 | R86: 10 | S86: 56 | T86: loose to medium dense | U86: 0.35g (RP: 475-yr; STIFF Soil)
A87: Tarlac City | B87: BH-86 | C87: SS-1 | D87: 15.48974 | E87: 120.59 | F87: 47.2 | G87: sandy silt | H87: ML | I87: 7.9 | J87: 4.5 | K87: 0.19 | L87: 0.1351 | M87: 27.23 | O87: 4.5 | P87: 21 | Q87: 27.5 | S87: 55.07 | W87: 25000
A88: Tarlac City | B88: BH-87 | C88: SS-1 | D88: 15.48961 | E88: 120.59 | F88: 47.5 | G88: sandy silt | H88: ML | I88: 7.9 | J88: 4.5 | K88: 0.21 | L88: 0.1612 | M88: 27.47 | O88: 6 | P88: 21 | Q88: 27.5 | S88: 53.79 | W88: 25000
A89: Tarlac City | B89: BH-88 | C89: SS-1 | D89: 15.48407 | E89: 120.618 | F89: 38.7 | G89: silty sand | H89: SM | I89: 10.9 | J89: 1 | K89: 35 | M89: 22 | O89: 1 | P89: 21 | Q89: 35 | S89: 25.5 | W89: 35000
A90: Tarlac City | B90: BH-89 | C90: SS-1 | D90: 15.48394 | E90: 120.618 | F90: 38.4 | G90: sandy silt | H90: ML | I90: 10.9 | J90: 1 | K90: 28 | L90: 17 | M90: 26.19 | O90: 1 | P90: 21 | Q90: 27.5 | S90: 54.3 | W90: 25000
A91: Tarlac City | B91: BH-90 | C91: SS-1 | D91: 15.46881 | E91: 120.6532 | F91: 27.4 | G91: sandy silt | H91: ML | I91: 13.5 | J91: 3 | K91: 10 | L91: 12 | M91: 30.94 | O91: 3 | P91: 20 | Q91: 27.5 | S91: 54.72 | W91: 20000
A92: Tarlac City | B92: BH-91 | C92: SS-1 | D92: 15.47478 | E92: 120.6252 | F92: 35.66 | G92: clayey silt | H92: MH | I92: 10.7 | J92: 4.5 | K92: 18 | L92: 22.4 | M92: 33.62 | O92: 4.5 | P92: 17.2 | Q92: 22.5 | R92: 13.5 | S92: 64.25 | U92: 0.4g (RP: 500-yr; STIFF Soil) | W92: 12000
A93: Tarlac City | B93: BH-92 | C93: SS-1 | D93: 15.52992 | E93: 120.5932 | F93: 35.05 | G93: silty sand | H93: SM | I93: 9.2 | J93: 1.5 | K93: 13 | L93: 0 | M93: 23.74 | N93: 0.27 | O93: 1.5 | P93: 19.3 | Q93: 22.5 | R93: 13 | S93: 21.1 | U93: 0.4g (RP: 500-yr; STIFF Soil) | W93: 12000
A94: Victoria | B94: BH-93 | C94: SS-1 | D94: 15.535479° | E94: 120.689187° | F94: 23.18 | G94: Silty Sand | H94: SM | I94: 19.4 | J94: 6 | K94: 5 | M94: 0.2273 | N94: 0 | O94: 6 | P94: 20 | Q94: 24-26 | R94: 3.75 | S94: 0.3344 | U94: 0.3g (RP: 500-yr; STIFF SOIL) | W94: 5
A95: Victoria | B95: BH-94 | C95: SS-1 | D95: 15.535636° | E95: 120.689206° | F95: 22.88 | G95: Silty Sand | H95: SM | I95: 19.4 | J95: 6 | K95: 6 | M95: 0.1868 | N95: 0 | O95: 6 | P95: 21 | Q95: 24-26 | R95: 4.5 | S95: 0.1821 | U95: 0.3g (RP: 500-yr; STIFF SOIL) | W95: 5
A96: Victoria | B96: BH-95 | C96: SS-1 | D96: 15.597176° | E96: 120.664616° | F96: 22.88 | G96: Sandy Silt | H96: ML | I96: 19.6 | J96: 3 | K96: 11 | L96: 0.1299 | M96: 0.2593 | N96: 0 | O96: 3 | P96: 18 | Q96: 20 | R96: 8.25 | S96: 0.5369 | U96: 0.3g (RP: 500-yr; STIFF SOIL) | W96: 10
A97: Victoria | B97: BH-96 | C97: SS-1 | D97: 15.597202° | E97: 120.664573° | F97: 22.88 | G97: Sandy Silt | H97: ML | I97: 19.6 | J97: 3 | K97: 13 | L97: 0.1495 | M97: 0.2838 | N97: 0 | O97: 3 | P97: 18 | Q97: 22.5 | R97: 9.75 | S97: 0.567 | U97: 0.3g (RP: 500-yr; STIFF SOIL) | W97: 12
A98: Victoria | B98: BH-97 | C98: SS-1 | D98: 15.589208° | E98: 120.698247° | F98: 21.96 | G98: Sandy Silt | H98: ML | I98: 22.2 | J98: 1.1 | K98: 6 | L98: 0.1819 | M98: 0.2683 | O98: 1.1 | P98: 18 | Q98: 22.5 | R98: 6 | S98: 0.5732 | U98: 0.4g (RP: 500-yr; STIFF SOIL) | W98: 12
A99: Victoria | B99: BH-98 | C99: SS-1 | D99: 15.596175° | E99: 120.698729° | F99: 19.22 | G99: Sandy Silt | H99: ML | I99: 22.6 | J99: 3 | K99: 13 | L99: 0.132 | M99: 0.256 | O99: 3 | P99: 18 | Q99: 22.5 | R99: 10 | S99: 0.531 | U99: 0.4g (RP: 500-yr; STIFF SOIL) | W99: 12
A100: Victoria | B100: BH-99 | C100: SS-1 | D100: 15.558353° | E100: 120.689713° | F100: 20.44 | G100: Clayey Silt | H100: MH | I100: 20 | J100: 1.5 | K100: 11 | L100: 0.25 | M100: 0.3433 | N100: 0 | O100: 1.5 | P100: 17 | Q100: 20 | R100: 8 | S100: 0.654 | U100: 0.3g (RP: 500-yr; STIFF SOIL) | W100: 10
...

Sheet 1.5m-3.0m
A1: Municipality | B1: Borehole ID | C1: Sample No. | D1: Latitude | E1: Longitude | F1: Elevation | G1: Soil/Rock Description | H1: USCS Symbol | I1: Fault Distance (km) | J1: Ground Water Table | K1: SPT N-Value | L1: Plasticity Index (PI) | M1: Natural Water Content (ω) | N1: Mean Particle Size (D50) (mm) | O1: Groundwater Level (m) | P1: Unit Weight (γ) | Q1: Foundation Width (B) | R1: Foundation Depth (D) | S1: Internal Friction Angle | T1: Length-to-width ratio (L/B) | U1: Corrected SPT-N Value (N1(60)) | V1: Fines Content | W1: Effective Overburden Presssure | X1: Total Overburden Pressure | Y1: Relative Density | Z1: Peak Ground Acceleration | AA1: Cyclic Stress Ratio (CSR) | AB1: Elastic Modulus (Es) (MN/
A2: Anao | B2: BH-1 | C2: SS-2 | D2: 15.715506° | E2: 120.623904° | F2: 15.28 | G2: Silty Sand | H2: SM | I2: 26.3 | J2: 28.5 | K2: 13 | M2: 0.1716 | N2: 0.2 | O2: 28.5 | P2: 18 | Q2: 30 | R2: 9.75 | S2: 0.2914 | U2: 0.4g (RP: 500-yr; STIFF Soil) | W2: 3000 to 5000
A3: Anao | B3: BH-2 | C3: SS-2 | D3: 15.759126° | E3: 120.600236° | F3: 25.65 | G3: Silty Clay | H3: CH | I3: 30.8 | J3: 1.5 | K3: 8 | L3: 0.3088 | M3: 0.3143 | N3: 0 | O3: 1.5 | P3: 17 | Q3: 19.5 | R3: 6 | S3: 0.8819 | U3: 0.3g (RP: 500-yr; STIFF Soil) | W3: 13000
A4: Anao | B4: BH-3 | C4: SS-2 | D4: 15.759537° | E4: 120.600182° | F4: 21.99 | G4: Silty Clay | H4: CH | I4: 30.8 | J4: 1.5 | K4: 13 | L4: 0.3014 | M4: 0.3161 | N4: 0 | O4: 1.5 | P4: 17 | Q4: 20 | R4: 9.75 | S4: 0.8269 | U4: 0.3g (RP: 500-yr; STIFF Soil) | W4: 25000
A5: Bamban | B5: BH-4 | C5: SS-2 | D5: 15.27346° | E5: 120.56187° | F5: 79.45 | G5: Silt | H5: ML | I5: 19.8 | K5: 25 | L5: 0.18 | M5: 0.5058 | P5: 17.1-19.2 | Q5: 31-40 | S5: 0.897 | U5: 0.4g | V5: 0.128
A6: Camiling | B6: BH-5 | C6: SS-2 | D6: 15.686632° | E6: 120.412972° | F6: 14.98 | G6: Clayey Silt | H6: MH | I6: 7.6 | J6: 4.5 | K6: 19 | L6: 0.256 | M6: 0.3799 | O6: 4.5 | P6: 10 | Q6: 25 | S6: 0.625 | U6: 0.4g (RP: 500-yr; STIFF Soil) | W6: 15
A7: Camiling | B7: BH-6 | C7: SS-2 | D7: 15.686638° | E7: 120.413130° | F7: 15.28 | G7: Clayey Silt | H7: MH | I7: 7.6 | J7: 5 | K7: 20 | L7: 0.278 | M7: 0.314 | O7: 5 | P7: 10 | Q7: 25 | S7: 0.671 | U7: 0.4g (RP: 500-yr; STIFF Soil) | W7: 15
A8: Camiling | B8: BH-7 | C8: SS-2 | D8: 15.686652° | E8: 120.412968° | F8: 14.67 | G8: Brown, Clayey Silt of medium plasticity | H8: MH | I8: 8.3 | J8: 6 | K8: 13 | L8: 0.266 | M8: 0.3735 | O8: 6 | P8: 20 | Q8: 27.5 | S8: 0.623 | U8: 0.4g | W8: ########
A9: Camiling | B9: BH-8 | C9: SS-2 | D9: 15.686296° | E9: 120.412971° | F9: 15.59 | G9: Brown, Clayey Silt of medium plasticity | H9: MH | I9: 8.3 | J9: 7 | K9: 11 | L9: 0.231 | M9: 0.393 | O9: 7 | P9: 20 | Q9: 27.5 | S9: 0.661 | U9: 0.4g | W9: ########
A10: Camiling | B10: BH-9 | C10: SS-2 | D10: 15.686062° | E10: 120.412563° | F10: 15.59 | G10: Brown, Clayey Silt of medium plasticity | H10: MH | I10: 8.3 | J10: 7 | K10: 13 | L10: 0.261 | M10: 0.3821 | O10: 7 | P10: 20 | Q10: 27.5 | S10: 0.652 | U10: 0.4g | W10: ########
A11: Camiling | B11: BH-10 | C11: SS-2 | D11: 15.732336° | E11: 120.434617° | F11: 9.8 | G11: Clayey Silt | H11: MH | I11: 11.3 | J11: 4.3 | K11: 10 | L11: 0.25 | M11: 0.3549 | N11: 0 | O11: 4.3 | P11: 17 | Q11: 20 | R11: 8 | S11: 0.651 | U11: 0.2g (RP:500-yr; ROCK SITE) | W11: 10
A12: Camiling | B12: BH-11 | C12: SS-2 | D12: 15.743831° | E12: 120.443005° | F12: 24.43 | G12: Sandy Silt | H12: ML | I12: 12.5 | J12: N.E. | K12: 50/15 | L12: 0.132 | M12: 0.2714 | N12: 0 | O12: N.E. | P12: 23 | Q12: 30 | R12: 50/15 | S12: 0.542 | U12: 0.3g (RP:500-yr; STIFF SOIL) (ROCK SITE) | W12: 300
A13: Camiling | B13: BH-12 | C13: SS-2 | D13: 15.743915° | E13: 120.443051° | F13: 25.34 | G13: Sandy Silt | H13: ML | I13: 12.5 | J13: N.E. | K13: 50/15 | L13: 0.161 | M13: 0.223 | N13: 0 | O13: N.E. | P13: 23 | Q13: 30 | R13: 50/15 | S13: 0.562 | U13: 0.3g (RP:500-yr; STIFF SOIL) (ROCK SITE) | W13: 300
A14: Camiling | B14: BH-13 | C14: SS-2 | D14: 15.656521° | E14: 120.400915° | F14: 17.42 | G14: Sandy Silt | H14: ML | I14: 4.8 | J14: 6 | K14: 16 | L14: 0.17 | M14: 0.2445 | O14: 6 | P14: 18 | Q14: 22.5 | R14: 12 | S14: 0.55 | U14: 0.4g | W14: 12
A15: Camiling | B15: BH-14 | C15: SS-2 | D15: 15.645886° | E15: 120.388381° | F15: 32.45 | G15: Gray, Silty Clayey Sand | H15: SC-SM | I15: 3 | J15: 4 | K15: 31 | L15: 0.08 | M15: 0.147 | O15: 4 | P15: 19 | Q15: 32 | S15: 0.1594 | U15: 0.4g | W15: 30
A16: Gerona | B16: BH-15 | C16: SS-2 | D16: 15.635467° | E16: 120.624711° | F16: 22.9 | G16: Silty Sand | H16: SM | I16: 19 | J16: 7.5 | K16: 17 | M16: 0.1967 | N16: 0 | O16: 7.5 | P16: 20 | Q16: 30-32 | R16: 13 | S16: 0.283 | U16: 0.3g (RP: 500-yr; STIFF Soil) | W16: 15000
A17: Gerona | B17: BH-16 | C17: SS-2 | D17: 15.635408° | E17: 120.624588° | F17: 22.29 | G17: Silty Sand | H17: SM | I17: 19 | J17: 7.5 | K17: 16 | M17: 0.2029 | N17: 0 | O17: 7.5 | P17: 20 | Q17: 30-32 | R17: 12 | S17: 0.274 | U17: 0.3g (RP: 500-yr; STIFF Soil) | W17: 15000
A18: Gerona | B18: BH-17 | C18: SS-2 | D18: 15.555744° | E18: 120.600555° | F18: 29.61 | G18: Silty Sand | H18: SM | I18: 11.3 | J18: 3 | K18: 11 | M18: 0.2356 | N18: 0 | O18: 3 | P18: 20 | Q18: 27.5-30 | R18: 8.25 | S18: 0.201 | U18: 0.3g (RP: 500-yr; STIFF Soil) | W18: 10000
A19: Gerona | B19: BH-18 | C19: SS-2 | D19: 15.555718° | E19: 120.600598° | F19: 29.61 | G19: Silty Sand | H19: SM | I19: 11.3 | J19: 3 | K19: 11 | M19: 0.2254 | N19: 0 | O19: 3 | P19: 19 | Q19: 27.5-30 | R19: 8.25 | S19: 0.233 | U19: 0.3g (RP: 500-yr; STIFF Soil) | W19: 10000
A20: Gerona | B20: BH-19 | C20: SS-2 | D20: 15.592509° | E20: 120.620622° | F20: 29.91 | G20: Silty Sand | H20: SM | I20: 15.5 | J20: 3 | K20: 20 | M20: 0.1726 | N20: 0 | O20: 3 | P20: 20 | Q20: 30-32 | R20: 15 | S20: 0.262 | U20: 0.3g (RP: 500-yr; STIFF Soil) | W20: 15000
A21: Gerona | B21: BH-20 | C21: SS-2 | D21: 15.592510° | E21: 120.620552° | F21: 29.9 | G21: Silty Sand | H21: SM | I21: 15.5 | J21: 3 | K21: 21 | M21: 0.1479 | N21: 0 | O21: 3 | P21: 21 | Q21: 30-32 | R21: 16 | S21: 0.247 | U21: 0.3g (RP: 500-yr; STIFF Soil) | W21: 15000
A22: Gerona | B22: BH-21 | C22: SS-2 | D22: 15.556476° | E22: 120.573764° | F22: 29.91 | G22: Silty Sand | H22: SM | I22: 9 | J22: N.E | K22: 11 | M22: 0.1543 | N22: 0 | O22: N.E | P22: 20 | Q22: 27.5-30 | R22: 8 | S22: 0.326 | U22: 0.3g (RP: 500-yr; STIFF Soil) | W22: 10000
A23: Gerona | B23: BH-22 | C23: SS-2 | D23: 15.556501° | E23: 120.573845° | F23: 29.91 | G23: Silty Sand | H23: SM | I23: 9 | J23: N.E | K23: 14 | M23: 0.1977 | N23: 0 | O23: N.E | P23: 19 | Q23: 30-32 | R23: 11 | S23: 0.278 | U23: 0.3g (RP: 500-yr; STIFF Soil) | W23: 15000
A24: Gerona | B24: BH-23 | C24: SS-2 | D24: 15.578777° | E24: 120.573149° | F24: 26.56 | G24: Silty Sand | H24: SM | I24: 11.1 | J24: 12 | K24: 33 | M24: 0.1255 | N24: 0 | O24: 12 | P24: 22 | Q24: 30-32 | R24: 24.75 | S24: 0.3129 | U24: 0.3g (RP: 500-yr; STIFF Soil) | W24: 15000
A25: Gerona | B25: BH-24 | C25: SS-2 | D25: 15.578761° | E25: 120.573483° | F25: 27.48 | G25: Silty Sand | H25: SM | I25: 11.1 | J25: 4.5 | K25: 33 | M25: 0.1707 | N25: 0 | O25: 4.5 | P25: 21 | Q25: 30-32 | R25: 24.75 | S25: 0.2934 | U25: 0.3g (RP: 500-yr; STIFF Soil) | W25: 15000
A26: Gerona | B26: BH-25 | C26: SS-2 | D26: 15.600169° | E26: 120.544751° | F26: 21.07 | G26: Clayey Silt | H26: MH | I26: 11.1 | J26: N.E | K26: 34 | L26: 0.25 | M26: 0.3426 | N26: 0 | O26: N.E | P26: 17 | Q26: 25 | R26: 26 | S26: 0.625 | U26: 0.3g (RP: 500-yr; STIFF Soil) | W26: 15000
A27: Gerona | B27: BH-26 | C27: SS-2 | D27: 15.600168° | E27: 120.544618° | F27: 21.07 | G27: Clayey Silt | H27: MH | I27: 11.1 | J27: N.E | K27: 24 | L27: 0.24 | M27: 0.3571 | N27: 0 | O27: N.E | P27: 17 | Q27: 25 | R27: 18 | S27: 0.639 | U27: 0.3g (RP: 500-yr; STIFF Soil) | W27: 15000
A28: Gerona | B28: BH-27 | C28: SS-2 | D28: 15.589244° | E28: 120.597051° | F28: 27.96 | G28: Silty Sand | H28: SM | I28: 13.3 | J28: 2.5 | K28: 23 | M28: 0.1563 | N28: 0 | O28: 2.5 | P28: 0 | Q28: 30-32 | R28: 17 | S28: 0.291 | U28: 0.3g (RP: 500-yr; STIFF Soil) | W28: 15000
A29: Gerona | B29: BH-28 | C29: SS-2 | D29: 15.58917° | E29: 120.597011° | F29: 27.66 | G29: Silty Sand | H29: SM | I29: 13.3 | J29: 2.5 | K29: 21 | M29: 0.1481 | N29: 0 | O29: 2.5 | P29: 0 | Q29: 30-32 | R29: 16 | S29: 0.286 | U29: 0.3g (RP: 500-yr; STIFF Soil) | W29: 15000
A30: Gerona | B30: BH-29 | C30: SS-2 | D30: 15.620661° | E30: 120.500156° | F30: 28.08 | G30: Sandy Silt | H30: ML | I30: 11 | J30: 3 | K30: 100 | L30: 0.18 | M30: 0.2344 | N30: 0 | O30: 3 | P30: 19 | Q30: 27.5 | R30: 100 | S30: 0.561 | U30: 0.3g (RP: 500-yr; STIFF Soil) | W30: 20000
A31: Gerona | B31: BH-30 | C31: SS-2 | D31: 15.620647° | E31: 120.500056° | F31: 27.17 | G31: Sandy Silt | H31: ML | I31: 11 | J31: 2.37 | K31: 100 | L31: 0.19 | M31: 0.265 | N31: 0 | O31: 2.37 | P31: 18 | Q31: 27.5 | R31: 100 | S31: 0.566 | U31: 0.3g (RP: 500-yr; STIFF Soil) | W31: 20000
A32: Gerona | B32: BH-31 | C32: SS-2 | D32: 15.598641° | E32: 120.517534° | F32: 57.07 | G32: Silty Sand | H32: SM | I32: 10.2 | J32: 7 | K32: 59 | M32: 0.2327 | N32: 0 | O32: 7 | P32: 19 | Q32: 32-35 | R32: 44.25 | S32: 0.35 | U32: 0.3g (RP: 500-yr; STIFF Soil, 0.3g (RP: 500-yr; ROCK Site) | W32: 20000
A33: Gerona | B33: BH-32 | C33: SS-2 | D33: 15.598293° | E33: 120.517626° | F33: 47.88 | G33: Silty Sand | H33: ML | I33: 10.2 | J33: 12 | K33: 55 | L33: 16 | M33: 0.263 | N33: 0 | O33: 12 | P33: 18 | Q33: 27.5 | R33: 41.25 | S33: 0.58 | U33: 0.3g (RP: 500-yr; STIFF Soil, 0.3g (RP: 500-yr; ROCK Site) | W33: 20000
A34: Gerona | B34: BH-33 | C34: SS-2 | D34: 15.555633° | E34: 120.608133° | F34: 29.3 | G34: Silty Clay | H34: CH | I34: 12 | J34: 2 | K34: 10 | L34: 33 | M34: 0.3785 | N34: 0 | O34: 2 | P34: 17 | Q34: 19.5 | R34: 7.5 | S34: 0.85 | U34: 0.3g (RP: 500-yr; STIFF Soil) | W34: 13000
A35: Gerona | B35: BH-34 | C35: SS-2 | D35: 15.555650° | E35: 120.608052° | F35: 29.3 | G35: Silty Clay | H35: CH | I35: 12 | J35: 2 | K35: 10 | L35: 32 | M35: 0.4527 | N35: 0 | O35: 2 | P35: 16 | Q35: 19.5 | R35: 7.5 | S35: 0.87 | U35: 0.3g (RP: 500-yr; STIFF Soil) | W35: 13000
A36: Gerona | B36: BH-35 | C36: SS-2 | D36: 15.602424° | E36: 120.593012° | F36: 30.52 | G36: Silty Sand | H36: SM | I36: 11.1 | J36: 4.5 | K36: 39 | M36: 0.161 | N36: 0 | O36: 4.5 | P36: 21 | Q36: 32-35 | R36: 29 | S36: 0.284 | U36: 0.3g (RP: 500-yr; STIFF Soil) | W36: 20000
A37: Gerona | B37: BH-36 | C37: SS-2 | D37: 15.602593° | E37: 120.593001° | F37: 31.13 | G37: Silty Sand | H37: SM | I37: 11.1 | J37: 4.5 | K37: 22 | M37: 0.1704 | N37: 0 | O37: 4.5 | P37: 0 | Q37: 30-32 | R37: 17 | S37: 0.242 | U37: 0.3g (RP: 500-yr; STIFF Soil) | W37: 15000
A38: Moncada | B38: BH-37 | C38: SS-2 | D38: 15.745085° | E38: 120.576019° | F38: 20.8 | G38: Sandy Silt | H38: ML | I38: 26.5 | J38: 2 | K38: 15 | L38: 0.15 | M38: 0.2647 | O38: 2 | P38: 20 | Q38: 27.5 | S38: 0.56 | U38: 0.3g | W38: ########
A39: Moncada | B39: BH-38 | C39: SS-2 | D39: 15.744907° | E39: 120.576261° | F39: 21.7 | G39: Sandy Silt | H39: ML | I39: 26.5 | J39: 2 | K39: 18 | L39: 0.2 | M39: 0.2698 | O39: 2 | P39: 21 | Q39: 27.5 | S39: 0.54 | U39: 0.3g | W39: 15-40
A40: Moncada | B40: BH-39 | C40: SS-2 | D40: 15.769566° | E40: 120.575766° | F40: 18.9 | G40: Sandy Silt | H40: ML | I40: 27 | J40: 1.05 | K40: 17 | L40: 0.1645 | M40: 0.2952 | O40: 1.05 | P40: 21 | Q40: 27.5 | S40: 0.5161 | W40: 15-40
A41: Moncada | B41: BH-40 | C41: SS-2 | D41: 15.769692° | E41: 120.575525° | F41: 18.3 | G41: Sandy Silt | H41: ML | I41: 27 | J41: 1 | K41: 19 | L41: 0.1376 | M41: 0.2641 | O41: 1 | P41: 21 | Q41: 27.5 | S41: 0.5762 | W41: 15-40
A42: Moncada | B42: BH-41 | C42: SS-2 | D42: 15.808724° | E42: 120.571566° | F42: 20.2 | G42: Sandy Silt | H42: ML | I42: 28.5 | J42: 1 | K42: 12 | L42: 0.163 | M42: 0.238 | O42: 1 | P42: 20 | Q42: 27.5 | S42: 0.572 | W42: ########
A43: Moncada | B43: BH-42 | C43: SS-2 | D43: 15.808848° | E43: 120.571571° | F43: 20.2 | G43: Sandy Silt | H43: ML | I43: 28.5 | J43: 1 | K43: 19 | L43: 0.161 | M43: 0.2726 | O43: 1 | P43: 21 | Q43: 27.5 | S43: 0.576 | W43: 15-40
A44: Moncada | B44: BH-43 | C44: SS-2 | D44: 15.737812° | E44: 120.577325° | F44: 252.9 | G44: Sandy Silt | H44: ML | I44: 26.1 | J44: 6 | K44: 10 | L44: 0.1545 | M44: 0.2814 | O44: 6 | P44: 20 | Q44: 27.5 | S44: 0.5418 | W44: ########
A45: Moncada | B45: BH-44 | C45: SS-2 | D45: 15.737879° | E45: 120.577483° | F45: 252.9 | G45: Sandy Silt | H45: ML | I45: 26.1 | J45: 6 | K45: 13 | L45: 0.1575 | M45: 0.2812 | O45: 6 | P45: 20 | Q45: 27.5 | S45: 0.5731 | W45: ########
A46: Moncada | B46: BH-45 | C46: SS-2 | D46: 15.744291° | E46: 120.596494° | F46: 19.55 | G46: Clayey Silt | H46: MH | I46: 27.3 | J46: N.E. | K46: 25 | L46: 0.2201 | M46: 0.3483 | N46: 0 | O46: N.E. | P46: 17 | Q46: 25 | R46: 18.75 | S46: 0.6217 | U46: 0.3g (RP: 500-yr; STIFF SOIL) | W46: 15
A47: Moncada | B47: BH-46 | C47: SS-2 | D47: 15.744070° | E47: 120.597089° | F47: 18.94 | G47: Clayey Silt | H47: MH | I47: 27.3 | J47: N.E. | K47: 24 | L47: 0.22 | M47: 0.3193 | N47: 0 | O47: N.E. | P47: 17 | Q47: 25 | R47: 18 | S47: 0.6804 | U47: 0.3g (RP: 500-yr; STIFF SOIL) | W47: 15
A48: Paniqui | B48: BH-47 | C48: SS-2 | D48: 15.645909° | E48: 120.529080° | F48: 17.11 | G48: Silty Sand | H48: SM | I48: 15.1 | J48: 6 | K48: 31 | L48: 0 | M48: 0.2096 | N48: 0.24 | O48: 6 | P48: 18.6 | Q48: 32 | R48: 23 | S48: 0.2 | U48: 0.4g (RP: 500-yr; STIFF Soil) | W48: 15000
A49: Paniqui | B49: BH-48 | C49: SS-2 | D49: 15.664740° | E49: 120.555608° | F49: 20.46 | G49: Silty Sand | H49: SM | I49: 18.2 | J49: 2 | K49: 9 | M49: 0.2382 | N49: 0 | O49: 2 | P49: 19 | Q49: 27.5-30 | R49: 6.75 | S49: 0.242 | U49: 0.3g (RP: 500-yr; STIFF Soil) | W49: 10000
A50: Paniqui | B50: BH-49 | C50: SS-2 | D50: 15.664765° | E50: 120.55554° | F50: 20.46 | G50: Silty Sand | H50: SM | I50: 18.2 | J50: 2 | K50: 14 | M50: 0.2408 | N50: 0 | O50: 2 | P50: 19 | Q50: 27.5-30 | R50: 10.5 | S50: 0.214 | U50: 0.3g (RP: 500-yr; STIFF Soil) | W50: 10000
A51: Paniqui | B51: BH-50 | C51: SS-2 | D51: 15.642894° | E51: 120.528764° | F51: 20.16 | G51: Silty Sand | H51: SM | I51: 15.2 | J51: 3 | K51: 25 | M51: 0.1685 | N51: 0.24 | O51: 3 | P51: 20.4 | Q51: 32 | R51: 18.75 | S51: 0.3327 | U51: 0.3g to 0.4g (RP: 500-yr; STIFF Soil) | W51: 15000
A52: Paniqui | B52: BH-51 | C52: SS-2 | D52: 15.636114° | E52: 120.543763° | F52: 24.35 | G52: Clayey Silt | H52: MH | I52: 16 | J52: 3 | K52: 8 | L52: 0.241 | M52: 0.3571 | O52: 3 | P52: 19 to 20 | Q52: 25 | S52: 0.658 | U52: 0.3g (RP: 500-yr; STIFF Soil) | W52: 6000 to 15000
A53: Paniqui | B53: BH-52 | C53: SS-2 | D53: 15.636527° | E53: 120.543634° | F53: 23.8 | G53: Clayey Silt | H53: MH | I53: 16 | J53: 3 | K53: 4 | L53: 0.244 | M53: 0.3494 | O53: 3 | P53: 18 to 20 | Q53: 25 | S53: 0.644 | U53: 0.3g (RP: 500-yr; STIFF Soil) | W53: 1500 to 6000
A54: Paniqui | B54: BH-53 | C54: SS-2 | D54: 15.691076° | E54: 120.553470° | F54: 21.68 | G54: Silty Sand | H54: SM | I54: 20.1 | J54: 3 | K54: 14 | M54: 0.2258 | N54: 0 | O54: 3 | P54: 20 | Q54: 27.5-30 | R54: 10.5 | S54: 0.3428 | U54: 0.3g (RP: 500-yr; STIFF Soil) | W54: 10000
A55: Paniqui | B55: BH-54 | C55: SS-2 | D55: 15.693865° | E55: 120.551974° | F55: 19.25 | G55: Clayey Silt | H55: MH | I55: 20.2 | J55: 1 | K55: 13 | L55: 0.266 | M55: 0.3221 | O55: 1 | P55: 18 | Q55: 22.5 | R55: 10 | S55: 0.681 | U55: 0.3g (RP: 500-yr; STIFF Soil) | W55: 12000
A56: Paniqui | B56: BH-55 | C56: SS-2 | D56: 15.677637° | E56: 120.58916° | F56: 17.1 | G56: Clayey Silt | H56: MH | I56: 22.2 | J56: 3 | K56: 11 | L56: 0.25 | M56: 0.3312 | O56: 3 | P56: 20 | Q56: 27.5 | S56: 0.638 | U56: 0.3g (RP: 500-yr; STIFF Soil) | W56: 2500 to 8000
A57: Paniqui | B57: BH-56 | C57: SS-2 | D57: 15.677583° | E57: 120.589097° | F57: 17.1 | G57: Clayey Silt | H57: MH | I57: 22.2 | J57: 3 | K57: 9 | L57: 0.25 | M57: 0.3706 | O57: 3 | P57: 20 | Q57: 27.5 | S57: 0.67 | U57: 0.3g (RP: 500-yr; STIFF Soil) | W57: 10000 to 30000
A58: Paniqui | B58: BH-57 | C58: SS-2 | D58: 15.668819° | E58: 120.584161° | G58: Clay | H58: CH | I58: 18 | J58: 1 | K58: 10 | L58: NP | O58: 1 | P58: 18.888 | R58: 11.943 | S58: 0.87 | U58: 0.5g (RP: 500-yr; STIFF Soil)
A59: Paniqui | B59: BH-58 | C59: SS-2 | D59: 15.669577° | E59: 120.580887° | G59: Clayey Sand | H59: SC | I59: 18 | J59: 1 | K59: 6 | L59: NP | O59: 1 | P59: 20.754 | R59: 6.977 | S59: 0.4792 | U59: 0.5g (RP: 500-yr; STIFF Soil)
A60: Paniqui | B60: BH-59 | C60: SS-2 | D60: 15.669652° | E60: 120.580584° | G60: Clayey Sand | H60: SC | I60: 18 | J60: 1 | K60: 3 | L60: 0.44 | O60: 1 | P60: 22.204 | R60: 3.419 | S60: 0.606 | U60: 0.5g (RP: 500-yr; STIFF Soil)
A61: Pura | B61: BH-60 | C61: SS-2 | D61: 15.625795° | E61: 120.650289° | F61: 24.12 | G61: Silty Sand | H61: SM | I61: 20.3 | J61: 6 | K61: 20 | M61: 0.1465 | N61: 0 | O61: 6 | P61: 21 | Q61: 30-32 | R61: 15 | S61: 0.2518 | U61: 0.3g (RP: 500-yr; STIFF SOIL) | W61: 15
A62: Pura | B62: BH-61 | C62: SS-2 | D62: 15.625836° | E62: 120.650662° | F62: 23.51 | G62: Silty Sand | H62: SM | I62: 20.3 | J62: 6 | K62: 20 | M62: 0.1945 | N62: 0 | O62: 6 | P62: 20 | Q62: 30-32 | R62: 15 | S62: 0.3242 | U62: 0.3g (RP: 500-yr; STIFF SOIL) | W62: 15
A63: Pura | B63: BH-62 | C63: SS-2 | D63: 15.643867° | E63: 120.672856° | F63: 19.55 | G63: Sandy Silt | H63: ML | I63: 23.4 | J63: 3 | K63: 8 | L63: 0.1566 | M63: 0.242 | O63: 3 | P63: 18.1 | Q63: 20 | R63: 8 | S63: 0.5354 | U63: 0.4g (RP: 500-yr; STIFF SOIL) | W63: 10
A64: Ramos | B64: BH-63 | C64: SS-2 | D64: 15.686441° | E64: 120.635555° | F64: 7.66 | G64: Clayey Silt | H64: MH | I64: 24.2 | J64: 3 | K64: 33 | L64: 0.2306 | M64: 0.366 | N64: 0 | O64: 3 | P64: 17 | Q64: 25 | R64: 24.75 | S64: 0.6386 | U64: 0.3g (RP: 500-yr; STIFF SOIL) | W64: 15
A65: Ramos | B65: BH-64 | C65: SS-2 | D65: 15.666889° | E65: 120.642879° | F65: 19.86 | G65: Clayey Silt | H65: MH | I65: 23 | J65: 1 | K65: 4 | L65: 0.2614 | M65: 0.3537 | O65: 1 | P65: 17 | Q65: 18 | R65: 3 | S65: 0.6362 | U65: 0.3g (RP: 500-yr; STIFF SOIL) | W65: 8
A66: Ramos | B66: BH-65 | C66: SS-2 | D66: 15.684023° | E66: 120.639705° | F66: 15.59 | G66: Clayey Silt | H66: MH | I66: 24.2 | J66: 21 | K66: 15 | L66: 0.2497 | M66: 0.3447 | N66: 0 | O66: 21 | P66: 17 | Q66: 22.5 | R66: 11.25 | S66: 0.639 | U66: 0.3g (RP: 500-yr; STIFF SOIL) | W66: 12
A67: Ramos | B67: BH-66 | C67: SS-2 | D67: 15.685089° | E67: 120.637294° | F67: 19.86 | G67: Silty Sand | H67: SM | I67: 24.2 | J67: 1 | K67: 11 | L67: 0 | M67: 0.1716 | N67: 0.2 | O67: 1 | P67: 20.3 | Q67: 30 | R67: 8.25 | S67: 0.2471 | U67: 0.4g (RP: 500-yr; STIFF SOIL) | W67: 10
A68: San Manuel | B68: BH-67 | C68: SS-2 | D68: 15.786314° | E68: 120.605458° | F68: 24.12 | G68: Sandy Silt | H68: ML | I68: 30.8 | J68: 3.5 | K68: 9 | L68: 9.9 | M68: 0.2539 | N68: 0 | O68: 3.5 | P68: 18 | Q68: 20 | R68: 7 | S68: 0.551 | U68: 0.3g (RP: 500-yr; STIFF SOIL) | W68: 10
A69: San Manuel | B69: BH-68 | C69: SS-2 | D69: 15.786300° | E69: 120.605656° | F69: 22.9 | G69: Clayey Silt | H69: MH | I69: 30.8 | J69: 4.5 | K69: 9 | L69: 0.254 | M69: 0.3535 | N69: 0 | O69: 4.5 | P69: 17 | Q69: 22.5 | R69: 7 | S69: 0.68 | U69: 0.3g (RP: 500-yr; STIFF SOIL) | W69: 12
A70: San Manuel | B70: BH-69 | C70: SS-2 | D70: 15.798112° | E70: 120.611316° | F70: 26.87 | G70: Sandy Silt | H70: ML | I70: 30 | J70: N.E. | K70: 28 | L70: 0.158 | M70: 0.2478 | N70: 0 | O70: N.E. | P70: 18 | Q70: 25 | R70: 21 | S70: 0.559 | U70: 0.4g (RP: 500-yr; STIFF SOIL) | W70: 15
A71: San Manuel | B71: BH-70 | C71: SS-2 | D71: 15.798144° | E71: 120.611495° | F71: 27.17 | G71: Sandy Silt | H71: ML | I71: 30 | J71: N.E. | K71: 29 | L71: 0.11 | M71: 0.2775 | N71: 0 | O71: N.E. | P71: 18 | Q71: 25 | R71: 22 | S71: 0.574 | U71: 0.4g (RP: 500-yr; STIFF SOIL) | W71: 15
A72: San Manuel | B72: BH-71 | C72: SS-2 | D72: 15.785400° | E72: 120.613728° | F72: 19.86 | G72: Silty Sand | H72: SM | I72: 31.3 | J72: 5 | K72: 10 | M72: 0.1242 | N72: 0 | O72: 5 | P72: 22 | Q72: 27.5-30 | R72: 7.5 | S72: 0.2907 | U72: 0.3g (PHIVOLCS: 500-yr RP; STIFF SOIL) | W72: 10
A73: San Manuel | B73: BH-72 | C73: SS-2 | D73: 15.785383° | E73: 120.613613° | F73: 19.55 | G73: Silty Sand | H73: SM | I73: 31.3 | J73: 3 | K73: 13 | M73: 0.1842 | N73: 0 | O73: 3 | P73: 20 | Q73: 27.5-30 | R73: 9.75 | S73: 0.3322 | U73: 0.3g (PHIVOLCS: 500-yr RP; STIFF SOIL) | W73: 10
A74: San Manuel | B74: BH-73 | C74: SS-2 | D74: 15.785220° | E74: 120.613398° | F74: 20.77 | G74: Silty Clay | H74: CH | I74: 31.3 | J74: 3 | K74: 7 | L74: 0.1547 | M74: 0.3366 | N74: 0 | O74: 3 | P74: 17 | Q74: 19.5 | R74: 5.25 | S74: 0.886 | U74: 0.3g (PHIVOLCS: 500-yr RP; STIFF SOIL) | W74: 13
A75: San Manuel | B75: BH-74 | C75: SS-2 | D75: 15.797873° | E75: 120.609780° | F75: 25.34 | G75: Silty Sand | H75: SM | I75: 30 | J75: 0.4 | K75: 24 | L75: 0 | M75: 0.1397 | N75: 0.2 | O75: 0.4 | P75: 21.3 | Q75: 32 | R75: 18 | S75: 0.3342 | U75: 0.4g (RP: 500-yr; STIFF SOIL) | W75: 15
A76: San Manuel | B76: BH-75 | C76: SS-2 | D76: 15.799033° | E76: 120.611473° | F76: 23.82 | G76: Silty Sand | H76: SM | I76: 29.9 | J76: 1.1 | K76: 16 | M76: 0.1867 | N76: 0.24 | O76: 1.1 | P76: 20 | Q76: 32 | R76: 12 | S76: 0.3159 | U76: 0.4g (RP: 500-yr; STIFF SOIL) | W76: 15
A77: San Manuel | B77: BH-76 | C77: SS-2 | D77: 15.800020° | E77: 120.611164° | F77: 22.6 | G77: Silty Sand | H77: SM | I77: 29.9 | J77: 2.5 | K77: 35 | M77: 0.1224 | N77: 0.24 | O77: 2.5 | P77: 22.2 | Q77: 37 | R77: 26.25 | S77: 0.3384 | U77: 0.4g (RP: 500-yr; STIFF SOIL) | W77: 20
A78: Santa Ignacia | B78: BH-77 | C78: CS-2 | D78: 15.61518 | E78: 120.4387 | F78: 36.5 | G78: Silty Gravel | H78: GM | I78: 5.9 | K78: 21 | L78: 0 | M78: 15.84 | Q78: 35 | R78: 28 | S78: 0.44 | T78: medium dense | W78: 25000
A79: San Jose | B79: BH-78 | C79: SS-2 | D79: 15.46375 | E79: 120.4663 | F79: 85.36 | G79: Silty Clay | H79: SC | I79: 5.7 | J79: 9.13 | K79: 50/15 | L79: 31 | M79: 41.08 | N79: 0 | O79: 9.13 | P79: 17 | Q79: 27.5 | R79: 50/15 | S79: 86 | U79: 0.4g (RP: 500-yr; STIFF Soil) | W79: 100000
A80: San Jose | B80: BH-79 | C80: SS-2 | D80: 15.46348 | E80: 120.4663 | F80: 86.28 | G80: Silty Clay | H80: SC | I80: 5.7 | J80: 4.77 | K80: 50/15 | L80: 33 | M80: 40.99 | N80: 0 | O80: 4.77 | P80: 17 | Q80: 27.5 | R80: 50/15 | S80: 84.9 | U80: 0.4g (RP: 500-yr; STIFF Soil) | W80: 100000
A81: Tarlac City | B81: BH-80 | C81: SS-2 | D81: 15.4297 | E81: 120.64 | G81: silty sand | H81: SM | I81: 11.9 | J81: 1.3 | K81: 0.18 | L81: 0 | M81: 22 | O81: 1.3 | P81: 17.4 | Q81: 29.5 | R81: 22 | S81: 25 | T81: loose to medium dense | U81: 0.35g (RP: 475-yr; STIFF Soil)
A82: Tarlac City | B82: BH-81 | C82: SS-2 | D82: 15.48974 | E82: 120.59 | F82: 45.7 | G82: sandy silt | H82: ML | I82: 7.9 | J82: 4.5 | K82: 0.14 | L82: 0.1404 | M82: 26.54 | O82: 4.5 | P82: 20 | Q82: 27.5 | S82: 53.21 | W82: 20000
A83: Tarlac City | B83: BH-82 | C83: SS-2 | D83: 15.48961 | E83: 120.59 | F83: 46 | G83: sandy silt | H83: ML | I83: 7.9 | J83: 4.5 | K83: 0.16 | L83: 0.1765 | M83: 23.28 | O83: 6 | P83: 21 | Q83: 27.5 | S83: 50.15 | W83: 25000
A84: Tarlac City | B84: BH-83 | C84: SS-2 | D84: 15.48407 | E84: 120.618 | F84: 37.2 | G84: silty sand | H84: SM | I84: 10.9 | J84: 1 | K84: 50 | M84: 23.6 | O84: 1 | P84: 21 | Q84: 35 | S84: 24.5 | W84: 35000
A85: Tarlac City | B85: BH-84 | C85: SS-2 | D85: 15.48394 | E85: 120.618 | F85: 36.9 | G85: sandy silt | H85: ML | I85: 10.9 | J85: 1 | K85: 32 | L85: 17 | M85: 27.1 | O85: 1 | P85: 21 | Q85: 27.5 | S85: 53.5 | W85: 50000
A86: Tarlac City | B86: BH-85 | C86: SS-2 | D86: 15.46881 | E86: 120.6532 | F86: 25.9 | G86: silty sand | H86: SM | I86: 13.5 | J86: 3 | K86: 10 | M86: 21.48 | O86: 3 | P86: 19 | Q86: 30 | S86: 13.92 | W86: 12000
A87: Tarlac City | B87: BH-86 | C87: SS-2 | D87: 15.47478 | E87: 120.6252 | F87: 34.16 | G87: clayey silt | H87: MH | I87: 10.7 | J87: 4.5 | K87: 35 | L87: 21.02 | M87: 36.05 | O87: 4.5 | P87: 17 | Q87: 25 | R87: 26.25 | S87: 64.53 | U87: 0.4g (RP: 500-yr; STIFF Soil) | W87: 15000
A88: Tarlac City | B88: BH-87 | C88: SS-2 | D88: 15.52992 | E88: 120.5932 | F88: 33.55 | G88: silty sand | H88: SM | I88: 9.2 | J88: 1.5 | K88: 16 | L88: 0 | M88: 24.57 | N88: 0.27 | O88: 1.5 | P88: 19.2 | Q88: 32 | R88: 15.75 | S88: 23.1 | U88: 0.4g (RP: 500-yr; STIFF Soil) | W88: 15000
A89: Victoria | B89: BH-88 | C89: SS-2 | D89: 15.535479° | E89: 120.689187° | F89: 21.68 | G89: Silty Sand | H89: SM | I89: 19.4 | J89: 6 | K89: 22 | M89: 0.1242 | N89: 0 | O89: 6 | P89: 22 | Q89: 30-32 | R89: 16.5 | S89: 0.2907 | U89: 0.3g (RP: 500-yr; STIFF SOIL) | W89: 15
A90: Victoria | B90: BH-89 | C90: SS-2 | D90: 15.535636° | E90: 120.689206° | F90: 21.38 | G90: Silty Sand | H90: SM | I90: 19.4 | J90: 6 | K90: 20 | M90: 0.2496 | N90: 0 | O90: 6 | P90: 20 | Q90: 30-32 | R90: 15 | S90: 0.2256 | U90: 0.3g (RP: 500-yr; STIFF SOIL) | W90: 15
A91: Victoria | B91: BH-90 | C91: SS-2 | D91: 15.597176° | E91: 120.664616° | F91: 21.38 | G91: Sandy Silt | H91: ML | I91: 19.6 | J91: 3 | K91: 11 | L91: 0.1897 | M91: 0.2225 | N91: 0 | O91: 3 | P91: 18 | Q91: 20 | R91: 8.25 | S91: 0.5876 | U91: 0.3g (RP: 500-yr; STIFF SOIL) | W91: 10
A92: Victoria | B92: BH-91 | C92: SS-2 | D92: 15.597202° | E92: 120.664573° | F92: 21.38 | G92: Sandy Silt | H92: ML | I92: 19.6 | J92: 3 | K92: 18 | L92: 0.1917 | M92: 0.287 | N92: 0 | O92: 3 | P92: 18 | Q92: 22.5 | R92: 13.5 | S92: 0.5534 | U92: 0.3g (RP: 500-yr; STIFF SOIL) | W92: 12
A93: Victoria | B93: BH-92 | C93: SS-2 | D93: 15.589208° | E93: 120.698247° | F93: 20.46 | G93: Sandy Silt | H93: ML | I93: 22.2 | J93: 1.1 | K93: 6 | L93: 0.1616 | M93: 0.2949 | O93: 1.1 | P93: 17 | Q93: 22.5 | R93: 6 | S93: 0.5134 | U93: 0.4g (RP: 500-yr; STIFF SOIL) | W93: 12
A94: Victoria | B94: BH-93 | C94: SS-2 | D94: 15.596175° | E94: 120.698729° | F94: 17.72 | G94: Sandy Silt | H94: ML | I94: 22.6 | J94: 3 | K94: 14 | L94: 0.163 | M94: 0.3529 | O94: 3 | P94: 17 | Q94: 22.5 | R94: 11 | S94: 0.575 | U94: 0.4g (RP: 500-yr; STIFF SOIL) | W94: 12
A95: Victoria | B95: BH-94 | C95: SS-2 | D95: 15.558353° | E95: 120.689713° | F95: 18.94 | G95: Clayey Silt | H95: MH | I95: 20 | J95: 1.5 | K95: 7 | L95: 0.24 | M95: 0.3357 | N95: 0 | O95: 1.5 | P95: 17 | Q95: 20 | R95: 5 | S95: 0.63 | U95: 0.3g (RP: 500-yr; STIFF SOIL) | W95: 10
A96: Victoria | B96: BH-95 | C96: SS-2 | D96: 15.558274° | E96: 120.689610° | F96: 18.94 | G96: Clayey Silt | H96: MH | I96: 20 | J96: 1.5 | K96: 16 | L96: 0.26 | M96: 0.3469 | N96: 0 | O96: 1.5 | P96: 17 | Q96: 20 | R96: 12 | S96: 0.625 | U96: 0.3g (RP: 500-yr; STIFF SOIL) | W96: 10
A97: Victoria | B97: BH-96 | C97: SS-2 | D97: 15.543797° | E97: 120.681065° | F97: 21.07 | G97: Silty Sand | H97: SM | I97: 18.6 | J97: 6 | K97: 15 | M97: 0.1811 | N97: 0 | O97: 6 | P97: 21 | Q97: 30-32 | R97: 11.25 | S97: 0.3185 | U97: 0.3g (RP: 500-yr; STIFF SOIL) | W97: 15
A98: Victoria | B98: BH-97 | C98: SS-2 | D98: 15.543676° | E98: 120.681087° | F98: 21.38 | G98: Silty Sand | H98: SM | I98: 18.6 | J98: 6 | K98: 15 | M98: 0.2436 | N98: 0 | O98: 6 | P98: 19 | Q98: 30-32 | R98: 11.25 | S98: 0.2853 | U98: 0.3g (RP: 500-yr; STIFF SOIL) | W98: 15
B99: BH-98
B100: BH-99
...

Sheet 3.0m-4.5m
A1: Municipality | B1: Borehole ID | C1: Sample No. | D1: Latitude | E1: Longitude | F1: Elevation | G1: Soil/Rock Description | H1: USCS Symbol | I1: Fault Distance (km) | J1: Ground Water Table | K1: SPT N-Value | L1: Plasticity Index (PI) | M1: Natural Water Content (ω) | N1: Mean Particle Size (D50) (mm) | O1: Groundwater Level (m) | P1: Unit Weight (γ) | Q1: Foundation Width (B) | R1: Foundation Depth (D) | S1: Internal Friction Angle | T1: Length-to-width ratio (L/B) | U1: Corrected SPT-N Value (N1(60)) | V1: Fines Content | W1: Effective Overburden Presssure | X1: Total Overburden Pressure | Y1: Relative Density | Z1: Peak Ground Acceleration | AA1: Cyclic Stress Ratio (CSR) | AB1: Elastic Modulus (Es) (MN/
B2: BH-1
B3: BH-2
B4: BH-3
B5: BH-4
B6: BH-5
B7: BH-6
B8: BH-7
B9: BH-8
B10: BH-9
B11: BH-10
B12: BH-11
B13: BH-12
... B103: BH-102

Sheet 4.5m-6.0m
A1: Municipality | B1: Borehole ID | C1: Sample No. | D1: Latitude | E1: Longitude | F1: Elevation | G1: Soil/Rock Description | H1: USCS Symbol | I1: Fault Distance (km) | J1: Ground Water Table | K1: SPT N-Value | L1: Plasticity Index (PI) | M1: Natural Water Content (ω) | N1: Mean Particle Size (D50) (mm) | O1: Groundwater Level (m) | P1: Unit Weight (γ) | Q1: Foundation Width (B) | R1: Foundation Depth (D) | S1: Internal Friction Angle | T1: Length-to-width ratio (L/B) | U1: Corrected SPT-N Value (N1(60)) | V1: Fines Content | W1: Effective Overburden Presssure | X1: Total Overburden Pressure | Y1: Relative Density | Z1: Peak Ground Acceleration | AA1: Cyclic Stress Ratio (CSR) | AB1: Elastic Modulus (Es) (MN/
A2: Anao | B2: BH-1 | C2: SS-4 | D2: 15.715506° | E2: 120.623904° | F2: 12.28 | G2: Sandy Silt | H2: ML | I2: 26.3 | J2: 28.5 | K2: 12 | L2: 0.1691 | M2: 0.2264 | N2: 16.91 | O2: 28.5 | P2: 20 | Q2: 27.5 | R2: 9 | S2: 0.5722 | U2: 0.4g (RP: 500-yr; STIFF Soil) | W2: 10000 to 30000
A3: Anao | B3: BH-2 | C3: SS-4 | D3: 15.759126° | E3: 120.600236° | F3: 22.65 | G3: Silty Clay | H3: CH | I3: 30.8 | J3: 1.5 | K3: 19 | L3: 0.3525 | M3: 0.3262 | N3: 0 | O3: 1.5 | P3: 17 | Q3: 20 | R3: 14.25 | S3: 0.8638 | U3: 0.3g (RP: 500-yr; STIFF Soil) | W3: 25000
A4: Anao | B4: BH-3 | C4: SS-4 | D4: 15.759537° | E4: 120.600182° | F4: 18.99 | G4: Silty Sand | H4: SM | I4: 30.8 | J4: 1.5 | K4: 17 | M4: 0.1859 | N4: 0 | O4: 1.5 | P4: 21 | Q4: 30 | R4: 12.75 | S4: 0.2697 | U4: 0.3g (RP: 500-yr; STIFF Soil) | W4: 15000
A5: Bamban | B5: BH-4 | C5: SS-4 | D5: 15.27346° | E5: 120.56187° | F5: 76.95 | G5: Silt | H5: ML | I5: 19.8 | K5: 39 | L5: 0.17 | M5: 0.5345 | P5: 17.1-19.2 | Q5: 31-40 | S5: 0.89 | U5: 0.4g | V5: 0.126
A6: Camiling | B6: BH-5 | C6: SS-4 | D6: 15.686632° | E6: 120.412972° | F6: 11.98 | G6: Clayey Silt | H6: MH | I6: 7.6 | J6: 4.5 | K6: 28 | L6: 0.233 | M6: 0.3853 | O6: 4.5 | P6: 16.6 | Q6: 25 | S6: 0.672 | U6: 0.4g (RP: 500-yr; STIFF Soil) | W6: 15
A7: Camiling | B7: BH-6 | C7: SS-4 | D7: 15.686638° | E7: 120.413130° | F7: 12.28 | G7: Clayey Silt | H7: MH | I7: 7.6 | J7: 5 | K7: 26 | L7: 0.264 | M7: 0.3857 | O7: 5 | P7: 16.8 | Q7: 25 | S7: 0.639 | U7: 0.4g (RP: 500-yr; STIFF Soil) | W7: 15
A8: Camiling | B8: BH-7 | C8: SS-4 | D8: 15.686652° | E8: 120.412968° | F8: 11.67 | G8: Brown, Clayey Silt of medium plasticity | H8: MH | I8: 8.3 | J8: 6 | K8: 15 | L8: 0.24 | M8: 0.3658 | O8: 6 | P8: 20 | Q8: 27.5 | S8: 0.643 | U8: 0.4g | W8: ########
A9: Camiling | B9: BH-8 | C9: SS-4 | D9: 15.686296° | E9: 120.412971° | F9: 12.59 | G9: Brown, Clayey Silt of medium plasticity | H9: MH | I9: 8.3 | J9: 7 | K9: 13 | L9: 0.22 | M9: 0.2721 | O9: 7 | P9: 20 | Q9: 27.5 | S9: 0.682 | U9: 0.4g | W9: ########
A10: Camiling | B10: BH-9 | C10: SS-4 | D10: 15.686062° | E10: 120.412563° | F10: 12.59 | G10: Brown, Clayey Silt of medium plasticity | H10: MH | I10: 8.3 | J10: 7 | K10: 6 | L10: 0.243 | M10: 0.3529 | O10: 7 | P10: 20 | Q10: 27.5 | S10: 0.672 | U10: 0.4g | W10: ########
A11: Camiling | B11: BH-10 | C11: SS-4 | D11: 15.732336° | E11: 120.434617° | F11: 6.8 | G11: Clayey Silt | H11: MH | I11: 11.3 | J11: 4.3 | K11: 15 | L11: 0.254 | M11: 0.3432 | N11: 0 | O11: 4.3 | P11: 17 | Q11: 22.5 | R11: 11 | S11: 0.668 | U11: 0.2g (RP:500-yr; ROCK SITE) | W11: 12
A12: Gerona | B12: BH-11 | C12: SS-4 | D12: 15.635467° | E12: 120.624711° | F12: 19.9 | G12: Clayey Silt | H12: MH | I12: 19 | J12: 7.5 | K12: 29 | L12: 0.271 | M12: 0.3909 | N12: 0 | O12: 7.5 | P12: 17 | Q12: 25 | R12: 22 | S12: 0.613 | U12: 0.3g (RP: 500-yr; STIFF Soil) | W12: 15000
A13: Gerona | B13: BH-12 | C13: SS-4 | D13: 15.635408° | E13: 120.624588° | F13: 19.29 | G13: Clayey Silt | H13: MH | I13: 19 | J13: 7.5 | K13: 29 | L13: 0.268 | M13: 0.361 | N13: 0 | O13: 7.5 | P13: 17 | Q13: 25 | R13: 22 | S13: 0.642 | U13: 0.3g (RP: 500-yr; STIFF Soil) | W13: 15000
A14: Gerona | B14: BH-13 | C14: SS-4 | D14: 15.555744° | E14: 120.600555° | F14: 26.61 | G14: Silty Sand | H14: SM | I14: 11.3 | J14: 3 | K14: 26 | M14: 0.2138 | N14: 0 | O14: 3 | P14: 0 | Q14: 30-32 | R14: 19.5 | S14: 0.246 | U14: 0.3g (RP: 500-yr; STIFF Soil) | W14: 15000
A15: Gerona | B15: BH-14 | C15: SS-4 | D15: 15.555718° | E15: 120.600598° | F15: 26.61 | G15: Silty Sand | H15: SM | I15: 11.3 | J15: 3 | K15: 18 | M15: 0.2091 | N15: 0 | O15: 3 | P15: 20 | Q15: 30-32 | R15: 13.5 | S15: 0.244 | U15: 0.3g (RP: 500-yr; STIFF Soil) | W15: 15000
A16: Gerona | B16: BH-15 | C16: SS-4 | D16: 15.592509° | E16: 120.620622° | F16: 26.91 | G16: Silty Sand | H16: SM | I16: 15.5 | J16: 3 | K16: 38 | M16: 0.1426 | N16: 0 | O16: 3 | P16: 21 | Q16: 32-35 | R16: 29 | S16: 0.239 | U16: 0.3g (RP: 500-yr; STIFF Soil) | W16: 20000
A17: Gerona | B17: BH-16 | C17: SS-4 | D17: 15.592510° | E17: 120.620552° | F17: 26.9 | G17: Silty Sand | H17: SM | I17: 15.5 | J17: 3 | K17: 24 | M17: 0.1728 | N17: 0 | O17: 3 | P17: 20 | Q17: 30-32 | R17: 18 | S17: 0.285 | U17: 0.3g (RP: 500-yr; STIFF Soil) | W17: 15000
A18: Gerona | B18: BH-17 | C18: SS-4 | D18: 15.556476° | E18: 120.573764° | F18: 26.91 | G18: Silty Sand | H18: SM | I18: 9 | J18: N.E | K18: 24 | M18: 0.1652 | N18: 0 | O18: N.E | P18: 19 | Q18: 30-32 | R18: 18 | S18: 0.239 | U18: 0.3g (RP: 500-yr; STIFF Soil) | W18: 15000
A19: Gerona | B19: BH-18 | C19: SS-4 | D19: 15.556501° | E19: 120.573845° | F19: 26.91 | G19: Silty Sand | H19: SM | I19: 9 | J19: N.E | K19: 28 | M19: 0.1675 | N19: 0 | O19: N.E | P19: 19 | Q19: 30-32 | R19: 21 | S19: 0.248 | U19: 0.3g (RP: 500-yr; STIFF Soil) | W19: 15000
A20: Gerona | B20: BH-19 | C20: SS-4 | D20: 15.578777° | E20: 120.573149° | F20: 23.56 | G20: Clayey Silt | H20: MH | I20: 11.1 | J20: 12 | K20: 12 | L20: 0.2267 | M20: 0.3524 | N20: 0 | O20: 12 | P20: 17 | Q20: 22.5 | R20: 9 | S20: 0.624 | U20: 0.3g (RP: 500-yr; STIFF Soil) | W20: 12000
A21: Gerona | B21: BH-20 | C21: SS-4 | D21: 15.578761° | E21: 120.573483° | F21: 24.48 | G21: Clayey Silt | H21: MH | I21: 11.1 | J21: 4.5 | K21: 13 | L21: 0.2331 | M21: 0.3312 | N21: 0 | O21: 4.5 | P21: 17 | Q21: 22.5 | R21: 9.75 | S21: 0.6302 | U21: 0.3g (RP: 500-yr; STIFF Soil) | W21: 12000
A22: Gerona | B22: BH-21 | C22: SS-4 | D22: 15.600169° | E22: 120.544751° | F22: 18.07 | G22: Clayey Silt | H22: MH | I22: 11.1 | J22: N.E | K22: 36 | L22: 0.27 | M22: 0.3427 | N22: 0 | O22: N.E | P22: 17 | Q22: 25 | R22: 27 | S22: 0.627 | U22: 0.3g (RP: 500-yr; STIFF Soil) | W22: 15000
A23: Gerona | B23: BH-22 | C23: SS-4 | D23: 15.600168° | E23: 120.544618° | F23: 18.07 | G23: Clayey Silt | H23: MH | I23: 11.1 | J23: N.E | K23: 31 | L23: 0.26 | M23: 0.3415 | N23: 0 | O23: N.E | P23: 17 | Q23: 25 | R23: 23 | S23: 0.639 | U23: 0.3g (RP: 500-yr; STIFF Soil) | W23: 15000
A24: Gerona | B24: BH-23 | C24: SS-4 | D24: 15.589244° | E24: 120.597051° | F24: 24.96 | G24: Silty Sand | H24: SM | I24: 13.3 | J24: 2.5 | K24: 37 | M24: 0.1508 | N24: 0 | O24: 2.5 | P24: 21 | Q24: 32-35 | R24: 28 | S24: 0.261 | U24: 0.3g (RP: 500-yr; STIFF Soil) | W24: 20000
A25: Gerona | B25: BH-24 | C25: SS-4 | D25: 15.58917° | E25: 120.597011° | F25: 24.66 | G25: Silty Sand | H25: SM | I25: 13.3 | J25: 2.5 | K25: 42 | M25: 0.1582 | N25: 0 | O25: 2.5 | P25: 21 | Q25: 32-35 | R25: 32 | S25: 0.271 | U25: 0.3g (RP: 500-yr; STIFF Soil) | W25: 20000
A26: Gerona | B26: BH-25 | C26: SS-4 | D26: 15.598641° | E26: 120.517534° | F26: 54.07 | G26: Sandy Silt | H26: ML | I26: 10.2 | J26: 7 | K26: 87 | L26: 15 | M26: 0.2199 | N26: 0 | O26: 7 | P26: 21 | Q26: 27.5 | R26: 65.25 | S26: 0.54 | U26: 0.3g (RP: 500-yr; STIFF Soil, 0.3g (RP: 500-yr; ROCK Site) | W26: 20000
A27: Gerona | B27: BH-26 | C27: SS-4 | D27: 15.598293° | E27: 120.517626° | F27: 44.78 | G27: Sandy Silt | H27: SM | I27: 10.2 | J27: 12 | K27: 96 | M27: 0.3454 | N27: 0 | O27: 12 | P27: 18 | Q27: 35-37 | R27: 72 | S27: 0.63 | U27: 0.3g (RP: 500-yr; STIFF Soil, 0.3g (RP: 500-yr; ROCK Site) | W27: 25000
A28: Gerona | B28: BH-27 | C28: SS-4 | D28: 15.555633° | E28: 120.608133° | F28: 26.3 | G28: Silty Clay | H28: CH | I28: 12 | J28: 2 | K28: 18 | L28: 35 | M28: 0.4247 | N28: 0 | O28: 2 | P28: 16 | Q28: 20 | R28: 13.5 | S28: 0.84 | U28: 0.3g (RP: 500-yr; STIFF Soil) | W28: 25000
A29: Gerona | B29: BH-28 | C29: SS-4 | D29: 15.555650° | E29: 120.608052° | F29: 26.3 | G29: Silty Clay | H29: CH | I29: 12 | J29: 2 | K29: 12 | L29: 36 | M29: 0.3545 | N29: 0 | O29: 2 | P29: 17 | Q29: 20 | R29: 9 | S29: 0.82 | U29: 0.3g (RP: 500-yr; STIFF Soil) | W29: 25000
A30: Gerona | B30: BH-29 | C30: SS-2 | D30: 15.596727° | E30: 120.608189° | F30: 27.22 | G30: Silty Clay | H30: CH | I30: 24.2 | J30: 1.5 | K30: 16 | L30: 35.4 | M30: 0.3641 | N30: 0 | O30: 1.5 | P30: 17 | Q30: 20 | R30: 12 | S30: 0.838 | U30: 0.3g (RP: 500-yr; STIFF Soil) | W30: 25000
A31: Gerona | B31: BH-30 | C31: SS-4 | D31: 15.602424° | E31: 120.593012° | F31: 27.52 | G31: Silty Sand | H31: SM | I31: 11.1 | J31: 4.5 | K31: 44 | M31: 0.138 | N31: 0 | O31: 4.5 | P31: 21 | Q31: 32-35 | R31: 33 | S31: 0.307 | U31: 0.3g (RP: 500-yr; STIFF Soil) | W31: 20000
A32: Gerona | B32: BH-31 | C32: SS-4 | D32: 15.602593° | E32: 120.593001° | F32: 28.13 | G32: Silty Sand | H32: SM | I32: 11.1 | J32: 4.5 | K32: 46 | M32: 0.1727 | N32: 0 | O32: 4.5 | P32: 0 | Q32: 32-35 | R32: 35 | S32: 0.227 | U32: 0.3g (RP: 500-yr; STIFF Soil) | W32: 20000
A33: Moncada | B33: BH-32 | C33: SS-4 | D33: 15.745085° | E33: 120.576019° | F33: 17.8 | G33: Sandy Silt | H33: ML | I33: 26.5 | J33: 2 | K33: 27 | L33: 0.16 | M33: 0.2469 | O33: 2 | P33: 21 | Q33: 27.5 | S33: 0.58 | U33: 0.3g | W33: 15-40
A34: Moncada | B34: BH-33 | C34: SS-4 | D34: 15.744907° | E34: 120.576261° | F34: 18.7 | G34: Sandy Silt | H34: ML | I34: 26.5 | J34: 2 | K34: 25 | L34: 0.19 | M34: 0.2359 | O34: 2 | P34: 21 | Q34: 27.5 | S34: 0.52 | U34: 0.3g | W34: 15-40
A35: Moncada | B35: BH-34 | C35: SS-4 | D35: 15.769566° | E35: 120.575766° | F35: 15.9 | G35: Silty Sand | H35: SM | I35: 27 | J35: 1.05 | K35: 14 | M35: 0.1822 | O35: 1.05 | P35: 20 | Q35: 32.5 | S35: 0.3109 | W35: 15-50
A36: Moncada | B36: BH-35 | C36: SS-4 | D36: 15.769692° | E36: 120.575525° | F36: 15.3 | G36: Sandy Silt | H36: ML | I36: 27 | J36: 1 | K36: 32 | L36: 0.1771 | M36: 0.2731 | O36: 1 | P36: 21 | Q36: 27.5 | S36: 0.5566 | W36: 30-80
A37: Moncada | B37: BH-36 | C37: SS-4 | D37: 15.808724° | E37: 120.571566° | F37: 17.2 | G37: Sandy Silt | H37: ML | I37: 28.5 | J37: 1 | K37: 23 | L37: 0.131 | M37: 0.2598 | O37: 1 | P37: 21 | Q37: 27.5 | S37: 0.522 | W37: 15-40
A38: Moncada | B38: BH-37 | C38: SS-4 | D38: 15.808848° | E38: 120.571571° | F38: 17.2 | G38: Sandy Silt | H38: ML | I38: 28.5 | J38: 1 | K38: 25 | L38: 0.15 | M38: 0.2415 | O38: 1 | P38: 21 | Q38: 27.5 | S38: 0.561 | W38: 15-40
A39: Moncada | B39: BH-38 | C39: SS-4 | D39: 15.737812° | E39: 120.577325° | F39: 249.9 | G39: Sandy Silt | H39: ML | I39: 26.1 | J39: 6 | K39: 13 | L39: 0.1446 | M39: 0.2748 | O39: 6 | P39: 20 | Q39: 27.5 | S39: 0.5213 | W39: ########
A40: Moncada | B40: BH-39 | C40: SS-4 | D40: 15.737879° | E40: 120.577483° | F40: 249.9 | G40: Sandy Silt | H40: ML | I40: 26.1 | J40: 6 | K40: 14 | L40: 0.1576 | M40: 0.2333 | O40: 6 | P40: 20 | Q40: 27.5 | S40: 0.5694 | W40: ########
A41: Moncada | B41: BH-40 | C41: SS-4 | D41: 15.744291° | E41: 120.596494° | F41: 16.55 | G41: Clayey Silt | H41: MH | I41: 27.3 | J41: N.E. | K41: 29 | L41: 0.239 | M41: 0.3517 | N41: 0 | O41: N.E. | P41: 17 | Q41: 25 | R41: 21.75 | S41: 0.6115 | U41: 0.3g (RP: 500-yr; STIFF SOIL) | W41: 15
A42: Moncada | B42: BH-41 | C42: SS-4 | D42: 15.744070° | E42: 120.597089° | F42: 15.94 | G42: Clayey Silt | H42: MH | I42: 27.3 | J42: N.E. | K42: 38 | L42: 0.2298 | M42: 0.3973 | N42: 0 | O42: N.E. | P42: 17 | Q42: 25 | R42: 28.5 | S42: 0.6599 | U42: 0.3g (RP: 500-yr; STIFF SOIL) | W42: 15
A43: Paniqui | B43: BH-42 | C43: SS-4 | D43: 15.645909° | E43: 120.529080° | F43: 14.11 | G43: Sandy Silt | H43: ML | I43: 15.1 | J43: 6 | K43: 44 | L43: 0.162 | M43: 0.2444 | O43: 6 | P43: 18.1 | Q43: 27.5 | R43: 33 | S43: 0.542 | U43: 0.4g (RP: 500-yr; STIFF Soil) | W43: 20000
A44: Paniqui | B44: BH-43 | C44: SS-4 | D44: 15.664740° | E44: 120.555608° | F44: 17.46 | G44: Clayey Silt | H44: MH | I44: 18.2 | J44: 2 | K44: 13 | L44: 0.28 | M44: 0.3446 | N44: 0 | O44: 2 | P44: 17 | Q44: 22.5 | R44: 9.75 | S44: 0.684 | U44: 0.3g (RP: 500-yr; STIFF Soil) | W44: 12000
A45: Paniqui | B45: BH-44 | C45: SS-4 | D45: 15.664765° | E45: 120.55554° | F45: 17.46 | G45: Clayey Silt | H45: MH | I45: 18.2 | J45: 2 | K45: 10 | L45: 0.27 | M45: 0.3306 | N45: 0 | O45: 2 | P45: 17 | Q45: 20 | R45: 7.5 | S45: 0.644 | U45: 0.3g (RP: 500-yr; STIFF Soil) | W45: 10000
A46: Paniqui | B46: BH-45 | C46: SS-4 | D46: 15.642894° | E46: 120.528764° | F46: 17.16 | G46: Silty Sand | H46: SM | I46: 15.2 | J46: 3 | K46: 31 | M46: 0.1988 | N46: 0.33 | O46: 3 | P46: 19.8 | Q46: 32 | R46: 23.25 | S46: 0.19 | U46: 0.3g to 0.4g (RP: 500-yr; STIFF Soil) | W46: 15000
A47: Paniqui | B47: BH-46 | C47: SS-4 | D47: 15.636114° | E47: 120.543763° | F47: 21.25 | G47: Clayey Silt | H47: MH | I47: 16 | J47: 3 | K47: 18 | L47: 0.24 | M47: 0.3418 | O47: 3 | P47: 21 | Q47: 27.5 | S47: 0.667 | U47: 0.3g (RP: 500-yr; STIFF Soil) | W47: 15000 to 40000
A48: Paniqui | B48: BH-47 | C48: SS-4 | D48: 15.636527° | E48: 120.543634° | F48: 20.8 | G48: Silty Sand | H48: SM | I48: 16 | J48: 3 | K48: 32 | M48: 0.1673 | O48: 3 | P48: 21 | Q48: 35 | S48: 0.313 | U48: 0.3g (RP: 500-yr; STIFF Soil) | W48: 20000 to 50000
A49: Paniqui | B49: BH-48 | C49: SS-4 | D49: 15.691076° | E49: 120.553470° | F49: 18.68 | G49: Silty Clay | H49: CH | I49: 20.1 | J49: 3 | K49: 39 | L49: 0.3334 | M49: 0.3476 | N49: 0 | O49: 3 | P49: 17 | Q49: 25 | R49: 29.25 | S49: 0.8599 | U49: 0.3g (RP: 500-yr; STIFF Soil) | W49: 50000
A50: Paniqui | B50: BH-49 | C50: SS-4 | D50: 15.693865° | E50: 120.551974° | F50: 16.25 | G50: Clayey Silt | H50: MH | I50: 20.2 | J50: 1 | K50: 19 | L50: 0.255 | M50: 0.3414 | O50: 1 | P50: 18 | Q50: 22.5 | R50: 14 | S50: 0.68 | U50: 0.3g (RP: 500-yr; STIFF Soil) | W50: 12000
A51: Paniqui | B51: BH-50 | C51: SS-4 | D51: 15.677637° | E51: 120.58916° | F51: 14.1 | G51: Poorly Graded Sand | H51: SP | I51: 22.2 | J51: 3 | K51: 12 | M51: 0.1326 | O51: 3 | P51: 20 | Q51: 32.5 | S51: 0.043 | U51: 0.3g (RP: 500-yr; STIFF Soil) | W51: 15000 to 50000
A52: Paniqui | B52: BH-51 | C52: SS-4 | D52: 15.677583° | E52: 120.589097° | F52: 14.1 | G52: Clayey Silt | H52: MH | I52: 22.2 | J52: 3 | K52: 22 | L52: 0.25 | M52: 0.3668 | O52: 3 | P52: 21 | Q52: 27.5 | S52: 0.633 | U52: 0.3g (RP: 500-yr; STIFF Soil) | W52: 15000 to 40000
A53: Paniqui | B53: BH-52 | C53: SS-4 | D53: 15.668819° | E53: 120.584161° | G53: Clayey Sand | H53: SC | I53: 18 | J53: 1 | K53: 8 | L53: 0.44 | O53: 1 | P53: 18.456 | R53: 7.68 | S53: 0.9696 | U53: 0.5g (RP: 500-yr; STIFF Soil)
A54: Paniqui | B54: BH-53 | C54: SS-4 | D54: 15.669577° | E54: 120.580887° | G54: Clay | H54: CH | I54: 18 | J54: 1 | K54: 8 | L54: 0.4 | O54: 1 | P54: 22.329 | R54: 6.765 | S54: 0.9669 | U54: 0.5g (RP: 500-yr; STIFF Soil)
A55: Paniqui | B55: BH-54 | C55: SS-4 | D55: 15.669652° | E55: 120.580584° | G55: Clayey Sand | H55: SC | I55: 18 | J55: 1 | K55: 19 | L55: NP | O55: 1 | P55: 20.696 | R55: 16.917 | S55: 0.4347 | U55: 0.5g (RP: 500-yr; STIFF Soil)
A56: Pura | B56: BH-55 | C56: SS-4 | D56: 15.625795° | E56: 120.650289° | F56: 21.12 | G56: Silty Sand | H56: SM | I56: 20.3 | J56: 6 | K56: 33 | M56: 0.1592 | N56: 0 | O56: 6 | P56: 20 | Q56: 30-32 | R56: 24.75 | S56: 0.2827 | U56: 0.3g (RP: 500-yr; STIFF SOIL) | W56: 15
A57: Pura | B57: BH-56 | C57: SS-4 | D57: 15.625836° | E57: 120.650662° | F57: 20.51 | G57: Silty Sand | H57: SM | I57: 20.3 | J57: 6 | K57: 35 | M57: 0.1983 | N57: 0 | O57: 6 | P57: 20 | Q57: 32-35 | R57: 26.25 | S57: 0.2779 | U57: 0.3g (RP: 500-yr; STIFF SOIL) | W57: 20
A58: Pura | B58: BH-57 | C58: SS-4 | D58: 15.643867° | E58: 120.672856° | F58: 16.55 | G58: Sandy Silt | H58: ML | I58: 23.4 | J58: 3 | K58: 14 | L58: 0.1743 | M58: 0.2372 | O58: 3 | P58: 18.2 | Q58: 22.5 | R58: 14 | S58: 0.5889 | U58: 0.4g (RP: 500-yr; STIFF SOIL) | W58: 12
A59: Ramos | B59: BH-58 | C59: SS-4 | D59: 15.686441° | E59: 120.635555° | F59: 4.66 | G59: Clayey Silt | H59: MH | I59: 24.2 | J59: 3 | K59: 22 | L59: 0.2172 | M59: 0.3674 | N59: 0 | O59: 3 | P59: 17 | Q59: 25 | R59: 16.5 | S59: 0.6205 | U59: 0.3g (RP: 500-yr; STIFF SOIL) | W59: 15
A60: Ramos | B60: BH-59 | C60: SS-4 | D60: 15.666889° | E60: 120.642879° | F60: 16.86 | G60: Clayey Silt | H60: MH | I60: 23 | J60: 1 | K60: 19 | L60: 0.2646 | M60: 0.3465 | O60: 1 | P60: 17 | Q60: 22.5 | R60: 14.25 | S60: 0.6806 | U60: 0.3g (RP: 500-yr; STIFF SOIL) | W60: 12
A61: Ramos | B61: BH-60 | C61: SS-4 | D61: 15.684023° | E61: 120.639705° | F61: 12.59 | G61: Clayey Silt | H61: MH | I61: 24.2 | J61: 21 | K61: 19 | L61: 0.2308 | M61: 0.3185 | N61: 0 | O61: 21 | P61: 17 | Q61: 22.5 | R61: 14.25 | S61: 0.6457 | U61: 0.3g (RP: 500-yr; STIFF SOIL) | W61: 12
A62: Ramos | B62: BH-61 | C62: SS-4 | D62: 15.685089° | E62: 120.637294° | F62: 16.86 | G62: Silty Sand | H62: SM | I62: 24.2 | J62: 1 | K62: 14 | L62: 0 | M62: 0.168 | N62: 0.2 | O62: 1 | P62: 20.3 | Q62: 32 | R62: 10.5 | S62: 0.2853 | U62: 0.4g (RP: 500-yr; STIFF SOIL) | W62: 15
A63: San Manuel | B63: BH-62 | C63: SS-4 | D63: 15.786314° | E63: 120.605458° | F63: 21.12 | G63: Sandy Silt | H63: ML | I63: 30.8 | J63: 3.5 | K63: 16 | L63: 13.3 | M63: 0.2346 | N63: 0 | O63: 3.5 | P63: 18 | Q63: 22.5 | R63: 12 | S63: 0.563 | U63: 0.3g (RP: 500-yr; STIFF SOIL) | W63: 12
A64: San Manuel | B64: BH-63 | C64: SS-4 | D64: 15.786300° | E64: 120.605656° | F64: 19.9 | G64: Clayey Silt | H64: MH | I64: 30.8 | J64: 4.5 | K64: 13 | L64: 0.251 | M64: 0.3405 | N64: 0 | O64: 4.5 | P64: 17 | Q64: 22.5 | R64: 10 | S64: 0.622 | U64: 0.3g (RP: 500-yr; STIFF SOIL) | W64: 12
A65: San Manuel | B65: BH-64 | C65: SS-4 | D65: 15.798112° | E65: 120.611316° | F65: 23.87 | G65: Sandy Silt | H65: ML | I65: 30 | J65: N.E. | K65: 37 | L65: 0.161 | M65: 0.2348 | N65: 0 | O65: N.E. | P65: 18 | Q65: 25 | R65: 28 | S65: 0.526 | U65: 0.4g (RP: 500-yr; STIFF SOIL) | W65: 15
A66: San Manuel | B66: BH-65 | C66: SS-4 | D66: 15.798144° | E66: 120.611495° | F66: 24.17 | G66: Sandy Silt | H66: ML | I66: 30 | J66: N.E. | K66: 31 | L66: 0.136 | M66: 0.2553 | N66: 0 | O66: N.E. | P66: 18 | Q66: 25 | R66: 23 | S66: 0.516 | U66: 0.4g (RP: 500-yr; STIFF SOIL) | W66: 15
A67: San Manuel | B67: BH-66 | C67: SS-4 | D67: 15.785400° | E67: 120.613728° | F67: 16.86 | G67: Silty Sand | H67: SM | I67: 31.3 | J67: 5 | K67: 19 | M67: 0.1397 | N67: 0 | O67: 5 | P67: 21 | Q67: 30-32 | R67: 14.25 | S67: 0.3342 | U67: 0.3g (PHIVOLCS: 500-yr RP; STIFF SOIL) | W67: 15
A68: San Manuel | B68: BH-67 | C68: SS-4 | D68: 15.785383° | E68: 120.613613° | F68: 16.55 | G68: Silty Sand | H68: SM | I68: 31.3 | J68: 3 | K68: 22 | M68: 0.1464 | N68: 0 | O68: 3 | P68: 21 | Q68: 30-32 | R68: 16.5 | S68: 0.2847 | U68: 0.3g (PHIVOLCS: 500-yr RP; STIFF SOIL) | W68: 15
A69: San Manuel | B69: BH-68 | C69: SS-4 | D69: 15.785220° | E69: 120.613398° | F69: 17.77 | G69: Silty Sand | H69: SM | I69: 31.3 | J69: 3 | K69: 14 | M69: 0.241 | N69: 0 | O69: 3 | P69: 18 | Q69: 27.5-30 | R69: 10.5 | S69: 0.2862 | U69: 0.3g (PHIVOLCS: 500-yr RP; STIFF SOIL) | W69: 10
A70: San Manuel | B70: BH-69 | C70: SS-4 | D70: 15.797873° | E70: 120.609780° | F70: 22.34 | G70: Silty Sand | H70: SM | I70: 30 | J70: 0.4 | K70: 24 | L70: 0 | M70: 0.2205 | N70: 0.2 | O70: 0.4 | P70: 19.8 | Q70: 32 | R70: 18 | S70: 0.3361 | U70: 0.4g (RP: 500-yr; STIFF SOIL) | W70: 15
A71: San Manuel | B71: BH-70 | C71: SS-4 | D71: 15.799033° | E71: 120.611473° | F71: 20.82 | G71: Silty Sand | H71: SM | I71: 29.9 | J71: 1.1 | K71: 14 | M71: 0.1808 | N71: 0.23 | O71: 1.1 | P71: 20.1 | Q71: 30 | R71: 10.5 | S71: 0.3335 | U71: 0.4g (RP: 500-yr; STIFF SOIL) | W71: 10
A72: San Manuel | B72: BH-71 | C72: SS-4 | D72: 15.800020° | E72: 120.611164° | F72: 19.6 | G72: Silty Sand | H72: SM | I72: 29.9 | J72: 2.5 | K72: 34 | M72: 0.2173 | N72: 0.2 | O72: 2.5 | P72: 20.2 | Q72: 37 | R72: 25.5 | S72: 0.3051 | U72: 0.4g (RP: 500-yr; STIFF SOIL) | W72: 20
A73: Victoria | B73: BH-72 | C73: SS-4 | D73: 15.535479° | E73: 120.689187° | F73: 18.68 | G73: Silty Sand | H73: SM | I73: 19.4 | J73: 6 | K73: 40 | M73: 0.1397 | N73: 0 | O73: 6 | P73: 22 | Q73: 32-35 | R73: 30 | S73: 0.3342 | U73: 0.3g (RP: 500-yr; STIFF SOIL) | W73: 20
A74: Victoria | B74: BH-73 | C74: SS-4 | D74: 15.535636° | E74: 120.689206° | F74: 18.38 | G74: Silty Sand | H74: SM | I74: 19.4 | J74: 6 | K74: 40 | M74: 0.2315 | N74: 0 | O74: 6 | P74: 20 | Q74: 32-35 | R74: 30 | S74: 0.2546 | U74: 0.3g (RP: 500-yr; STIFF SOIL) | W74: 20
A75: Victoria | B75: BH-74 | C75: SS-4 | D75: 15.597176° | E75: 120.664616° | F75: 18.38 | G75: Sandy Silt | H75: ML | I75: 19.6 | J75: 3 | K75: 22 | L75: 0.1844 | M75: 0.2306 | N75: 0 | O75: 3 | P75: 18 | Q75: 25 | R75: 16.5 | S75: 0.5364 | U75: 0.3g (RP: 500-yr; STIFF SOIL) | W75: 15
A76: Victoria | B76: BH-75 | C76: SS-4 | D76: 15.597202° | E76: 120.664573° | F76: 18.38 | G76: Sandy Silt | H76: ML | I76: 19.6 | J76: 3 | K76: 32 | L76: 0.1491 | M76: 0.2854 | N76: 0 | O76: 3 | P76: 18 | Q76: 25 | R76: 24 | S76: 0.5462 | U76: 0.3g (RP: 500-yr; STIFF SOIL) | W76: 15
A77: Victoria | B77: BH-76 | C77: SS-4 | D77: 15.589208° | E77: 120.698247° | F77: 17.46 | G77: Sandy Silt | H77: ML | I77: 22.2 | J77: 1.1 | K77: 18 | L77: 0.136 | M77: 0.2721 | O77: 1.1 | P77: 18.3 | Q77: 22.5 | R77: 18 | S77: 0.5575 | U77: 0.4g (RP: 500-yr; STIFF SOIL) | W77: 12
A78: Victoria | B78: BH-77 | C78: SS-4 | D78: 15.596175° | E78: 120.698729° | F78: 14.72 | G78: Sandy Silt | H78: ML | I78: 22.6 | J78: 3 | K78: 15 | L78: 0.154 | M78: 0.2264 | O78: 3 | P78: 18.3 | Q78: 22.5 | R78: 11 | S78: 0.562 | U78: 0.4g (RP: 500-yr; STIFF SOIL) | W78: 12
A79: Victoria | B79: BH-78 | C79: SS-4 | D79: 15.558353° | E79: 120.689713° | F79: 15.94 | G79: Clayey Silt | H79: MH | I79: 20 | J79: 1.5 | K79: 33 | L79: 0.24 | M79: 0.3409 | N79: 0 | O79: 1.5 | P79: 17 | Q79: 25 | R79: 25 | S79: 0.664 | U79: 0.3g (RP: 500-yr; STIFF SOIL) | W79: 15
A80: Victoria | B80: BH-79 | C80: SS-4 | D80: 15.558274° | E80: 120.689610° | F80: 15.94 | G80: Clayey Silt | H80: MH | I80: 20 | J80: 1.5 | K80: 49 | L80: 0.26 | M80: 0.3464 | N80: 0 | O80: 1.5 | P80: 17 | Q80: 25 | R80: 37 | S80: 0.642 | U80: 0.3g (RP: 500-yr; STIFF SOIL) | W80: 15
A81: Victoria | B81: BH-80 | C81: SS-4 | D81: 15.543797° | E81: 120.681065° | F81: 18.07 | G81: Silty Sand | H81: SM | I81: 18.6 | J81: 6 | K81: 36 | M81: 0.2442 | N81: 0 | O81: 6 | P81: 20 | Q81: 32-35 | R81: 27 | S81: 0.3126 | U81: 0.3g (RP: 500-yr; STIFF SOIL) | W81: 20
A82: Victoria | B82: BH-81 | C82: SS-4 | D82: 15.543676° | E82: 120.681087° | F82: 18.38 | G82: Silty Sand | H82: SM | I82: 18.6 | J82: 6 | K82: 36 | M82: 0.2083 | N82: 0 | O82: 6 | P82: 20 | Q82: 32-35 | R82: 27 | S82: 0.335 | U82: 0.3g (RP: 500-yr; STIFF SOIL) | W82: 20
A83: Tarlac City | B83: BH-82 | C83: SS-4 | D83: 15.4297 | E83: 120.64 | G83: silty sand | H83: SM | I83: 11.9 | J83: 1.3 | K83: 0.19 | L83: 0 | M83: 20 | O83: 1.3 | P83: 17.45 | Q83: 29.5 | R83: 22 | S83: 27 | T83: loose to medium dense | U83: 0.35g (RP: 475-yr; STIFF Soil)
A84: Tarlac City | B84: BH-83 | C84: SS-4 | D84: 15.48974 | E84: 120.59 | F84: 42.7 | G84: silty sand | H84: SM | I84: 7.9 | J84: 4.5 | K84: 0.18 | M84: 22.48 | O84: 4.5 | P84: 20 | Q84: 32.5 | S84: 33.39 | W84: 35000
A85: Tarlac City | B85: BH-84 | C85: SS-4 | D85: 15.48961 | E85: 120.59 | F85: 43 | G85: silty sand | H85: SM | I85: 7.9 | J85: 4.5 | K85: 0.29 | M85: 23.72 | O85: 6 | P85: 21 | Q85: 35 | S85: 33.68 | W85: 35000
A86: Tarlac City | B86: BH-85 | C86: SS-4 | D86: 15.48407 | E86: 120.618 | F86: 34.2 | G86: silty sand | H86: SM | I86: 10.9 | J86: 1 | K86: 73 | M86: 21.65 | O86: 1 | P86: 21 | Q86: 37.5 | S86: 25.5 | W86: 70000
A87: Tarlac City | B87: BH-86 | C87: SS-4 | D87: 15.48394 | E87: 120.618 | F87: 33.9 | G87: silty sand | H87: SM | I87: 10.9 | J87: 1 | K87: 55 | M87: 20.49 | O87: 1 | P87: 21 | Q87: 37.5 | S87: 26.6 | W87: 70000
A88: Tarlac City | B88: BH-87 | C88: SS-4 | D88: 15.46881 | E88: 120.6532 | F88: 22.9 | G88: silty sand | H88: SM | I88: 13.5 | J88: 3 | K88: 20 | M88: 21.78 | O88: 3 | P88: 20 | Q88: 32.5 | S88: 32.82 | W88: 30000
A89: Tarlac City | B89: BH-88 | C89: SS-4 | D89: 15.52992 | E89: 120.5932 | F89: 30.55 | G89: silty sand | H89: SM | I89: 9.2 | J89: 1.5 | K89: 20 | L89: 0 | M89: 22.3 | N89: 0.26 | O89: 1.5 | P89: 19.5 | Q89: 32 | R89: 19.5 | S89: 22.6 | U89: 0.4g (RP: 500-yr; STIFF Soil) | W89: 15000
B90: BH-89
B91: BH-90
B92: BH-91
B93: BH-92
B94: BH-93
B95: BH-94
B96: BH-95
B97: BH-96
B98: BH-97
B99: BH-98
B100: BH-99
...

Sheet 6.0m-7.5m
A1: Municipality | B1: Borehole ID | C1: Sample No. | D1: Latitude | E1: Longitude | F1: Elevation | G1: Soil/Rock Description | H1: USCS Symbol | I1: Fault Distance (km) | J1: Ground Water Table | K1: SPT N-Value | L1: Plasticity Index (PI) | M1: Natural Water Content (ω) | N1: Mean Particle Size (D50) (mm) | O1: Groundwater Level (m) | P1: Unit Weight (γ) | Q1: Foundation Width (B) | R1: Foundation Depth (D) | S1: Internal Friction Angle | T1: Length-to-width ratio (L/B) | U1: Corrected SPT-N Value (N1(60)) | V1: Fines Content | W1: Effective Overburden Presssure | X1: Total Overburden Pressure | Y1: Relative Density | Z1: Peak Ground Acceleration | AA1: Cyclic Stress Ratio (CSR) | AB1: Elastic Modulus (Es) (MN/
A2: Anao | B2: BH-1 | C2: SS-5 | D2: 15.715506° | E2: 120.623904° | F2: 10.78 | G2: Sandy Silt | H2: ML | I2: 26.3 | J2: 28.5 | K2: 16 | L2: 0.1659 | M2: 0.2878 | N2: 16.59 | O2: 28.5 | P2: 20 | Q2: 27.5 | R2: 12 | S2: 0.543 | U2: 0.4g (RP: 500-yr; STIFF Soil) | W2: 10000 to 30000
A3: Anao | B3: BH-2 | C3: SS-5 | D3: 15.759126° | E3: 120.600236° | F3: 21.15 | G3: Silty Sand | H3: SM | I3: 30.8 | J3: 1.5 | K3: 24 | M3: 0.1841 | N3: 0 | O3: 1.5 | P3: 20 | Q3: 30 | R3: 18 | S3: 0.3112 | U3: 0.3g (RP: 500-yr; STIFF Soil) | W3: 15000
A4: Anao | B4: BH-3 | C4: SS-5 | D4: 15.759537° | E4: 120.600182° | F4: 20.49 | G4: Silty Sand | H4: SM | I4: 30.8 | J4: 1.5 | K4: 19 | M4: 0.2438 | N4: 0 | O4: 1.5 | P4: 20 | Q4: 30 | R4: 14.25 | S4: 0.2643 | U4: 0.3g (RP: 500-yr; STIFF Soil) | W4: 15000
A5: Bamban | B5: BH-4 | C5: SS-5 | D5: 15.27346° | E5: 120.56187° | F5: 75.45 | G5: Sandy Lean Clay | H5: CL | I5: 19.8 | K5: 57 | L5: 0.14 | M5: 0.3604 | P5: 17.1-19.2 | Q5: 31-40 | S5: 0.62 | U5: 0.4g | V5: 0.125
A6: Camiling | B6: BH-5 | C6: SS-5 | D6: 15.686632° | E6: 120.412972° | F6: 10.48 | G6: Clayey Silt | H6: MH | I6: 7.6 | J6: 4.5 | K6: 27 | L6: 0.274 | M6: 0.3735 | O6: 4.5 | P6: 16.7 | Q6: 25 | S6: 0.638 | U6: 0.4g (RP: 500-yr; STIFF Soil) | W6: 15
A7: Camiling | B7: BH-6 | C7: SS-5 | D7: 15.686638° | E7: 120.413130° | F7: 10.78 | G7: Clayey Silt | H7: MH | I7: 7.6 | J7: 5 | K7: 35 | L7: 0.248 | M7: 0.3297 | O7: 5 | P7: 17.3 | Q7: 27.5 | S7: 0.672 | U7: 0.4g (RP: 500-yr; STIFF Soil) | W7: 20
A8: Camiling | B8: BH-7 | C8: SS-5 | D8: 15.686652° | E8: 120.412968° | F8: 10.17 | G8: Brown, Clayey Silt of medium plasticity | H8: MH | I8: 8.3 | J8: 6 | K8: 16 | L8: 0.26 | M8: 0.3329 | O8: 6 | P8: 21 | Q8: 27.5 | S8: 0.677 | U8: 0.4g | W8: 15-40
A9: Camiling | B9: BH-8 | C9: SS-5 | D9: 15.686296° | E9: 120.412971° | F9: 11.09 | G9: Brown, Clayey Silt of medium plasticity | H9: MH | I9: 8.3 | J9: 7 | K9: 21 | L9: 0.267 | M9: 0.3523 | O9: 7 | P9: 21 | Q9: 27.5 | S9: 0.67 | U9: 0.4g | W9: 15-40
A10: Camiling | B10: BH-9 | C10: SS-5 | D10: 15.686062° | E10: 120.412563° | F10: 11.09 | G10: Brown, Clayey Silt of medium plasticity | H10: MH | I10: 8.3 | J10: 7 | K10: 16 | L10: 0.268 | M10: 0.3717 | O10: 7 | P10: 21 | Q10: 27.5 | S10: 0.654 | U10: 0.4g | W10: 15-40
A11: Camiling | B11: BH-10 | C11: SS-5 | D11: 15.732336° | E11: 120.434617° | F11: 5.3 | G11: Silty Sand | H11: SM | I11: 11.3 | J11: 4.3 | K11: 9 | M11: 0.1633 | N11: 0 | O11: 4.3 | P11: 21 | Q11: 27.5-30 | R11: 7 | S11: 0.27 | U11: 0.2g (RP:500-yr; ROCK SITE) | W11: 10
A12: Camiling | B12: BH-11 | C12: SS-5 | D12: 15.656521° | E12: 120.400915° | F12: 8.42 | G12: Sandy Silt | H12: ML | I12: 4.8 | J12: 6 | K12: 22 | L12: 0.18 | M12: 0.2612 | O12: 6 | P12: 17.8 | Q12: 25 | R12: 17 | S12: 0.55 | U12: 0.4g | W12: 15
A13: Gerona | B13: BH-12 | C13: SS-5 | D13: 15.635467° | E13: 120.624711° | F13: 18.4 | G13: Clayey Silt | H13: MH | I13: 19 | J13: 7.5 | K13: 42 | L13: 0.241 | M13: 0.3557 | N13: 0 | O13: 7.5 | P13: 17 | Q13: 27.5 | R13: 32 | S13: 0.648 | U13: 0.3g (RP: 500-yr; STIFF Soil) | W13: 20000
A14: Gerona | B14: BH-13 | C14: SS-5 | D14: 15.635408° | E14: 120.624588° | F14: 17.79 | G14: Clayey Silt | H14: MH | I14: 19 | J14: 7.5 | K14: 41 | L14: 0.243 | M14: 0.3454 | N14: 0 | O14: 7.5 | P14: 17 | Q14: 27.5 | R14: 31 | S14: 0.664 | U14: 0.3g (RP: 500-yr; STIFF Soil) | W14: 20000
A15: Gerona | B15: BH-14 | C15: SS-5 | D15: 15.555744° | E15: 120.600555° | F15: 25.11 | G15: Silty Sand | H15: SM | I15: 11.3 | J15: 3 | K15: 31 | M15: 0.2254 | N15: 0 | O15: 3 | P15: 0 | Q15: 30-32 | R15: 23.25 | S15: 0.231 | U15: 0.3g (RP: 500-yr; STIFF Soil) | W15: 15000
A16: Gerona | B16: BH-15 | C16: SS-5 | D16: 15.555718° | E16: 120.600598° | F16: 25.11 | G16: Silty Sand | H16: SM | I16: 11.3 | J16: 3 | K16: 33 | M16: 0.2242 | N16: 0 | O16: 3 | P16: 19 | Q16: 30-32 | R16: 24.75 | S16: 0.209 | U16: 0.3g (RP: 500-yr; STIFF Soil) | W16: 15000
A17: Gerona | B17: BH-16 | C17: SS-5 | D17: 15.592509° | E17: 120.620622° | F17: 25.41 | G17: Silty Sand | H17: SM | I17: 15.5 | J17: 3 | K17: 34 | M17: 0.2016 | N17: 0 | O17: 3 | P17: 20 | Q17: 32-35 | R17: 26 | S17: 0.2 | U17: 0.3g (RP: 500-yr; STIFF Soil) | W17: 20000
A18: Gerona | B18: BH-17 | C18: SS-5 | D18: 15.592510° | E18: 120.620552° | F18: 25.4 | G18: Silty Sand | H18: SM | I18: 15.5 | J18: 3 | K18: 30 | M18: 0.1412 | N18: 0 | O18: 3 | P18: 21 | Q18: 30-32 | R18: 23 | S18: 0.239 | U18: 0.3g (RP: 500-yr; STIFF Soil) | W18: 15000
A19: Gerona | B19: BH-18 | C19: SS-5 | D19: 15.556476° | E19: 120.573764° | F19: 25.41 | G19: Silty Sand | H19: SM | I19: 9 | J19: N.E | K19: 34 | M19: 0.1892 | N19: 0 | O19: N.E | P19: 19 | Q19: 32-35 | R19: 26 | S19: 0.228 | U19: 0.3g (RP: 500-yr; STIFF Soil) | W19: 20000
A20: Gerona | B20: BH-19 | C20: SS-5 | D20: 15.556501° | E20: 120.573845° | F20: 25.41 | G20: Silty Sand | H20: SM | I20: 9 | J20: N.E | K20: 32 | M20: 0.2248 | N20: 0 | O20: N.E | P20: 19 | Q20: 30-32 | R20: 24 | S20: 0.233 | U20: 0.3g (RP: 500-yr; STIFF Soil) | W20: 15000
A21: Gerona | B21: BH-20 | C21: SS-5 | D21: 15.578777° | E21: 120.573149° | F21: 22.06 | G21: Clayey Silt | H21: MH | I21: 11.1 | J21: 12 | K21: 23 | L21: 0.2539 | M21: 0.3633 | N21: 0 | O21: 12 | P21: 17 | Q21: 25 | R21: 17.25 | S21: 0.6229 | U21: 0.3g (RP: 500-yr; STIFF Soil) | W21: 15000
A22: Gerona | B22: BH-21 | C22: SS-5 | D22: 15.578761° | E22: 120.573483° | F22: 22.98 | G22: Clayey Silt | H22: MH | I22: 11.1 | J22: 4.5 | K22: 24 | L22: 0.2107 | M22: 0.3502 | N22: 0 | O22: 4.5 | P22: 17 | Q22: 25 | R22: 18 | S22: 0.6334 | U22: 0.3g (RP: 500-yr; STIFF Soil) | W22: 15000
A23: Gerona | B23: BH-22 | C23: SS-5 | D23: 15.600169° | E23: 120.544751° | F23: 16.57 | G23: Clayey Silt | H23: MH | I23: 11.1 | J23: N.E | K23: 32 | L23: 0.25 | M23: 0.3485 | N23: 0 | O23: N.E | P23: 17 | Q23: 25 | R23: 24 | S23: 0.623 | U23: 0.3g (RP: 500-yr; STIFF Soil) | W23: 15000
A24: Gerona | B24: BH-23 | C24: SS-5 | D24: 15.600168° | E24: 120.544618° | F24: 16.57 | G24: Clayey Silt | H24: MH | I24: 11.1 | J24: N.E | K24: 30 | L24: 0.24 | M24: 0.3434 | N24: 0 | O24: N.E | P24: 17 | Q24: 25 | R24: 23 | S24: 0.678 | U24: 0.3g (RP: 500-yr; STIFF Soil) | W24: 15000
A25: Gerona | B25: BH-24 | C25: SS-5 | D25: 15.589244° | E25: 120.597051° | F25: 23.46 | G25: Silty Sand | H25: SM | I25: 13.3 | J25: 2.5 | K25: 42 | M25: 0.1527 | N25: 0 | O25: 2.5 | P25: 21 | Q25: 32-35 | R25: 32 | S25: 0.278 | U25: 0.3g (RP: 500-yr; STIFF Soil) | W25: 20000
A26: Gerona | B26: BH-25 | C26: SS-5 | D26: 15.58917° | E26: 120.597011° | F26: 23.16 | G26: Silty Sand | H26: SM | I26: 13.3 | J26: 2.5 | K26: 45 | M26: 0.1522 | N26: 0 | O26: 2.5 | P26: 21 | Q26: 32-35 | R26: 34 | S26: 0.236 | U26: 0.3g (RP: 500-yr; STIFF Soil) | W26: 20000
A27: Gerona | B27: BH-26 | C27: SS-5 | D27: 15.555633° | E27: 120.608133° | F27: 24.8 | G27: Silty Sand | H27: SM | I27: 12 | J27: 2 | K27: 45 | M27: 0.2217 | N27: 0 | O27: 2 | P27: 19 | Q27: 32-35 | R27: 33.75 | S27: 0.32 | U27: 0.3g (RP: 500-yr; STIFF Soil) | W27: 20000
A28: Gerona | B28: BH-27 | C28: SS-5 | D28: 15.555650° | E28: 120.608052° | F28: 24.8 | G28: Silty Sand | H28: SM | I28: 12 | J28: 2 | K28: 24 | M28: 0.1516 | N28: 0 | O28: 2 | P28: 21 | Q28: 30-35 | R28: 18 | S28: 0.3 | U28: 0.3g (RP: 500-yr; STIFF Soil) | W28: 15000
A29: Gerona | B29: BH-28 | C29: SS-3 | D29: 15.596727° | E29: 120.608189° | F29: 25.72 | G29: Silty Sand | H29: SM | I29: 24.2 | J29: 1.5 | K29: 44 | M29: 0.2084 | N29: 0 | O29: 1.5 | P29: 20 | Q29: 32-35 | R29: 33 | S29: 0.25 | U29: 0.3g (RP: 500-yr; STIFF Soil) | W29: 20000
A30: Gerona | B30: BH-29 | C30: SS-5 | D30: 15.602424° | E30: 120.593012° | F30: 26.02 | G30: Silty Sand | H30: SM | I30: 11.1 | J30: 4.5 | K30: 45 | M30: 0.159 | N30: 0 | O30: 4.5 | P30: 21 | Q30: 32-35 | R30: 34 | S30: 0.273 | U30: 0.3g (RP: 500-yr; STIFF Soil) | W30: 20000
A31: Gerona | B31: BH-30 | C31: SS-5 | D31: 15.602593° | E31: 120.593001° | F31: 26.63 | G31: Silty Sand | H31: SM | I31: 11.1 | J31: 4.5 | K31: 41 | M31: 0.1583 | N31: 0 | O31: 4.5 | P31: 0 | Q31: 32-35 | R31: 31 | S31: 0.278 | U31: 0.3g (RP: 500-yr; STIFF Soil) | W31: 20000
A32: Moncada | B32: BH-31 | C32: SS-5 | D32: 15.745085° | E32: 120.576019° | F32: 16.3 | G32: Sandy Silt | H32: ML | I32: 26.5 | J32: 2 | K32: 25 | L32: 0.16 | M32: 0.2388 | O32: 2 | P32: 21 | Q32: 27.5 | S32: 0.57 | U32: 0.3g | W32: 15-40
A33: Moncada | B33: BH-32 | C33: SS-5 | D33: 15.744907° | E33: 120.576261° | F33: 17.2 | G33: Sandy Silt | H33: ML | I33: 26.5 | J33: 2 | K33: 25 | L33: 0.14 | M33: 0.2392 | O33: 2 | P33: 21 | Q33: 27.5 | S33: 0.58 | U33: 0.3g | W33: 15-40
A34: Moncada | B34: BH-33 | C34: SS-5 | D34: 15.769566° | E34: 120.575766° | F34: 14.4 | G34: Silty Sand | H34: SM | I34: 27 | J34: 1.05 | K34: 14 | M34: 0.2459 | O34: 1.05 | P34: 20 | Q34: 32.5 | S34: 0.3202 | W34: 15-50
A35: Moncada | B35: BH-34 | C35: SS-5 | D35: 15.769692° | E35: 120.575525° | F35: 13.8 | G35: Sandy Silt | H35: ML | I35: 27 | J35: 1 | K35: 28 | L35: 0.1695 | M35: 0.2904 | O35: 1 | P35: 21 | Q35: 27.5 | S35: 0.5868 | W35: 15-40
A36: Moncada | B36: BH-35 | C36: SS-5 | D36: 15.808724° | E36: 120.571566° | F36: 15.7 | G36: Sandy Silt | H36: ML | I36: 28.5 | J36: 1 | K36: 22 | L36: 0.132 | M36: 0.2807 | O36: 1 | P36: 21 | Q36: 27.5 | S36: 0.572 | W36: 15-40
A37: Moncada | B37: BH-36 | C37: SS-5 | D37: 15.808848° | E37: 120.571571° | F37: 15.7 | G37: Sandy Silt | H37: ML | I37: 28.5 | J37: 1 | K37: 37 | L37: 0.134 | M37: 0.2738 | O37: 1 | P37: 21 | Q37: 27.5 | S37: 0.565 | W37: 30-80
A38: Moncada | B38: BH-37 | C38: SS-5 | D38: 15.737812° | E38: 120.577325° | F38: 248.4 | G38: Sandy Silt | H38: ML | I38: 26.1 | J38: 6 | K38: 16 | L38: 0.1567 | M38: 0.2659 | O38: 6 | P38: 21 | Q38: 27.5 | S38: 0.5588 | W38: 15-40
A39: Moncada | B39: BH-38 | C39: SS-5 | D39: 15.737879° | E39: 120.577483° | F39: 248.4 | G39: Sandy Silt | H39: ML | I39: 26.1 | J39: 6 | K39: 14 | L39: 0.1708 | M39: 0.2805 | O39: 6 | P39: 20 | Q39: 27.5 | S39: 0.5404 | W39: ########
A40: Moncada | B40: BH-39 | C40: SS-5 | D40: 15.744291° | E40: 120.596494° | F40: 15.05 | G40: Clayey Silt | H40: MH | I40: 27.3 | J40: N.E. | K40: 52 | L40: 0.2299 | M40: 0.3354 | N40: 0 | O40: N.E. | P40: 17 | Q40: 27.5 | R40: 39 | S40: 0.6268 | U40: 0.3g (RP: 500-yr; STIFF SOIL) | W40: 20
A41: Moncada | B41: BH-40 | C41: SS-5 | D41: 15.744070° | E41: 120.597089° | F41: 14.44 | G41: Clayey Silt | H41: MH | I41: 27.3 | J41: N.E. | K41: 30 | L41: 0.2267 | M41: 0.3829 | N41: 0 | O41: N.E. | P41: 17 | Q41: 25 | R41: 22.5 | S41: 0.6537 | U41: 0.3g (RP: 500-yr; STIFF SOIL) | W41: 15
A42: Paniqui | B42: BH-41 | C42: SS-5 | D42: 15.645909° | E42: 120.529080° | F42: 12.61 | G42: Sandy Silt | H42: ML | I42: 15.1 | J42: 6 | K42: 30 | L42: 0.131 | M42: 0.2922 | O42: 6 | P42: 17.6 | Q42: 25 | R42: 23 | S42: 0.532 | U42: 0.4g (RP: 500-yr; STIFF Soil) | W42: 15000
A43: Paniqui | B43: BH-42 | C43: SS-5 | D43: 15.664740° | E43: 120.555608° | F43: 15.96 | G43: Clayey Silt | H43: MH | I43: 18.2 | J43: 2 | K43: 10 | L43: 0.25 | M43: 0.3156 | N43: 0 | O43: 2 | P43: 17 | Q43: 20 | R43: 7.5 | S43: 0.656 | U43: 0.3g (RP: 500-yr; STIFF Soil) | W43: 10000
A44: Paniqui | B44: BH-43 | C44: SS-5 | D44: 15.664765° | E44: 120.55554° | F44: 15.96 | G44: Clayey Silt | H44: MH | I44: 18.2 | J44: 2 | K44: 12 | L44: 0.28 | M44: 0.317 | N44: 0 | O44: 2 | P44: 18 | Q44: 22.5 | R44: 9 | S44: 0.658 | U44: 0.3g (RP: 500-yr; STIFF Soil) | W44: 12000
A45: Paniqui | B45: BH-44 | C45: SS-5 | D45: 15.642894° | E45: 120.528764° | F45: 15.66 | G45: Silty Sand | H45: SM | I45: 15.2 | J45: 3 | K45: 32 | M45: 0.1677 | N45: 0.2 | O45: 3 | P45: 20.4 | Q45: 32 | R45: 24 | S45: 0.3075 | U45: 0.3g to 0.4g (RP: 500-yr; STIFF Soil) | W45: 15000
A46: Paniqui | B46: BH-45 | C46: SS-5 | D46: 15.636114° | E46: 120.543763° | F46: 19.7 | G46: Clayey Silt | H46: MH | I46: 16 | J46: 3 | K46: 28 | L46: 0.244 | M46: 0.3501 | O46: 3 | P46: 21 | Q46: 27.5 | S46: 0.651 | U46: 0.3g (RP: 500-yr; STIFF Soil) | W46: 15000 to 40000
A47: Paniqui | B47: BH-46 | C47: SS-5 | D47: 15.636527° | E47: 120.543634° | F47: 19.3 | G47: Silty Sand | H47: SM | I47: 16 | J47: 3 | K47: 32 | M47: 0.1656 | O47: 3 | P47: 21 | Q47: 35 | S47: 0.32 | U47: 0.3g (RP: 500-yr; STIFF Soil) | W47: 20000 to 50000
A48: Paniqui | B48: BH-47 | C48: SS-5 | D48: 15.691076° | E48: 120.553470° | F48: 17.18 | G48: Silty Clay | H48: CH | I48: 20.1 | J48: 3 | K48: 10 | L48: 0.3193 | M48: 0.4469 | N48: 0 | O48: 3 | P48: 6 | Q48: 19.5 | R48: 7.5 | S48: 0.8077 | U48: 0.3g (RP: 500-yr; STIFF Soil) | W48: 13000
A49: Paniqui | B49: BH-48 | C49: SS-5 | D49: 15.693865° | E49: 120.551974° | F49: 14.75 | G49: Clayey Silt | H49: MH | I49: 20.2 | J49: 1 | K49: 17 | L49: 0.232 | M49: 0.3358 | O49: 1 | P49: 18 | Q49: 22.5 | R49: 13 | S49: 0.646 | U49: 0.3g (RP: 500-yr; STIFF Soil) | W49: 12000
A50: Paniqui | B50: BH-49 | C50: SS-5 | D50: 15.677637° | E50: 120.58916° | F50: 12.6 | G50: Clayey Silt | H50: MH | I50: 22.2 | J50: 3 | K50: 12 | L50: 0.25 | M50: 0.3608 | O50: 3 | P50: 20 | Q50: 27.5 | S50: 0.658 | U50: 0.3g (RP: 500-yr; STIFF Soil) | W50: 2500 to 8000
A51: Paniqui | B51: BH-50 | C51: SS-5 | D51: 15.677583° | E51: 120.589097° | F51: 12.6 | G51: Clayey Silt | H51: MH | I51: 22.2 | J51: 3 | K51: 27 | L51: 0.25 | M51: 0.3648 | O51: 3 | P51: 21 | Q51: 27.5 | S51: 0.656 | U51: 0.3g (RP: 500-yr; STIFF Soil) | W51: 15000 to 40000
A52: Paniqui | B52: BH-51 | C52: SS-5 | D52: 15.668819° | E52: 120.584161° | G52: Clay | H52: CH | I52: 18 | J52: 1 | K52: 17 | L52: 0.37 | O52: 1 | P52: 18.075 | R52: 15.413 | S52: 0.8946 | U52: 0.5g (RP: 500-yr; STIFF Soil)
A53: Paniqui | B53: BH-52 | C53: SS-5 | D53: 15.669577° | E53: 120.580887° | G53: Clay | H53: CH | I53: 18 | J53: 1 | K53: 18 | L53: 0.37 | O53: 1 | P53: 23.054 | R53: 13.541 | S53: 0.9833 | U53: 0.5g (RP: 500-yr; STIFF Soil)
A54: Paniqui | B54: BH-53 | C54: SS-5 | D54: 15.669652° | E54: 120.580584° | G54: Clayey Sand | H54: SC | I54: 18 | J54: 1 | K54: 48 | L54: NP | O54: 1 | P54: 20.545 | R54: 39.499 | S54: 0.034 | U54: 0.5g (RP: 500-yr; STIFF Soil)
A55: Pura | B55: BH-54 | C55: SS-5 | D55: 15.625795° | E55: 120.650289° | F55: 19.62 | G55: Silty Sand | H55: SM | I55: 20.3 | J55: 6 | K55: 30 | M55: 0.1777 | N55: 0 | O55: 6 | P55: 20 | Q55: 30-32 | R55: 22.5 | S55: 0.1633 | U55: 0.3g (RP: 500-yr; STIFF SOIL) | W55: 15
A56: Pura | B56: BH-55 | C56: SS-5 | D56: 15.625836° | E56: 120.650662° | F56: 19.01 | G56: Silty Sand | H56: SM | I56: 20.3 | J56: 6 | K56: 30 | M56: 0.1987 | N56: 0 | O56: 6 | P56: 20 | Q56: 30-32 | R56: 22.5 | S56: 0.3002 | U56: 0.3g (RP: 500-yr; STIFF SOIL) | W56: 15
A57: Pura | B57: BH-56 | C57: SS-5 | D57: 15.643867° | E57: 120.672856° | F57: 15.05 | G57: Sandy Silt | H57: ML | I57: 23.4 | J57: 3 | K57: 12 | L57: 0.1336 | M57: 0.2604 | O57: 3 | P57: 17.9 | Q57: 22.5 | R57: 12 | S57: 0.5907 | U57: 0.4g (RP: 500-yr; STIFF SOIL) | W57: 12
A58: Ramos | B58: BH-57 | C58: SS-5 | D58: 15.686441° | E58: 120.635555° | F58: 3.16 | G58: Clayey Silt | H58: MH | I58: 24.2 | J58: 3 | K58: 19 | L58: 0.2719 | M58: 0.3759 | N58: 0 | O58: 3 | P58: 17 | Q58: 22.5 | R58: 14.25 | S58: 0.6204 | U58: 0.3g (RP: 500-yr; STIFF SOIL) | W58: 12
A59: Ramos | B59: BH-58 | C59: SS-5 | D59: 15.666889° | E59: 120.642879° | F59: 15.36 | G59: Clayey Silt | H59: MH | I59: 23 | J59: 1 | K59: 21 | L59: 0.2102 | M59: 0.3522 | O59: 1 | P59: 17 | Q59: 22.5 | R59: 15.75 | S59: 0.6176 | U59: 0.3g (RP: 500-yr; STIFF SOIL) | W59: 12
A60: Ramos | B60: BH-59 | C60: SS-5 | D60: 15.684023° | E60: 120.639705° | F60: 11.09 | G60: Clayey Silt | H60: MH | I60: 24.2 | J60: 21 | K60: 18 | L60: 0.2343 | M60: 0.3816 | N60: 0 | O60: 21 | P60: 17 | Q60: 22.5 | R60: 13.5 | S60: 0.6741 | U60: 0.3g (RP: 500-yr; STIFF SOIL) | W60: 12
A61: Ramos | B61: BH-60 | C61: SS-5 | D61: 15.685089° | E61: 120.637294° | F61: 15.36 | G61: Silty Sand | H61: SM | I61: 24.2 | J61: 1 | K61: 18 | L61: 0 | M61: 0.2479 | N61: 0.2 | O61: 1 | P61: 19 | Q61: 32 | R61: 13.5 | S61: 0.2858 | U61: 0.4g (RP: 500-yr; STIFF SOIL) | W61: 15
A62: San Manuel | B62: BH-61 | C62: SS-5 | D62: 15.786314° | E62: 120.605458° | F62: 19.62 | G62: Silty Sand | H62: SM | I62: 30.8 | J62: 3.5 | K62: 19 | M62: 0.157 | N62: 0 | O62: 3.5 | P62: 21 | Q62: 30-32 | R62: 14 | S62: 0.222 | U62: 0.3g (RP: 500-yr; STIFF SOIL) | W62: 15
A63: San Manuel | B63: BH-62 | C63: SS-5 | D63: 15.786300° | E63: 120.605656° | F63: 18.4 | G63: Silty Sand | H63: SM | I63: 30.8 | J63: 4.5 | K63: 20 | M63: 0.2048 | N63: 0 | O63: 4.5 | P63: 20 | Q63: 30-32 | R63: 15 | S63: 0.253 | U63: 0.3g (RP: 500-yr; STIFF SOIL) | W63: 15
A64: San Manuel | B64: BH-63 | C64: SS-5 | D64: 15.798112° | E64: 120.611316° | F64: 22.37 | G64: Sandy Silt | H64: ML | I64: 30 | J64: N.E. | K64: 66 | L64: 0.142 | M64: 0.268 | N64: 0 | O64: N.E. | P64: 18 | Q64: 27.5 | R64: 50 | S64: 0.53 | U64: 0.4g (RP: 500-yr; STIFF SOIL) | W64: 20
A65: San Manuel | B65: BH-64 | C65: SS-5 | D65: 15.798144° | E65: 120.611495° | F65: 22.67 | G65: Sandy Silt | H65: ML | I65: 30 | J65: N.E. | K65: 63 | L65: 0.155 | M65: 0.2822 | N65: 0 | O65: N.E. | P65: 18 | Q65: 27.5 | R65: 47 | S65: 0.595 | U65: 0.4g (RP: 500-yr; STIFF SOIL) | W65: 20
A66: San Manuel | B66: BH-65 | C66: SS-5 | D66: 15.785400° | E66: 120.613728° | F66: 15.36 | G66: Silty Sand | H66: SM | I66: 31.3 | J66: 5 | K66: 22 | M66: 0.1582 | N66: 0 | O66: 5 | P66: 21 | Q66: 30-32 | R66: 16.5 | S66: 0.3431 | U66: 0.3g (PHIVOLCS: 500-yr RP; STIFF SOIL) | W66: 15
A67: San Manuel | B67: BH-66 | C67: SS-5 | D67: 15.785383° | E67: 120.613613° | F67: 15.05 | G67: Silty Sand | H67: SM | I67: 31.3 | J67: 3 | K67: 28 | M67: 0.1959 | N67: 0 | O67: 3 | P67: 20 | Q67: 30-32 | R67: 21 | S67: 0.1794 | U67: 0.3g (PHIVOLCS: 500-yr RP; STIFF SOIL) | W67: 15
A68: San Manuel | B68: BH-67 | C68: SS-5 | D68: 15.785220° | E68: 120.613398° | F68: 16.27 | G68: Silty Sand | H68: SM | I68: 31.3 | J68: 3 | K68: 14 | M68: 0.242 | N68: 0 | O68: 3 | P68: 18 | Q68: 27.5-31 | R68: 10.5 | S68: 0.2748 | U68: 0.3g (PHIVOLCS: 500-yr RP; STIFF SOIL) | W68: 10
A69: San Manuel | B69: BH-68 | C69: SS-5 | D69: 15.797873° | E69: 120.609780° | F69: 20.84 | G69: Clayey Silt | H69: MH | I69: 30 | J69: 0.4 | K69: 11 | L69: 0.2138 | M69: 0.3382 | O69: 0.4 | P69: 17 | Q69: 20 | R69: 8.25 | S69: 0.614 | U69: 0.4g (RP: 500-yr; STIFF SOIL) | W69: 10
A70: San Manuel | B70: BH-69 | C70: SS-5 | D70: 15.799033° | E70: 120.611473° | F70: 19.32 | G70: Silty Sand | H70: SM | I70: 29.9 | J70: 1.1 | K70: 11 | M70: 0.1893 | N70: 0.22 | O70: 1.1 | P70: 20 | Q70: 30 | R70: 8.25 | S70: 0.3492 | U70: 0.4g (RP: 500-yr; STIFF SOIL) | W70: 10
A71: San Manuel | B71: BH-70 | C71: SS-5 | D71: 15.800020° | E71: 120.611164° | F71: 18.1 | G71: Silty Sand | H71: SM | I71: 29.9 | J71: 2.5 | K71: 37 | M71: 0.162 | N71: 0.22 | O71: 2.5 | P71: 21.2 | Q71: 37 | R71: 27.75 | S71: 0.2743 | U71: 0.4g (RP: 500-yr; STIFF SOIL) | W71: 20
A72: Victoria | B72: BH-71 | C72: SS-5 | D72: 15.535479° | E72: 120.689187° | F72: 17.18 | G72: Silty Sand | H72: SM | I72: 19.4 | J72: 6 | K72: 57 | M72: 0.1582 | N72: 0 | O72: 6 | P72: 21 | Q72: 32-35 | R72: 42.75 | S72: 0.3431 | U72: 0.3g (RP: 500-yr; STIFF SOIL) | W72: 20
A73: Victoria | B73: BH-72 | C73: SS-5 | D73: 15.535636° | E73: 120.689206° | F73: 16.88 | G73: Silty Sand | H73: SM | I73: 19.4 | J73: 6 | K73: 56 | M73: 0.1343 | N73: 0 | O73: 6 | P73: 22 | Q73: 32-35 | R73: 42 | S73: 0.3481 | U73: 0.3g (RP: 500-yr; STIFF SOIL) | W73: 20
A74: Victoria | B74: BH-73 | C74: SS-5 | D74: 15.597176° | E74: 120.664616° | F74: 16.88 | G74: Sandy Silt | H74: ML | I74: 19.6 | J74: 3 | K74: 33 | L74: 0.1853 | M74: 0.2665 | N74: 0 | O74: 3 | P74: 18 | Q74: 25 | R74: 24.75 | S74: 0.5529 | U74: 0.3g (RP: 500-yr; STIFF SOIL) | W74: 15
A75: Victoria | B75: BH-74 | C75: SS-5 | D75: 15.597202° | E75: 120.664573° | F75: 16.88 | G75: Sandy Silt | H75: ML | I75: 19.6 | J75: 3 | K75: 34 | L75: 0.175 | M75: 0.2381 | N75: 0 | O75: 3 | P75: 18 | Q75: 25 | R75: 25.5 | S75: 0.5462 | U75: 0.3g (RP: 500-yr; STIFF SOIL) | W75: 15
A76: Victoria | B76: BH-75 | C76: SS-5 | D76: 15.589208° | E76: 120.698247° | F76: 15.96 | G76: Sandy Silt | H76: ML | I76: 22.2 | J76: 1.1 | K76: 11 | L76: 0.1957 | M76: 0.2877 | O76: 1.1 | P76: 17.6 | Q76: 25 | R76: 11 | S76: 0.5646 | U76: 0.4g (RP: 500-yr; STIFF SOIL) | W76: 15
A77: Victoria | B77: BH-76 | C77: SS-5 | D77: 15.596175° | E77: 120.698729° | F77: 13.22 | G77: Sandy Silt | H77: ML | I77: 22.6 | J77: 3 | K77: 17 | L77: 0.135 | M77: 0.2853 | O77: 3 | P77: 17.6 | Q77: 25 | R77: 13 | S77: 0.525 | U77: 0.4g (RP: 500-yr; STIFF SOIL) | W77: 15
A78: Victoria | B78: BH-77 | C78: SS-5 | D78: 15.558353° | E78: 120.689713° | F78: 14.44 | G78: Clayey Silt | H78: MH | I78: 20 | J78: 1.5 | K78: 15 | L78: 0.25 | M78: 0.338 | N78: 0 | O78: 1.5 | P78: 17 | Q78: 22.5 | R78: 11 | S78: 0.651 | U78: 0.3g (RP: 500-yr; STIFF SOIL) | W78: 12
A79: Victoria | B79: BH-78 | C79: SS-5 | D79: 15.558274° | E79: 120.689610° | F79: 14.44 | G79: Clayey Silt | H79: MH | I79: 20 | J79: 1.5 | K79: 27 | L79: 0.26 | M79: 0.34 | N79: 0 | O79: 1.5 | P79: 17 | Q79: 22.5 | R79: 20 | S79: 0.635 | U79: 0.3g (RP: 500-yr; STIFF SOIL) | W79: 12
A80: Victoria | B80: BH-79 | C80: SS-5 | D80: 15.543797° | E80: 120.681065° | F80: 16.57 | G80: Silty Sand | H80: SM | I80: 18.6 | J80: 6 | K80: 41 | M80: 0.1984 | N80: 0 | O80: 6 | P80: 20 | Q80: 32-35 | R80: 30.75 | S80: 0.3214 | U80: 0.3g (RP: 500-yr; STIFF SOIL) | W80: 20
A81: Victoria | B81: BH-80 | C81: SS-5 | D81: 15.543676° | E81: 120.681087° | F81: 16.88 | G81: Silty Sand | H81: SM | I81: 18.6 | J81: 6 | K81: 37 | M81: 0.152 | N81: 0 | O81: 6 | P81: 21 | Q81: 32-35 | R81: 27.75 | S81: 0.2858 | U81: 0.3g (RP: 500-yr; STIFF SOIL) | W81: 20
A82: Tarlac City | B82: BH-81 | C82: SS-5 | D82: 15.4297 | E82: 120.64 | G82: silty sand | H82: SM | I82: 11.9 | J82: 1.3 | K82: 0.19 | L82: 0 | M82: 19 | O82: 1.3 | P82: 17.45 | Q82: 29.5 | R82: 20 | S82: 27 | T82: loose to medium dense | U82: 0.35g (RP: 475-yr; STIFF Soil)
A83: Tarlac City | B83: BH-82 | C83: SS-5 | D83: 15.48974 | E83: 120.59 | F83: 41.2 | G83: sandy silt | H83: ML | I83: 7.9 | J83: 4.5 | K83: 0.25 | L83: 0.1757 | M83: 24.02 | O83: 4.5 | P83: 21 | Q83: 27.5 | S83: 55.01 | W83: 25000
A84: Tarlac City | B84: BH-83 | C84: SS-5 | D84: 15.48961 | E84: 120.59 | F84: 41.5 | G84: sandy silt | H84: ML | I84: 7.9 | J84: 4.5 | K84: 0.26 | L84: 0.1513 | M84: 23.35 | O84: 6 | P84: 21 | Q84: 27.5 | S84: 58.68 | W84: 25000
A85: Tarlac City | B85: BH-84 | C85: SS-5 | D85: 15.48407 | E85: 120.618 | F85: 32.7 | G85: silty sand | H85: SM | I85: 10.9 | J85: 1 | K85: 92 | M85: 22.43 | O85: 1 | P85: 21 | Q85: 37.5 | S85: 28.8 | W85: 70000
A86: Tarlac City | B86: BH-85 | C86: SS-5 | D86: 15.48394 | E86: 120.618 | F86: 32.4 | G86: silty sand | H86: SM | I86: 10.9 | J86: 1 | K86: 72 | M86: 21.62 | O86: 1 | P86: 21 | Q86: 37.5 | S86: 25.3 | W86: 70000
A87: Tarlac City | B87: BH-86 | C87: SS-5 | D87: 15.46881 | E87: 120.6532 | F87: 21.4 | G87: silty sand | H87: SM | I87: 13.5 | J87: 3 | K87: 47 | M87: 17.57 | O87: 3 | P87: 21 | Q87: 35 | S87: 21.05 | W87: 35000
B88: BH-87
B89: BH-88
B90: BH-89
B91: BH-90
B92: BH-91
B93: BH-92
B94: BH-93
B95: BH-94
B96: BH-95
B97: BH-96
B98: BH-97
B99: BH-98
... B103: BH-102

Sheet 7.5m-9.0m
A1: Municipality | B1: Borehole ID | C1: Sample No. | D1: Latitude | E1: Longitude | F1: Elevation | G1: Soil/Rock Description | H1: USCS Symbol | I1: Fault Distance (km) | J1: Ground Water Table | K1: SPT N-Value | L1: Plasticity Index (PI) | M1: Natural Water Content (ω) | N1: Mean Particle Size (D50) (mm) | O1: Groundwater Level (m) | P1: Unit Weight (γ) | Q1: Foundation Width (B) | R1: Foundation Depth (D) | S1: Internal Friction Angle | T1: Length-to-width ratio (L/B) | U1: Corrected SPT-N Value (N1(60)) | V1: Fines Content | W1: Effective Overburden Presssure | X1: Total Overburden Pressure | Y1: Relative Density | Z1: Peak Ground Acceleration | AA1: Cyclic Stress Ratio (CSR) | AB1: Elastic Modulus (Es) (MN/
B2: BH-1
A3: Anao | B3: BH-2 | C3: SS-6 | D3: 15.715506° | E3: 120.623904° | F3: 9.28 | G3: Sandy Silt | H3: ML | I3: 26.3 | J3: 28.5 | K3: 16 | L3: 0.1792 | M3: 0.2825 | N3: 17.92 | O3: 28.5 | P3: 20 | Q3: 27.5 | R3: 12 | S3: 0.5869 | U3: 0.4g (RP: 500-yr; STIFF Soil) | W3: 10000 to 30000
A4: Anao | B4: BH-3 | C4: SS-6 | D4: 15.759126° | E4: 120.600236° | F4: 19.65 | G4: Silty Sand | H4: SM | I4: 30.8 | J4: 1.5 | K4: 28 | M4: 0.2108 | N4: 0 | O4: 1.5 | P4: 20 | Q4: 30 | R4: 21 | S4: 0.3312 | U4: 0.3g (RP: 500-yr; STIFF Soil) | W4: 15000
A5: Anao | B5: BH-4 | C5: SS-6 | D5: 15.759537° | E5: 120.600182° | F5: 15.99 | G5: Silty Sand | H5: SM | I5: 30.8 | J5: 1.5 | K5: 21 | M5: 0.1854 | N5: 0 | O5: 1.5 | P5: 21 | Q5: 30 | R5: 15.75 | S5: 0.2695 | U5: 0.3g (RP: 500-yr; STIFF Soil) | W5: 15000
A6: Bamban | B6: BH-5 | C6: SS-6 | D6: 15.27346° | E6: 120.56187° | F6: 73.5 | G6: Sandy Lean Clay | H6: CL | I6: 19.8 | K6: 50 | L6: 0.13 | M6: 0.3336 | P6: 17.1-19.2 | Q6: 31-40 | S6: 0.661 | U6: 0.4g | V6: 0.123
A7: Camiling | B7: BH-6 | C7: SS-6 | D7: 15.686632° | E7: 120.412972° | F7: 8.98 | G7: Clayey Silt | H7: MH | I7: 7.6 | J7: 4.5 | K7: 43 | L7: 0.236 | M7: 0.393 | O7: 4.5 | P7: 16.5 | Q7: 27.5 | S7: 0.661 | U7: 0.4g (RP: 500-yr; STIFF Soil) | W7: 20
A8: Camiling | B8: BH-7 | C8: SS-6 | D8: 15.686638° | E8: 120.413130° | F8: 9.28 | G8: Clayey Silt | H8: MH | I8: 7.6 | J8: 5 | K8: 35 | L8: 0.262 | M8: 0.3557 | O8: 5 | P8: 17.1 | Q8: 27.5 | S8: 0.649 | U8: 0.4g (RP: 500-yr; STIFF Soil) | W8: 20
A9: Camiling | B9: BH-8 | C9: SS-6 | D9: 15.686652° | E9: 120.412968° | F9: 8.67 | G9: Brown, Clayey Silt of medium plasticity | H9: MH | I9: 8.3 | J9: 6 | K9: 52 | L9: 0.23 | M9: 0.3736 | O9: 6 | P9: 21 | Q9: 27.5 | S9: 0.633 | U9: 0.4g | W9: ########
A10: Camiling | B10: BH-9 | C10: SS-6 | D10: 15.686296° | E10: 120.412971° | F10: 9.59 | G10: Brown, Clayey Silt of medium plasticity | H10: MH | I10: 8.3 | J10: 7 | K10: 17 | L10: 0.245 | M10: 0.3719 | O10: 7 | P10: 21 | Q10: 27.5 | S10: 0.653 | U10: 0.4g | W10: 15-40
A11: Camiling | B11: BH-10 | C11: SS-6 | D11: 15.686062° | E11: 120.412563° | F11: 9.59 | G11: Brown, Clayey Silt of medium plasticity | H11: MH | I11: 8.3 | J11: 7 | K11: 27 | L11: 0.22 | M11: 0.3322 | O11: 7 | P11: 21 | Q11: 27.5 | S11: 0.647 | U11: 0.4g | W11: 15-40
A12: Camiling | B12: BH-11 | C12: SS-6 | D12: 15.732336° | E12: 120.434617° | F12: 3.8 | G12: Silty Sand | H12: SM | I12: 11.3 | J12: 4.3 | K12: 17 | M12: 0.1961 | N12: 0 | O12: 4.3 | P12: 20 | Q12: 30-32 | R12: 13 | S12: 0.292 | U12: 0.2g (RP:500-yr; ROCK SITE) | W12: 15
A13: Camiling | B13: BH-12 | C13: SS-6 | D13: 15.656521° | E13: 120.400915° | F13: 6.92 | G13: Sandy Silt | H13: ML | I13: 4.8 | J13: 6 | K13: 30 | L13: 0.15 | M13: 0.2393 | O13: 6 | P13: 18.1 | Q13: 25 | R13: 23 | S13: 0.57 | U13: 0.4g | W13: 15
A14: Gerona | B14: BH-13 | C14: SS-6 | D14: 15.635467° | E14: 120.624711° | F14: 16.9 | G14: Clayey Silt | H14: MH | I14: 19 | J14: 7.5 | K14: 47 | L14: 0.276 | M14: 0.3274 | N14: 0 | O14: 7.5 | P14: 17 | Q14: 27.5 | R14: 35 | S14: 0.662 | U14: 0.3g (RP: 500-yr; STIFF Soil) | W14: 20000
A15: Gerona | B15: BH-14 | C15: SS-6 | D15: 15.555744° | E15: 120.600555° | F15: 23.61 | G15: Silty Sand | H15: SM | I15: 11.3 | J15: 3 | K15: 30 | M15: 0.2256 | N15: 0 | O15: 3 | P15: 0 | Q15: 30-32 | R15: 22.5 | S15: 0.226 | U15: 0.3g (RP: 500-yr; STIFF Soil) | W15: 15000
A16: Gerona | B16: BH-15 | C16: SS-6 | D16: 15.555718° | E16: 120.600598° | F16: 23.61 | G16: Silty Sand | H16: SM | I16: 11.3 | J16: 3 | K16: 31 | M16: 0.2349 | N16: 0 | O16: 3 | P16: 19 | Q16: 30-32 | R16: 23.25 | S16: 0.241 | U16: 0.3g (RP: 500-yr; STIFF Soil) | W16: 15000
A17: Gerona | B17: BH-16 | C17: SS-6 | D17: 15.592509° | E17: 120.620622° | F17: 23.91 | G17: Silty Sand | H17: SM | I17: 15.5 | J17: 3 | K17: 36 | M17: 0.1716 | N17: 0 | O17: 3 | P17: 20 | Q17: 32-35 | R17: 27 | S17: 0.275 | U17: 0.3g (RP: 500-yr; STIFF Soil) | W17: 20000
A18: Gerona | B18: BH-17 | C18: SS-6 | D18: 15.592510° | E18: 120.620552° | F18: 23.9 | G18: Silty Sand | H18: SM | I18: 15.5 | J18: 3 | K18: 30 | M18: 0.1897 | N18: 0 | O18: 3 | P18: 20 | Q18: 30-32 | R18: 23 | S18: 0.191 | U18: 0.3g (RP: 500-yr; STIFF Soil) | W18: 15000
A19: Gerona | B19: BH-18 | C19: SS-6 | D19: 15.556476° | E19: 120.573764° | F19: 23.91 | G19: Silty Sand | H19: SM | I19: 9 | J19: N.E | K19: 34 | M19: 0.1459 | N19: 0 | O19: N.E | P19: 20 | Q19: 32-35 | R19: 26 | S19: 0.309 | U19: 0.3g (RP: 500-yr; STIFF Soil) | W19: 20000
A20: Gerona | B20: BH-19 | C20: SS-6 | D20: 15.556501° | E20: 120.573845° | F20: 23.91 | G20: Silty Sand | H20: SM | I20: 9 | J20: N.E | K20: 39 | M20: 0.1892 | N20: 0 | O20: N.E | P20: 19 | Q20: 32-35 | R20: 29 | S20: 0.287 | U20: 0.3g (RP: 500-yr; STIFF Soil) | W20: 20000
A21: Gerona | B21: BH-20 | C21: SS-6 | D21: 15.578777° | E21: 120.573149° | F21: 20.56 | G21: Clayey Silt | H21: MH | I21: 11.1 | J21: 12 | K21: 24 | L21: 0.2026 | M21: 0.3599 | N21: 0 | O21: 12 | P21: 17 | Q21: 25 | R21: 18 | S21: 0.6569 | U21: 0.3g (RP: 500-yr; STIFF Soil) | W21: 15000
A22: Gerona | B22: BH-21 | C22: SS-6 | D22: 15.578761° | E22: 120.573483° | F22: 21.48 | G22: Clayey Silt | H22: MH | I22: 11.1 | J22: 4.5 | K22: 24 | L22: 0.2289 | M22: 0.3709 | N22: 0 | O22: 4.5 | P22: 17 | Q22: 25 | R22: 18 | S22: 0.6174 | U22: 0.3g (RP: 500-yr; STIFF Soil) | W22: 15000
A23: Gerona | B23: BH-22 | C23: SS-6 | D23: 15.600169° | E23: 120.544751° | F23: 15.07 | G23: Clayey Silt | H23: MH | I23: 11.1 | J23: N.E | K23: 33 | L23: 0.25 | M23: 0.3557 | N23: 0 | O23: N.E | P23: 17 | Q23: 25 | R23: 25 | S23: 0.617 | U23: 0.3g (RP: 500-yr; STIFF Soil) | W23: 15000
A24: Gerona | B24: BH-23 | C24: SS-6 | D24: 15.600168° | E24: 120.544618° | F24: 15.07 | G24: Clayey Silt | H24: MH | I24: 11.1 | J24: N.E | K24: 33 | L24: 0.24 | M24: 0.3582 | N24: 0 | O24: N.E | P24: 17 | Q24: 25 | R24: 25 | S24: 0.632 | U24: 0.3g (RP: 500-yr; STIFF Soil) | W24: 15000
A25: Gerona | B25: BH-24 | C25: SS-6 | D25: 15.589244° | E25: 120.597051° | F25: 21.96 | G25: Silty Sand | H25: SM | I25: 13.3 | J25: 2.5 | K25: 46 | M25: 0.1494 | N25: 0 | O25: 2.5 | P25: 21 | Q25: 32-35 | R25: 35 | S25: 0.255 | U25: 0.3g (RP: 500-yr; STIFF Soil) | W25: 20000
A26: Gerona | B26: BH-25 | C26: SS-6 | D26: 15.58917° | E26: 120.597011° | F26: 21.66 | G26: Silty Sand | H26: SM | I26: 13.3 | J26: 2.5 | K26: 49 | M26: 0.1519 | N26: 0 | O26: 2.5 | P26: 21 | Q26: 32-35 | R26: 37 | S26: 0.268 | U26: 0.3g (RP: 500-yr; STIFF Soil) | W26: 20000
A27: Gerona | B27: BH-26 | C27: SS-6 | D27: 15.555633° | E27: 120.608133° | F27: 23.3 | G27: Silty Sand | H27: SM | I27: 12 | J27: 2 | K27: 43 | M27: 0.1713 | N27: 0 | O27: 2 | P27: 20 | Q27: 32-35 | R27: 32.25 | S27: 0.27 | U27: 0.3g (RP: 500-yr; STIFF Soil) | W27: 20000
A28: Gerona | B28: BH-27 | C28: SS-6 | D28: 15.555650° | E28: 120.608052° | F28: 23.3 | G28: Silty Sand | H28: SM | I28: 12 | J28: 2 | K28: 26 | M28: 0.1632 | N28: 0 | O28: 2 | P28: 20 | Q28: 30-35 | R28: 19.5 | S28: 0.2 | U28: 0.3g (RP: 500-yr; STIFF Soil) | W28: 15000
A29: Gerona | B29: BH-28 | C29: SS-4 | D29: 15.596727° | E29: 120.608189° | F29: 24.22 | G29: Silty Sand | H29: SM | I29: 24.2 | J29: 1.5 | K29: 51 | M29: 0.1321 | N29: 0 | O29: 1.5 | P29: 21 | Q29: 32-35 | R29: 38 | S29: 0.285 | U29: 0.3g (RP: 500-yr; STIFF Soil) | W29: 20000
A30: Gerona | B30: BH-29 | C30: SS-2 | D30: 15.572991° | E30: 120.551964° | F30: 32.44 | G30: Silty Sand | H30: SM | I30: 9.3 | J30: 10 | K30: 79 | L30: 0 | M30: 0.2475 | N30: 0.22 | O30: 10 | P30: 19.6 | Q30: 40 | S30: 0.3 | U30: 0.4g (RP: 500-yr; ROCK Site) | W30: 25000
A31: Gerona | B31: BH-30 | C31: SS-6 | D31: 15.602424° | E31: 120.593012° | F31: 24.52 | G31: Silty Sand | H31: SM | I31: 11.1 | J31: 4.5 | K31: 41 | M31: 0.1496 | N31: 0 | O31: 4.5 | P31: 21 | Q31: 32-35 | R31: 31 | S31: 0.28 | U31: 0.3g (RP: 500-yr; STIFF Soil) | W31: 20000
A32: Gerona | B32: BH-31 | C32: SS-6 | D32: 15.602593° | E32: 120.593001° | F32: 25.13 | G32: Silty Sand | H32: SM | I32: 11.1 | J32: 4.5 | K32: 47 | M32: 0.1502 | N32: 0 | O32: 4.5 | P32: 0 | Q32: 32-35 | R32: 35 | S32: 0.279 | U32: 0.3g (RP: 500-yr; STIFF Soil) | W32: 20000
A33: Moncada | B33: BH-32 | C33: SS-6 | D33: 15.745085° | E33: 120.576019° | F33: 14.8 | G33: Sandy Silt | H33: ML | I33: 26.5 | J33: 2 | K33: 37 | L33: 0.16 | M33: 0.2784 | O33: 2 | P33: 21 | Q33: 27.5 | S33: 0.56 | U33: 0.3g | W33: 30-80
A34: Moncada | B34: BH-33 | C34: SS-6 | D34: 15.744907° | E34: 120.576261° | F34: 15.7 | G34: Sandy Silt | H34: ML | I34: 26.5 | J34: 2 | K34: 26 | L34: 0.2 | M34: 0.2878 | O34: 2 | P34: 21 | Q34: 27.5 | S34: 0.59 | U34: 0.3g | W34: 15-40
A35: Moncada | B35: BH-34 | C35: SS-6 | D35: 15.769566° | E35: 120.575766° | F35: 12.9 | G35: Silty Sand | H35: SM | I35: 27 | J35: 1.05 | K35: 18 | M35: 0.1775 | O35: 1.05 | P35: 20 | Q35: 32.5 | S35: 0.3434 | W35: 15-50
A36: Moncada | B36: BH-35 | C36: SS-6 | D36: 15.769692° | E36: 120.575525° | F36: 12.3 | G36: Silty Sand | H36: SM | I36: 27 | J36: 1 | K36: 39 | M36: 0.1955 | O36: 1 | P36: 21 | Q36: 35 | S36: 0.2277 | W36: 20-50
A37: Moncada | B37: BH-36 | C37: SS-6 | D37: 15.808724° | E37: 120.571566° | F37: 14.2 | G37: Sandy Silt | H37: ML | I37: 28.5 | J37: 1 | K37: 27 | L37: 0.19 | M37: 0.2296 | O37: 1 | P37: 21 | Q37: 27.5 | S37: 0.561 | W37: 15-40
A38: Moncada | B38: BH-37 | C38: SS-6 | D38: 15.808848° | E38: 120.571571° | F38: 14.2 | G38: Sandy Silt | H38: ML | I38: 28.5 | J38: 1 | K38: 21 | L38: 0.168 | M38: 0.282 | O38: 1 | P38: 21 | Q38: 27.5 | S38: 0.563 | W38: 15-40
A39: Moncada | B39: BH-38 | C39: SS-6 | D39: 15.737812° | E39: 120.577325° | F39: 246.9 | G39: Sandy Silt | H39: ML | I39: 26.1 | J39: 6 | K39: 20 | L39: 0.1481 | M39: 0.2888 | O39: 6 | P39: 21 | Q39: 27.5 | S39: 0.5237 | W39: 15-40
A40: Moncada | B40: BH-39 | C40: SS-6 | D40: 15.737879° | E40: 120.577483° | F40: 246.9 | G40: Sandy Silt | H40: ML | I40: 26.1 | J40: 6 | K40: 18 | L40: 0.1698 | M40: 0.2167 | O40: 6 | P40: 21 | Q40: 27.5 | S40: 0.5287 | W40: 15-40
A41: Moncada | B41: BH-40 | C41: SS-6 | D41: 15.744291° | E41: 120.596494° | F41: 13.55 | G41: Clayey Silt | H41: MH | I41: 27.3 | J41: N.E. | K41: 36 | L41: 0.1153 | M41: 0.3914 | N41: 0 | O41: N.E. | P41: 17 | Q41: 25 | R41: 27 | S41: 0.6198 | U41: 0.3g (RP: 500-yr; STIFF SOIL) | W41: 15
A42: Moncada | B42: BH-41 | C42: SS-6 | D42: 15.744070° | E42: 120.597089° | F42: 12.94 | G42: Clayey Silt | H42: MH | I42: 27.3 | J42: N.E. | K42: 33 | L42: 0.204 | M42: 0.3251 | N42: 0 | O42: N.E. | P42: 17 | Q42: 25 | R42: 24.75 | S42: 0.6825 | U42: 0.3g (RP: 500-yr; STIFF SOIL) | W42: 15
A43: Paniqui | B43: BH-42 | C43: SS-6 | D43: 15.645909° | E43: 120.529080° | F43: 11.11 | G43: Sandy Silt | H43: ML | I43: 15.1 | J43: 6 | K43: 26 | L43: 0.146 | M43: 0.2323 | O43: 6 | P43: 18.3 | Q43: 25 | R43: 20 | S43: 0.527 | U43: 0.4g (RP: 500-yr; STIFF Soil) | W43: 15000
A44: Paniqui | B44: BH-43 | C44: SS-6 | D44: 15.664740° | E44: 120.555608° | F44: 14.46 | G44: Clayey Silt | H44: MH | I44: 18.2 | J44: 2 | K44: 15 | L44: 0.23 | M44: 0.3327 | N44: 0 | O44: 2 | P44: 17 | Q44: 22.5 | R44: 11.25 | S44: 0.62 | U44: 0.3g (RP: 500-yr; STIFF Soil) | W44: 12000
A45: Paniqui | B45: BH-44 | C45: SS-6 | D45: 15.664765° | E45: 120.55554° | F45: 14.46 | G45: Clayey Silt | H45: MH | I45: 18.2 | J45: 2 | K45: 13 | L45: 0.29 | M45: 0.3515 | N45: 0 | O45: 2 | P45: 17 | Q45: 22.5 | R45: 9.75 | S45: 0.603 | U45: 0.3g (RP: 500-yr; STIFF Soil) | W45: 12000
A46: Paniqui | B46: BH-45 | C46: SS-6 | D46: 15.642894° | E46: 120.528764° | F46: 14.16 | G46: Silty Sand | H46: SM | I46: 15.2 | J46: 3 | K46: 37 | M46: 0.2225 | N46: 0.19 | O46: 3 | P46: 19.5 | Q46: 37 | R46: 27.75 | S46: 0.3488 | U46: 0.3g to 0.4g (RP: 500-yr; STIFF Soil) | W46: 20000
A47: Paniqui | B47: BH-46 | C47: SS-6 | D47: 15.636114° | E47: 120.543763° | F47: 18.15 | G47: Clayey Silt | H47: MH | I47: 16 | J47: 3 | K47: 15 | L47: 0.259 | M47: 0.3226 | O47: 3 | P47: 20 | Q47: 27.5 | S47: 0.674 | U47: 0.3g (RP: 500-yr; STIFF Soil) | W47: 10000 to 30000
A48: Paniqui | B48: BH-47 | C48: SS-6 | D48: 15.636527° | E48: 120.543634° | F48: 17.8 | G48: Silty Sand | H48: SM | I48: 16 | J48: 3 | K48: 10 | M48: 0.1461 | O48: 3 | P48: 19 | Q48: 30 | S48: 0.311 | U48: 0.3g (RP: 500-yr; STIFF Soil) | W48: 7000 to 20000
A49: Paniqui | B49: BH-48 | C49: SS-6 | D49: 15.691076° | E49: 120.553470° | F49: 15.68 | G49: Silty Clay | H49: CH | I49: 20.1 | J49: 3 | K49: 10 | L49: 0.3837 | M49: 0.3928 | N49: 0 | O49: 3 | P49: 17 | Q49: 19.5 | R49: 7.5 | S49: 0.8355 | U49: 0.3g (RP: 500-yr; STIFF Soil) | W49: 13000
A50: Paniqui | B50: BH-49 | C50: SS-6 | D50: 15.693865° | E50: 120.551974° | F50: 13.25 | G50: Clayey Silt | H50: MH | I50: 20.2 | J50: 1 | K50: 14 | L50: 0.261 | M50: 0.3914 | O50: 1 | P50: 17 | Q50: 22.5 | R50: 11 | S50: 0.623 | U50: 0.3g (RP: 500-yr; STIFF Soil) | W50: 12000
A51: Paniqui | B51: BH-50 | C51: SS-6 | D51: 15.677637° | E51: 120.58916° | F51: 11.1 | G51: Clayey Silt | H51: MH | I51: 22.2 | J51: 3 | K51: 16 | L51: 0.25 | M51: 0.3571 | O51: 3 | P51: 21 | Q51: 27.5 | S51: 0.666 | U51: 0.3g (RP: 500-yr; STIFF Soil) | W51: 1500 to 6000
A52: Paniqui | B52: BH-51 | C52: SS-6 | D52: 15.677583° | E52: 120.589097° | F52: 11.1 | G52: Clayey Silt | H52: MH | I52: 22.2 | J52: 3 | K52: 34 | L52: 0.24 | M52: 0.3625 | O52: 3 | P52: 21 | Q52: 27.5 | S52: 0.653 | U52: 0.3g (RP: 500-yr; STIFF Soil) | W52: 30000 to 80000
A53: Paniqui | B53: BH-52 | C53: SS-6 | D53: 15.668819° | E53: 120.584161° | G53: Clay | H53: CH | I53: 18 | J53: 1 | K53: 66 | L53: 0.38 | O53: 1 | P53: 22.458 | R53: 46.573 | S53: 0.8248 | U53: 0.5g (RP: 500-yr; STIFF Soil)
A54: Paniqui | B54: BH-53 | C54: SS-6 | D54: 15.669577° | E54: 120.580887° | G54: Silty Sand | H54: SM | I54: 18 | J54: 1 | K54: 58 | L54: NP | O54: 1 | P54: 21.012 | R54: 43.338 | S54: 0.2669 | U54: 0.5g (RP: 500-yr; STIFF Soil)
A55: Paniqui | B55: BH-54 | C55: SS-6 | D55: 15.669652° | E55: 120.580584° | G55: Silty Sand | H55: SM | I55: 18 | J55: 1 | K55: 59 | L55: NP | O55: 1 | P55: 20.453 | R55: 45.115 | S55: 0.4115 | U55: 0.5g (RP: 500-yr; STIFF Soil)
A56: Pura | B56: BH-55 | C56: SS-6 | D56: 15.625795° | E56: 120.650289° | F56: 18.12 | G56: Silty Sand | H56: SM | I56: 20.3 | J56: 6 | K56: 41 | M56: 0.1543 | N56: 0 | O56: 6 | P56: 21 | Q56: 32-35 | R56: 30.75 | S56: 0.2096 | U56: 0.3g (RP: 500-yr; STIFF SOIL) | W56: 20
A57: Pura | B57: BH-56 | C57: SS-6 | D57: 15.625836° | E57: 120.650662° | F57: 17.51 | G57: Silty Sand | H57: SM | I57: 20.3 | J57: 6 | K57: 42 | M57: 0.2155 | N57: 0 | O57: 6 | P57: 20 | Q57: 32-35 | R57: 31.5 | S57: 0.2294 | U57: 0.3g (RP: 500-yr; STIFF SOIL) | W57: 20
A58: Pura | B58: BH-57 | C58: SS-6 | D58: 15.643867° | E58: 120.672856° | F58: 13.55 | G58: Sandy Silt | H58: ML | I58: 23.4 | J58: 3 | K58: 14 | L58: 0.1393 | M58: 0.2823 | O58: 3 | P58: 17.7 | Q58: 22.5 | R58: 14 | S58: 0.5859 | U58: 0.4g (RP: 500-yr; STIFF SOIL) | W58: 12
A59: Ramos | B59: BH-58 | C59: SS-6 | D59: 15.686441° | E59: 120.635555° | F59: 1.66 | G59: Clayey Silt | H59: MH | I59: 24.2 | J59: 3 | K59: 24 | L59: 0.21 | M59: 0.2757 | N59: 0 | O59: 3 | P59: 18 | Q59: 25 | R59: 18 | S59: 0.5618 | U59: 0.3g (RP: 500-yr; STIFF SOIL) | W59: 15
A60: Ramos | B60: BH-59 | C60: SS-6 | D60: 15.666889° | E60: 120.642879° | F60: 13.86 | G60: Clayey Silt | H60: MH | I60: 23 | J60: 1 | K60: 24 | L60: 0.2615 | M60: 0.359 | O60: 1 | P60: 17 | Q60: 25 | R60: 18 | S60: 0.6365 | U60: 0.3g (RP: 500-yr; STIFF SOIL) | W60: 15
A61: Ramos | B61: BH-60 | C61: SS-6 | D61: 15.684023° | E61: 120.639705° | F61: 9.59 | G61: Clayey Silt | H61: MH | I61: 24.2 | J61: 21 | K61: 21 | L61: 0.2783 | M61: 0.3687 | N61: 0 | O61: 21 | P61: 17 | Q61: 22.5 | R61: 15.75 | S61: 0.6405 | U61: 0.3g (RP: 500-yr; STIFF SOIL) | W61: 12
A62: Ramos | B62: BH-61 | C62: SS-6 | D62: 15.685089° | E62: 120.637294° | F62: 13.86 | G62: Silty Sand | H62: SM | I62: 24.2 | J62: 1 | K62: 18 | L62: 0 | M62: 0.2137 | N62: 0.2 | O62: 1 | P62: 19.5 | Q62: 32 | R62: 13.5 | S62: 0.3058 | U62: 0.4g (RP: 500-yr; STIFF SOIL) | W62: 15
A63: San Manuel | B63: BH-62 | C63: SS-6 | D63: 15.786314° | E63: 120.605458° | F63: 18.12 | G63: Silty Sand | H63: SM | I63: 30.8 | J63: 3.5 | K63: 24 | M63: 0.2029 | N63: 0 | O63: 3.5 | P63: 20 | Q63: 30-32 | R63: 18 | S63: 0.279 | U63: 0.3g (RP: 500-yr; STIFF SOIL) | W63: 15
A64: San Manuel | B64: BH-63 | C64: SS-6 | D64: 15.786300° | E64: 120.605656° | F64: 16.9 | G64: Silty Sand | H64: SM | I64: 30.8 | J64: 4.5 | K64: 24 | M64: 0.1512 | N64: 0 | O64: 4.5 | P64: 21 | Q64: 30-32 | R64: 18 | S64: 0.302 | U64: 0.3g (RP: 500-yr; STIFF SOIL) | W64: 15
A65: San Manuel | B65: BH-64 | C65: SS-6 | D65: 15.798112° | E65: 120.611316° | F65: 20.87 | G65: Sandy Silt | H65: ML | I65: 30 | J65: N.E. | K65: 28 | L65: 0.159 | M65: 0.2594 | N65: 0 | O65: N.E. | P65: 18 | Q65: 25 | R65: 21 | S65: 0.554 | U65: 0.4g (RP: 500-yr; STIFF SOIL) | W65: 15
A66: San Manuel | B66: BH-65 | C66: SS-6 | D66: 15.798144° | E66: 120.611495° | F66: 21.17 | G66: Sandy Silt | H66: ML | I66: 30 | J66: N.E. | K66: 29 | L66: 0.162 | M66: 0.2335 | N66: 0 | O66: N.E. | P66: 18 | Q66: 25 | R66: 22 | S66: 0.525 | U66: 0.4g (RP: 500-yr; STIFF SOIL) | W66: 15
A67: San Manuel | B67: BH-66 | C67: SS-6 | D67: 15.785400° | E67: 120.613728° | F67: 13.86 | G67: Silty Sand | H67: SM | I67: 31.3 | J67: 5 | K67: 26 | M67: 0.2205 | N67: 0 | O67: 5 | P67: 20 | Q67: 30-32 | R67: 19.5 | S67: 0.3361 | U67: 0.3g (PHIVOLCS: 500-yr RP; STIFF SOIL) | W67: 15
A68: San Manuel | B68: BH-67 | C68: SS-6 | D68: 15.785383° | E68: 120.613613° | F68: 13.55 | G68: Silty Sand | H68: SM | I68: 31.3 | J68: 3 | K68: 30 | M68: 0.1833 | N68: 0 | O68: 3 | P68: 20 | Q68: 30-32 | R68: 22.5 | S68: 0.3043 | U68: 0.3g (PHIVOLCS: 500-yr RP; STIFF SOIL) | W68: 15
A69: San Manuel | B69: BH-68 | C69: SS-6 | D69: 15.785220° | E69: 120.613398° | F69: 14.77 | G69: Silty Sand | H69: SM | I69: 31.3 | J69: 3 | K69: 16 | M69: 0.2207 | N69: 0 | O69: 3 | P69: 19 | Q69: 30-32 | R69: 12 | S69: 0.3361 | U69: 0.3g (PHIVOLCS: 500-yr RP; STIFF SOIL) | W69: 15
A70: San Manuel | B70: BH-69 | C70: SS-6 | D70: 15.797873° | E70: 120.609780° | F70: 19.34 | G70: Clayey Silt | H70: MH | I70: 30 | J70: 0.4 | K70: 14 | L70: 0.232 | M70: 0.3584 | O70: 0.4 | P70: 16.8 | Q70: 22.5 | R70: 10.5 | S70: 0.6788 | U70: 0.4g (RP: 500-yr; STIFF SOIL) | W70: 12
A71: San Manuel | B71: BH-70 | C71: SS-6 | D71: 15.799033° | E71: 120.611473° | F71: 17.82 | G71: Silty Sand | H71: SM | I71: 29.9 | J71: 1.1 | K71: 15 | M71: 0.1862 | N71: 0.19 | O71: 1.1 | P71: 20 | Q71: 31 | R71: 11.25 | S71: 0.3379 | U71: 0.4g (RP: 500-yr; STIFF SOIL) | W71: 15
A72: San Manuel | B72: BH-71 | C72: SS-6 | D72: 15.800020° | E72: 120.611164° | F72: 16.6 | G72: Silty Sand | H72: SM | I72: 29.9 | J72: 2.5 | K72: 41 | M72: 0.2299 | N72: 0.21 | O72: 2.5 | P72: 20 | Q72: 37 | R72: 30.75 | S72: 0.3148 | U72: 0.4g (RP: 500-yr; STIFF SOIL) | W72: 20
A73: Victoria | B73: BH-72 | C73: SS-6 | D73: 15.535479° | E73: 120.689187° | F73: 15.68 | G73: Silty Sand | H73: SM | I73: 19.4 | J73: 6 | K73: 60 | M73: 0.2205 | N73: 0 | O73: 6 | P73: 20 | Q73: 32-35 | R73: 45 | S73: 0.3361 | U73: 0.3g (RP: 500-yr; STIFF SOIL) | W73: 20
A74: Victoria | B74: BH-73 | C74: SS-6 | D74: 15.535636° | E74: 120.689206° | F74: 15.38 | G74: Silty Sand | H74: SM | I74: 19.4 | J74: 6 | K74: 60 | M74: 0.1877 | N74: 0 | O74: 6 | P74: 21 | Q74: 32-35 | R74: 45 | S74: 0.342 | U74: 0.3g (RP: 500-yr; STIFF SOIL) | W74: 20
A75: Victoria | B75: BH-74 | C75: SS-6 | D75: 15.597176° | E75: 120.664616° | F75: 15.38 | G75: Sandy Silt | H75: ML | I75: 19.6 | J75: 3 | K75: 28 | L75: 0.1668 | M75: 0.2899 | N75: 0 | O75: 3 | P75: 18 | Q75: 25 | R75: 21 | S75: 0.5389 | U75: 0.3g (RP: 500-yr; STIFF SOIL) | W75: 15
A76: Victoria | B76: BH-75 | C76: SS-6 | D76: 15.597202° | E76: 120.664573° | F76: 15.38 | G76: Sandy Silt | H76: ML | I76: 19.6 | J76: 3 | K76: 38 | L76: 0.1738 | M76: 0.2524 | N76: 0 | O76: 3 | P76: 18 | Q76: 25 | R76: 28.5 | S76: 0.5709 | U76: 0.3g (RP: 500-yr; STIFF SOIL) | W76: 15
A77: Victoria | B77: BH-76 | C77: SS-6 | D77: 15.589208° | E77: 120.698247° | F77: 14.46 | G77: Sandy Silt | H77: ML | I77: 22.2 | J77: 1.1 | K77: 12 | L77: 0.1889 | M77: 0.2702 | O77: 1.1 | P77: 18 | Q77: 25 | R77: 12 | S77: 0.5552 | U77: 0.4g (RP: 500-yr; STIFF SOIL) | W77: 15
A78: Victoria | B78: BH-77 | C78: SS-6 | D78: 15.596175° | E78: 120.698729° | F78: 11.72 | G78: Sandy Silt | H78: ML | I78: 22.6 | J78: 3 | K78: 18 | L78: 0.135 | M78: 0.2528 | O78: 3 | P78: 18 | Q78: 25 | R78: 14 | S78: 0.536 | U78: 0.4g (RP: 500-yr; STIFF SOIL) | W78: 15
A79: Victoria | B79: BH-78 | C79: SS-6 | D79: 15.558353° | E79: 120.689713° | F79: 12.94 | G79: Clayey Silt | H79: MH | I79: 20 | J79: 1.5 | K79: 18 | L79: 0.25 | M79: 0.3423 | N79: 0 | O79: 1.5 | P79: 17 | Q79: 22.5 | R79: 14 | S79: 0.678 | U79: 0.3g (RP: 500-yr; STIFF SOIL) | W79: 12
A80: Victoria | B80: BH-79 | C80: SS-6 | D80: 15.558274° | E80: 120.689610° | F80: 12.94 | G80: Clayey Silt | H80: MH | I80: 20 | J80: 1.5 | K80: 31 | L80: 0.27 | M80: 0.3416 | N80: 0 | O80: 1.5 | P80: 17 | Q80: 22.5 | R80: 23 | S80: 0.7 | U80: 0.3g (RP: 500-yr; STIFF SOIL) | W80: 12
A81: Victoria | B81: BH-80 | C81: SS-6 | D81: 15.543797° | E81: 120.681065° | F81: 15.07 | G81: Silty Sand | H81: SM | I81: 18.6 | J81: 6 | K81: 34 | M81: 0.1939 | N81: 0 | O81: 6 | P81: 20 | Q81: 32-35 | R81: 25.5 | S81: 0.3316 | U81: 0.3g (RP: 500-yr; STIFF SOIL) | W81: 20
A82: Victoria | B82: BH-81 | C82: SS-6 | D82: 15.543676° | E82: 120.681087° | F82: 15.38 | G82: Silty Sand | H82: SM | I82: 18.6 | J82: 6 | K82: 36 | M82: 0.1356 | N82: 0 | O82: 6 | P82: 21 | Q82: 32-35 | R82: 27 | S82: 0.3464 | U82: 0.3g (RP: 500-yr; STIFF SOIL) | W82: 20
A83: Tarlac City | B83: BH-82 | C83: SS-6 | D83: 15.4297 | E83: 120.64 | G83: silty sand | H83: SM | I83: 11.9 | J83: 1.3 | K83: 0.31 | L83: 0 | M83: 17 | O83: 1.3 | P83: 18.1 | Q83: 29.5 | R83: 33 | S83: 10 | T83: loose to medium dense | U83: 0.35g (RP: 475-yr; STIFF Soil)
A84: Tarlac City | B84: BH-83 | C84: SS-6 | D84: 15.48974 | E84: 120.59 | F84: 39.7 | G84: sandy silt | H84: ML | I84: 7.9 | J84: 4.5 | K84: 0.28 | L84: 0.1398 | M84: 27.87 | O84: 4.5 | P84: 21 | Q84: 27.5 | S84: 52.23 | W84: 25000
A85: Tarlac City | B85: BH-84 | C85: SS-6 | D85: 15.48961 | E85: 120.59 | F85: 40 | G85: sandy silt | H85: ML | I85: 7.9 | J85: 4.5 | K85: 0.49 | L85: 0.1289 | M85: 26.9 | O85: 6 | P85: 21 | Q85: 27.5 | S85: 56.21 | W85: 50000
A86: Tarlac City | B86: BH-85 | C86: SS-6 | D86: 15.48394 | E86: 120.618 | F86: 30.9 | G86: silty sand | H86: SM | I86: 10.9 | J86: 1 | K86: 86 | M86: 23.12 | O86: 1 | P86: 21 | Q86: 37.5 | S86: 25 | W86: 70000
A87: Tarlac City | B87: BH-86 | C87: SS-6 | D87: 15.46881 | E87: 120.6532 | F87: 19.9 | G87: silty sand | H87: SM | I87: 13.5 | J87: 3 | K87: 50 | M87: 13.5 | O87: 3 | P87: 21 | Q87: 35 | S87: 13.82 | W87: 35000
B88: BH-87
B89: BH-88
B90: BH-89
B91: BH-90
B92: BH-91
B93: BH-92
B94: BH-93
B95: BH-94
B96: BH-95
B97: BH-96
B98: BH-97
B99: BH-98
... B103: BH-102

Sheet 9.0m-10.5m
A1: Municipality | B1: Borehole ID | C1: Sample No. | D1: Latitude | E1: Longitude | F1: Elevation | G1: Soil/Rock Description | H1: USCS Symbol | I1: Fault Distance (km) | J1: Ground Water Table | K1: SPT N-Value | L1: Plasticity Index (PI) | M1: Natural Water Content (ω) | N1: Mean Particle Size (D50) (mm) | O1: Groundwater Level (m) | P1: Unit Weight (γ) | Q1: Foundation Width (B) | R1: Foundation Depth (D) | S1: Internal Friction Angle | T1: Length-to-width ratio (L/B) | U1: Corrected SPT-N Value (N1(60)) | V1: Fines Content | W1: Effective Overburden Presssure | X1: Total Overburden Pressure | Y1: Relative Density | Z1: Peak Ground Acceleration | AA1: Cyclic Stress Ratio (CSR) | AB1: Elastic Modulus (Es) (MN/
A2: Anao | B2: BH-1 | C2: SS-7 | D2: 15.715506° | E2: 120.623904° | F2: 7.78 | G2: Sandy Silt | H2: ML | I2: 26.3 | J2: 28.5 | K2: 18 | L2: 0.1495 | M2: 0.2895 | N2: 14.95 | O2: 28.5 | P2: 20 | Q2: 27.5 | R2: 13.5 | S2: 0.574 | U2: 0.4g (RP: 500-yr; STIFF Soil) | V2: 10000 to 30000
A3: Anao | B3: BH-2 | C3: SS-7 | D3: 15.759126° | E3: 120.600236° | F3: 18.15 | G3: Silty Sand | H3: SM | I3: 30.8 | J3: 1.5 | K3: 16 | M3: 0.1744 | N3: 0 | O3: 1.5 | P3: 21 | Q3: 30 | R3: 12 | S3: 0.2979 | U3: 0.3g (RP: 500-yr; STIFF Soil) | V3: 15000
A4: Anao | B4: BH-3 | C4: SS-7 | D4: 15.759537° | E4: 120.600182° | F4: 14.49 | G4: Silty Sand | H4: SM | I4: 30.8 | J4: 1.5 | K4: 25 | M4: 0.2194 | N4: 0 | O4: 1.5 | P4: 20 | Q4: 30 | R4: 18.75 | S4: 0.3445 | U4: 0.3g (RP: 500-yr; STIFF Soil) | V4: 15000
A5: Camiling | B5: BH-4 | C5: SS-7 | D5: 15.686632° | E5: 120.412972° | F5: 7.48 | G5: Clayey Silt | H5: MH | I5: 7.6 | J5: 4.5 | K5: 40 | L5: 0.256 | M5: 0.3553 | O5: 4.5 | P5: 16.9 | Q5: 27.5 | S5: 0.626 | U5: 0.4g (RP: 500-yr; STIFF Soil) | V5: 20
A6: Camiling | B6: BH-5 | C6: SS-7 | D6: 15.686638° | E6: 120.413130° | F6: 7.78 | G6: Clayey Silt | H6: MH | I6: 7.6 | J6: 5 | K6: 47 | L6: 0.232 | M6: 0.3411 | O6: 5 | P6: 17.2 | Q6: 27.5 | S6: 0.634 | U6: 0.4g (RP: 500-yr; STIFF Soil) | V6: 20
A7: Camiling | B7: BH-6 | C7: SS-7 | D7: 15.686652° | E7: 120.412968° | F7: 7.17 | G7: Brown, Clayey Silt of medium plasticity | H7: MH | I7: 8.3 | J7: 6 | K7: 28 | L7: 0.241 | M7: 0.3619 | O7: 6 | P7: 21 | Q7: 27.5 | S7: 0.654 | U7: 0.4g | V7: 15-40
A8: Camiling | B8: BH-7 | C8: SS-7 | D8: 15.686296° | E8: 120.412971° | F8: 8.09 | G8: Brown, Clayey Silt of medium plasticity | H8: MH | I8: 8.3 | J8: 7 | K8: 18 | L8: 0.255 | M8: 0.332 | O8: 7 | P8: 21 | Q8: 27.5 | S8: 0.677 | U8: 0.4g | V8: 15-40
A9: Camiling | B9: BH-8 | C9: SS-7 | D9: 15.686062° | E9: 120.412563° | F9: 8.09 | G9: Brown, Clayey Silt of medium plasticity | H9: MH | I9: 8.3 | J9: 7 | K9: 22 | L9: 0.231 | M9: 0.3284 | O9: 7 | P9: 21 | Q9: 27.5 | S9: 0.662 | U9: 0.4g | V9: 15-40
A10: Camiling | B10: BH-9 | C10: SS-7 | D10: 15.732336° | E10: 120.434617° | F10: 2.3 | G10: Silty Sand | H10: SM | I10: 11.3 | J10: 4.3 | K10: 13 | M10: 0.1561 | N10: 0 | O10: 4.3 | P10: 21 | Q10: 27.5-30 | R10: 10 | S10: 0.226 | U10: 0.2g (RP:500-yr; ROCK SITE) | V10: 10
A11: Camiling | B11: BH-10 | C11: SS-7 | D11: 15.656521° | E11: 120.400915° | F11: 5.42 | G11: Sandy Silt | H11: ML | I11: 4.8 | J11: 6 | K11: 63 | L11: 0.15 | M11: 0.2173 | O11: 6 | P11: 18.4 | Q11: 27.5 | R11: 47 | S11: 0.59 | U11: 0.4g | V11: 20
A12: Gerona | B12: BH-11 | C12: SS-7 | D12: 15.635467° | E12: 120.624711° | F12: 15.4 | G12: Clayey Silt | H12: MH | I12: 19 | J12: 7.5 | K12: 41 | L12: 0.233 | M12: 0.3898 | N12: 0 | O12: 7.5 | P12: 17 | Q12: 27.5 | R12: 31 | S12: 0.649 | U12: 0.3g (RP: 500-yr; STIFF Soil) | V12: 20000
A13: Gerona | B13: BH-12 | C13: SS-7 | D13: 15.635408° | E13: 120.624588° | F13: 14.79 | G13: Clayey Silt | H13: MH | I13: 19 | J13: 7.5 | K13: 42 | L13: 0.25 | M13: 0.3718 | N13: 0 | O13: 7.5 | P13: 17 | Q13: 27.5 | R13: 32 | S13: 0.675 | U13: 0.3g (RP: 500-yr; STIFF Soil) | V13: 20000
A14: Gerona | B14: BH-13 | C14: SS-7 | D14: 15.555744° | E14: 120.600555° | F14: 22.11 | G14: Silty Sand | H14: SM | I14: 11.3 | J14: 3 | K14: 39 | M14: 0.2331 | N14: 0 | O14: 3 | P14: 0 | Q14: 32-35 | R14: 29.25 | S14: 0.257 | U14: 0.3g (RP: 500-yr; STIFF Soil) | V14: 20000
A15: Gerona | B15: BH-14 | C15: SS-7 | D15: 15.555718° | E15: 120.600598° | F15: 22.11 | G15: Silty Sand | H15: SM | I15: 11.3 | J15: 3 | K15: 40 | M15: 0.2249 | N15: 0 | O15: 3 | P15: 19 | Q15: 32-35 | R15: 30 | S15: 0.239 | U15: 0.3g (RP: 500-yr; STIFF Soil) | V15: 20000
A16: Gerona | B16: BH-15 | C16: SS-7 | D16: 15.592509° | E16: 120.620622° | F16: 22.41 | G16: Silty Sand | H16: SM | I16: 15.5 | J16: 3 | K16: 37 | M16: 0.2156 | N16: 0 | O16: 3 | P16: 20 | Q16: 32-35 | R16: 28 | S16: 0.261 | U16: 0.3g (RP: 500-yr; STIFF Soil) | V16: 20000
A17: Gerona | B17: BH-16 | C17: SS-7 | D17: 15.592510° | E17: 120.620552° | F17: 22.4 | G17: Silty Sand | H17: SM | I17: 15.5 | J17: 3 | K17: 34 | M17: 0.1724 | N17: 0 | O17: 3 | P17: 20 | Q17: 32-35 | R17: 26 | S17: 0.245 | U17: 0.3g (RP: 500-yr; STIFF Soil) | V17: 20000
A18: Gerona | B18: BH-17 | C18: SS-7 | D18: 15.556476° | E18: 120.573764° | F18: 22.41 | G18: Silty Sand | H18: SM | I18: 9 | J18: N.E | K18: 43 | M18: 0.1675 | N18: 0 | O18: N.E | P18: 19 | Q18: 32-35 | R18: 32 | S18: 0.248 | U18: 0.3g (RP: 500-yr; STIFF Soil) | V18: 20000
A19: Gerona | B19: BH-18 | C19: SS-7 | D19: 15.556501° | E19: 120.573845° | F19: 22.41 | G19: Silty Sand | H19: SM | I19: 9 | J19: N.E | K19: 41 | M19: 0.1414 | N19: 0 | O19: N.E | P19: 20 | Q19: 32-35 | R19: 31 | S19: 0.216 | U19: 0.3g (RP: 500-yr; STIFF Soil) | V19: 20000
A20: Gerona | B20: BH-19 | C20: SS-7 | D20: 15.578777° | E20: 120.573149° | F20: 19.06 | G20: Clayey Silt | H20: MH | I20: 11.1 | J20: 12 | K20: 25 | L20: 0.2197 | M20: 0.3499 | N20: 0 | O20: 12 | P20: 17 | Q20: 25 | R20: 18.75 | S20: 0.6213 | U20: 0.3g (RP: 500-yr; STIFF Soil) | V20: 15000
A21: Gerona | B21: BH-20 | C21: SS-7 | D21: 15.578761° | E21: 120.573483° | F21: 19.98 | G21: Clayey Silt | H21: MH | I21: 11.1 | J21: 4.5 | K21: 35 | L21: 0.2667 | M21: 0.3453 | N21: 0 | O21: 4.5 | P21: 17 | Q21: 25 | R21: 26.25 | S21: 0.609 | U21: 0.3g (RP: 500-yr; STIFF Soil) | V21: 15000
A22: Gerona | B22: BH-21 | C22: SS-7 | D22: 15.600169° | E22: 120.544751° | F22: 13.57 | G22: Clayey Silt | H22: MH | I22: 11.1 | J22: N.E | K22: 48 | L22: 0.25 | M22: 0.3323 | N22: 0 | O22: N.E | P22: 17 | Q22: 27.5 | R22: 36 | S22: 0.627 | U22: 0.3g (RP: 500-yr; STIFF Soil) | V22: 20000
A23: Gerona | B23: BH-22 | C23: SS-7 | D23: 15.600168° | E23: 120.544618° | F23: 13.57 | G23: Clayey Silt | H23: MH | I23: 11.1 | J23: N.E | K23: 47 | L23: 0.26 | M23: 0.3438 | N23: 0 | O23: N.E | P23: 17 | Q23: 27.5 | R23: 35 | S23: 0.625 | U23: 0.3g (RP: 500-yr; STIFF Soil) | V23: 20000
A24: Gerona | B24: BH-23 | C24: SS-7 | D24: 15.589244° | E24: 120.597051° | F24: 20.46 | G24: Silty Sand | H24: SM | I24: 13.3 | J24: 2.5 | K24: 52 | M24: 0.1518 | N24: 0 | O24: 2.5 | P24: 21 | Q24: 32-35 | R24: 39 | S24: 0.26 | U24: 0.3g (RP: 500-yr; STIFF Soil) | V24: 20000
A25: Gerona | B25: BH-24 | C25: SS-7 | D25: 15.58917° | E25: 120.597011° | F25: 20.16 | G25: Silty Sand | H25: SM | I25: 13.3 | J25: 2.5 | K25: 50 | M25: 0.1432 | N25: 0 | O25: 2.5 | P25: 21 | Q25: 32-35 | R25: 38 | S25: 0.27 | U25: 0.3g (RP: 500-yr; STIFF Soil) | V25: 20000
A26: Gerona | B26: BH-25 | C26: SS-7 | D26: 15.555633° | E26: 120.608133° | F26: 21.8 | G26: Silty Sand | H26: SM | I26: 12 | J26: 2 | K26: 49 | M26: 0.1871 | N26: 0 | O26: 2 | P26: 20 | Q26: 32-35 | R26: 36.75 | S26: 0.25 | U26: 0.3g (RP: 500-yr; STIFF Soil) | V26: 20000
A27: Gerona | B27: BH-26 | C27: SS-7 | D27: 15.555650° | E27: 120.608052° | F27: 21.8 | G27: Silty Sand | H27: SM | I27: 12 | J27: 2 | K27: 36 | M27: 0.2453 | N27: 0 | O27: 2 | P27: 19 | Q27: 32-35 | R27: 27 | S27: 0.34 | U27: 0.3g (RP: 500-yr; STIFF Soil) | V27: 20000
A28: Gerona | B28: BH-27 | C28: SS-5 | D28: 15.596727° | E28: 120.608189° | F28: 22.72 | G28: Silty Sand | H28: SM | I28: 24.2 | J28: 1.5 | K28: 611 | M28: 0.1511 | N28: 0 | O28: 1.5 | P28: 21 | Q28: 32-35 | R28: 46 | S28: 0.274 | U28: 0.3g (RP: 500-yr; STIFF Soil) | V28: 20000
A29: Gerona | B29: BH-28 | C29: SS-3 | D29: 15.572991° | E29: 120.551964° | F29: 30.94 | G29: Silty Sand | H29: SM | I29: 9.3 | J29: 10 | K29: 85 | L29: 0 | M29: 0.2067 | N29: 0.28 | O29: 10 | P29: 20.3 | Q29: 40 | S29: 0.17 | U29: 0.4g (RP: 500-yr; ROCK Site) | V29: 25000
A30: Gerona | B30: BH-29 | C30: SS-1 | D30: 15.573001° | E30: 120.551884° | F30: 30.64 | G30: Silty Sand | H30: SM | I30: 9.3 | J30: 10.5 | K30: 77 | L30: 0 | M30: 0.2449 | N30: 0..21 | O30: 10.5 | P30: 19.3 | Q30: 40 | S30: 0.33 | U30: 0.4g (RP: 500-yr; ROCK Site) | V30: 25000
A31: Gerona | B31: BH-30 | C31: SS-7 | D31: 15.602424° | E31: 120.593012° | F31: 23.02 | G31: Silty Sand | H31: SM | I31: 11.1 | J31: 4.5 | K31: 38 | M31: 0.1587 | N31: 0 | O31: 4.5 | P31: 21 | Q31: 32-35 | R31: 29 | S31: 0.295 | U31: 0.3g (RP: 500-yr; STIFF Soil) | V31: 20000
A32: Gerona | B32: BH-31 | C32: SS-7 | D32: 15.602593° | E32: 120.593001° | F32: 23.63 | G32: Silty Sand | H32: SM | I32: 11.1 | J32: 4.5 | K32: 47 | M32: 0.1522 | N32: 0 | O32: 4.5 | P32: 0 | Q32: 32-35 | R32: 35 | S32: 0.297 | U32: 0.3g (RP: 500-yr; STIFF Soil) | V32: 20000
A33: Moncada | B33: BH-32 | C33: SS-7 | D33: 15.745085° | E33: 120.576019° | F33: 13.3 | G33: Sandy Silt | H33: ML | I33: 26.5 | J33: 2 | K33: 45 | L33: 0.16 | M33: 0.2457 | O33: 2 | P33: 21 | Q33: 27.5 | S33: 0.59 | U33: 0.3g | V33: 30-80
A34: Moncada | B34: BH-33 | C34: SS-7 | D34: 15.744907° | E34: 120.576261° | F34: 14.2 | G34: Sandy Silt | H34: ML | I34: 26.5 | J34: 2 | K34: 35 | L34: 0.17 | M34: 0.2749 | O34: 2 | P34: 21 | Q34: 27.5 | S34: 0.54 | U34: 0.3g | V34: 30-80
A35: Moncada | B35: BH-34 | C35: SS-7 | D35: 15.769566° | E35: 120.575766° | F35: 11.4 | G35: Silty Sand | H35: SM | I35: 27 | J35: 1.05 | K35: 29 | M35: 0.2143 | O35: 1.05 | P35: 21 | Q35: 35 | S35: 0.3427 | V35: 20-50
A36: Moncada | B36: BH-35 | C36: SS-7 | D36: 15.769692° | E36: 120.575525° | F36: 10.8 | G36: Silty Sand | H36: SM | I36: 27 | J36: 1 | K36: 26 | M36: 0.1911 | O36: 1 | P36: 21 | Q36: 35 | S36: 0.2566 | V36: 20-50
A37: Moncada | B37: BH-36 | C37: SS-7 | D37: 15.808724° | E37: 120.571566° | F37: 12.7 | G37: Sandy Silt | H37: ML | I37: 28.5 | J37: 1 | K37: 18 | L37: 0.146 | M37: 0.2764 | O37: 1 | P37: 21 | Q37: 27.5 | S37: 0.552 | V37: 15-40
A38: Moncada | B38: BH-37 | C38: SS-7 | D38: 15.808848° | E38: 120.571571° | F38: 12.7 | G38: Sandy Silt | H38: ML | I38: 28.5 | J38: 1 | K38: 28 | L38: 0.133 | M38: 0.2712 | O38: 1 | P38: 21 | Q38: 27.5 | S38: 0.518 | V38: 15-40
A39: Moncada | B39: BH-38 | C39: SS-7 | D39: 15.737812° | E39: 120.577325° | F39: 245.4 | G39: Sandy Silt | H39: ML | I39: 26.1 | J39: 6 | K39: 25 | L39: 0.1757 | M39: 0.258 | O39: 6 | P39: 21 | Q39: 27.5 | S39: 0.5257 | V39: 15-40
A40: Moncada | B40: BH-39 | C40: SS-7 | D40: 15.737879° | E40: 120.577483° | F40: 245.4 | G40: Sandy Silt | H40: ML | I40: 26.1 | J40: 6 | K40: 22 | L40: 0.1876 | M40: 0.2781 | O40: 6 | P40: 21 | Q40: 27.5 | S40: 0.5344 | V40: 15-40
A41: Moncada | B41: BH-40 | C41: SS-7 | D41: 15.744291° | E41: 120.596494° | F41: 12.05 | G41: Clayey Silt | H41: MH | I41: 27.3 | J41: N.E. | K41: 28 | L41: 0.2252 | M41: 0.3635 | N41: 0 | O41: N.E. | P41: 17 | Q41: 25 | R41: 21 | S41: 0.6135 | U41: 0.3g (RP: 500-yr; STIFF SOIL) | V41: 15
A42: Moncada | B42: BH-41 | C42: SS-7 | D42: 15.744070° | E42: 120.597089° | F42: 11.44 | G42: Clayey Silt | H42: MH | I42: 27.3 | J42: N.E. | K42: 25 | L42: 0.2568 | M42: 0.3246 | N42: 0 | O42: N.E. | P42: 17 | Q42: 25 | R42: 18.75 | S42: 0.606 | U42: 0.3g (RP: 500-yr; STIFF SOIL) | V42: 15
A43: Paniqui | B43: BH-42 | C43: SS-7 | D43: 15.645909° | E43: 120.529080° | F43: 9.61 | G43: Sandy Silt | H43: ML | I43: 15.1 | J43: 6 | K43: 40 | L43: 0.157 | M43: 0.2816 | O43: 6 | P43: 17.7 | Q43: 25 | R43: 30 | S43: 0.554 | U43: 0.4g (RP: 500-yr; STIFF Soil) | V43: 15000
A44: Paniqui | B44: BH-43 | C44: SS-7 | D44: 15.664740° | E44: 120.555608° | F44: 12.96 | G44: Silty Sand | H44: SM | I44: 18.2 | J44: 2 | K44: 21 | M44: 0.2484 | N44: 0 | O44: 2 | P44: 18 | Q44: 30-32 | R44: 15.75 | S44: 0.266 | U44: 0.3g (RP: 500-yr; STIFF Soil) | V44: 15000
A45: Paniqui | B45: BH-44 | C45: SS-7 | D45: 15.664765° | E45: 120.55554° | F45: 12.96 | G45: Silty Sand | H45: SM | I45: 18.2 | J45: 2 | K45: 18 | L45: 0.28 | M45: 0.2617 | N45: 0 | O45: 2 | P45: 18 | Q45: 30-32 | R45: 13.5 | S45: 0.235 | U45: 0.3g (RP: 500-yr; STIFF Soil) | V45: 15000
A46: Paniqui | B46: BH-45 | C46: SS-7 | D46: 15.642894° | E46: 120.528764° | F46: 12.66 | G46: Silty Sand | H46: SM | I46: 15.2 | J46: 3 | K46: 38 | M46: 0.1824 | N46: 0.25 | O46: 3 | P46: 20.1 | Q46: 37 | R46: 28.5 | S46: 0.3053 | U46: 0.3g to 0.4g (RP: 500-yr; STIFF Soil) | V46: 20000
A47: Paniqui | B47: BH-46 | C47: SS-7 | D47: 15.636114° | E47: 120.543763° | F47: 16.6 | G47: Clayey Silt | H47: MH | I47: 16 | J47: 3 | K47: 28 | L47: 0.255 | M47: 0.3526 | O47: 3 | P47: 21 | Q47: 27.5 | S47: 0.663 | U47: 0.3g (RP: 500-yr; STIFF Soil) | V47: 15000 to 40000
A48: Paniqui | B48: BH-47 | C48: SS-7 | D48: 15.636527° | E48: 120.543634° | F48: 16.3 | G48: Silty Sand | H48: SM | I48: 16 | J48: 3 | K48: 34 | M48: 0.1571 | O48: 3 | P48: 21 | Q48: 35 | S48: 0.252 | U48: 0.3g (RP: 500-yr; STIFF Soil) | V48: 20000 to 50000
A49: Paniqui | B49: BH-48 | C49: SS-7 | D49: 15.691076° | E49: 120.553470° | F49: 14.18 | G49: Silty Clay | H49: CH | I49: 20.1 | J49: 3 | K49: 17 | L49: 0.3223 | M49: 0.4993 | N49: 0 | O49: 3 | P49: 16 | Q49: 20 | R49: 12.5 | S49: 0.8174 | U49: 0.3g (RP: 500-yr; STIFF Soil) | V49: 25000
A50: Paniqui | B50: BH-49 | C50: SS-7 | D50: 15.693865° | E50: 120.551974° | F50: 11.75 | G50: Silty Clay | H50: CH | I50: 20.2 | J50: 1 | K50: 17 | L50: 0.332 | M50: 0.3593 | O50: 1 | P50: 18 | Q50: 20 | R50: 13 | S50: 0.863 | U50: 0.3g (RP: 500-yr; STIFF Soil) | V50: 25000
A51: Paniqui | B51: BH-50 | C51: SS-7 | D51: 15.677637° | E51: 120.58916° | F51: 9.6 | G51: Poorly Graded Sand | H51: SP | I51: 22.2 | J51: 3 | K51: 25 | M51: 0.1429 | O51: 3 | P51: 21 | Q51: 35 | S51: 0.032 | U51: 0.3g (RP: 500-yr; STIFF Soil) | V51: 20000 to 50000
A52: Paniqui | B52: BH-51 | C52: SS-7 | D52: 15.677583° | E52: 120.589097° | F52: 9.6 | G52: Clayey Silt | H52: MH | I52: 22.2 | J52: 3 | K52: 33 | L52: 0.27 | M52: 0.3636 | O52: 3 | P52: 21 | Q52: 27.5 | S52: 0.68 | U52: 0.3g (RP: 500-yr; STIFF Soil) | V52: 30000 to 80000
A53: Paniqui | B53: BH-52 | C53: SS-7 | D53: 15.668819° | E53: 120.584161° | G53: Silty Sand | H53: SM | I53: 18 | J53: 1 | K53: 95 | L53: NP | O53: 1 | P53: 21.612 | R53: 64.263 | S53: 0.4881 | U53: 0.5g (RP: 500-yr; STIFF Soil)
A54: Paniqui | B54: BH-53 | C54: SS-7 | D54: 15.669577° | E54: 120.580887° | G54: Silty Sand | H54: SM | I54: 18 | J54: 1 | K54: 24 | L54: 1 | O54: 1 | P54: 22.51 | R54: 15.631 | S54: 0.6429 | U54: 0.5g (RP: 500-yr; STIFF Soil)
A55: Paniqui | B55: BH-54 | C55: SS-7 | D55: 15.669652° | E55: 120.580584° | G55: Silty Sand | H55: SM | I55: 18 | J55: 1 | K55: 95 | L55: NP | O55: 1 | P55: 20.508 | R55: 67.469 | S55: 0.4731 | U55: 0.5g (RP: 500-yr; STIFF Soil)
A56: Pura | B56: BH-55 | C56: SS-7 | D56: 15.625795° | E56: 120.650289° | F56: 16.62 | G56: Clayey Silt | H56: MH | I56: 20.3 | J56: 6 | K56: 20 | L56: 0.229 | M56: 0.3906 | N56: 0 | O56: 6 | P56: 17 | Q56: 22.5 | R56: 15 | S56: 0.6384 | U56: 0.3g (RP: 500-yr; STIFF SOIL) | V56: 12
A57: Pura | B57: BH-56 | C57: SS-7 | D57: 15.625836° | E57: 120.650662° | F57: 16.01 | G57: Clayey Silt | H57: MH | I57: 20.3 | J57: 6 | K57: 21 | L57: 0.2353 | M57: 0.3311 | N57: 0 | O57: 6 | P57: 17 | Q57: 22.5 | R57: 15.75 | S57: 0.6368 | U57: 0.3g (RP: 500-yr; STIFF SOIL) | V57: 12
A58: Pura | B58: BH-57 | C58: SS-7 | D58: 15.643867° | E58: 120.672856° | F58: 12.05 | G58: Sandy Silt | H58: ML | I58: 23.4 | J58: 3 | K58: 12 | L58: 0.1846 | M58: 0.2299 | O58: 3 | P58: 18.3 | Q58: 22.5 | R58: 12 | S58: 0.5838 | U58: 0.4g (RP: 500-yr; STIFF SOIL) | V58: 12
A59: Ramos | B59: BH-58 | C59: SS-7 | D59: 15.686441° | E59: 120.635555° | F59: 0.16 | G59: Clayey Silt | H59: MH | I59: 24.2 | J59: 3 | K59: 25 | L59: 0.2759 | M59: 0.3305 | N59: 0 | O59: 3 | P59: 17 | Q59: 25 | R59: 18.75 | S59: 0.631 | U59: 0.3g (RP: 500-yr; STIFF SOIL) | V59: 15
A60: Ramos | B60: BH-59 | C60: SS-7 | D60: 15.666889° | E60: 120.642879° | F60: 12.36 | G60: Clayey Silt | H60: MH | I60: 23 | J60: 1 | K60: 18 | L60: 0.2494 | M60: 34.52 | O60: 1 | P60: 17 | Q60: 22.5 | R60: 13.5 | S60: 0.666 | U60: 0.3g (RP: 500-yr; STIFF SOIL) | V60: 12
A61: Ramos | B61: BH-60 | C61: SS-7 | D61: 15.684023° | E61: 120.639705° | F61: 8.09 | G61: Clayey Silt | H61: MH | I61: 24.2 | J61: 21 | K61: 27 | L61: 0.0149 | M61: 0.3738 | N61: 0 | O61: 21 | P61: 17 | Q61: 25 | R61: 20.25 | S61: 0.6856 | U61: 0.3g (RP: 500-yr; STIFF SOIL) | V61: 15
A62: Ramos | B62: BH-61 | C62: SS-7 | D62: 15.685089° | E62: 120.637294° | F62: 12.36 | G62: Silty Sand | H62: SM | I62: 24.2 | J62: 1 | K62: 19 | L62: 0 | M62: 0.2302 | N62: 0.2 | O62: 1 | P62: 19.3 | Q62: 32 | R62: 14.25 | S62: 0.2137 | U62: 0.4g (RP: 500-yr; STIFF SOIL) | V62: 15
A63: San Manuel | B63: BH-62 | C63: SS-7 | D63: 15.786314° | E63: 120.605458° | F63: 16.62 | G63: Silty Sand | H63: SM | I63: 30.8 | J63: 3.5 | K63: 28 | M63: 0.1719 | N63: 0 | O63: 3.5 | P63: 20 | Q63: 30-32 | R63: 21 | S63: 0.236 | U63: 0.3g (RP: 500-yr; STIFF SOIL) | V63: 15
A64: San Manuel | B64: BH-63 | C64: SS-7 | D64: 15.786300° | E64: 120.605656° | F64: 15.4 | G64: Silty Sand | H64: SM | I64: 30.8 | J64: 4.5 | K64: 28 | M64: 0.1706 | N64: 0 | O64: 4.5 | P64: 20 | Q64: 30-32 | R64: 21 | S64: 0.243 | U64: 0.3g (RP: 500-yr; STIFF SOIL) | V64: 15
A65: San Manuel | B65: BH-64 | C65: SS-7 | D65: 15.798112° | E65: 120.611316° | F65: 19.37 | G65: Sandy Silt | H65: ML | I65: 30 | J65: N.E. | K65: 53 | L65: 0.132 | M65: 0.532 | N65: 0 | O65: N.E. | P65: 18 | Q65: 27.5 | R65: 40 | S65: 0.523 | U65: 0.4g (RP: 500-yr; STIFF SOIL) | V65: 20
A66: San Manuel | B66: BH-65 | C66: SS-7 | D66: 15.798144° | E66: 120.611495° | F66: 19.67 | G66: Sandy Silt | H66: ML | I66: 30 | J66: N.E. | K66: 43 | L66: 0.148 | M66: 0.2912 | N66: 0 | O66: N.E. | P66: 18 | Q66: 27.5 | R66: 32 | S66: 0.54 | U66: 0.4g (RP: 500-yr; STIFF SOIL) | V66: 20
A67: San Manuel | B67: BH-66 | C67: SS-7 | D67: 15.785400° | E67: 120.613728° | F67: 12.36 | G67: Silty Sand | H67: SM | I67: 31.3 | J67: 5 | K67: 29 | M67: 0.2315 | N67: 0 | O67: 5 | P67: 20 | Q67: 30-32 | R67: 21.75 | S67: 0.2546 | U67: 0.3g (PHIVOLCS: 500-yr RP; STIFF SOIL) | V67: 15
A68: San Manuel | B68: BH-67 | C68: SS-7 | D68: 15.785383° | E68: 120.613613° | F68: 12.05 | G68: Silty Sand | H68: SM | I68: 31.3 | J68: 3 | K68: 33 | M68: 0.2211 | N68: 0 | O68: 3 | P68: 19 | Q68: 30-32 | R68: 24.75 | S68: 0.3419 | U68: 0.3g (PHIVOLCS: 500-yr RP; STIFF SOIL) | V68: 15
A69: San Manuel | B69: BH-68 | C69: SS-7 | D69: 15.785220° | E69: 120.613398° | F69: 13.27 | G69: Silty Sand | H69: SM | I69: 31.3 | J69: 3 | K69: 19 | M69: 0.22 | N69: 0 | O69: 3 | P69: 19 | Q69: 30-32 | R69: 14.25 | S69: 0.331 | U69: 0.3g (PHIVOLCS: 500-yr RP; STIFF SOIL) | V69: 15
A70: San Manuel | B70: BH-69 | C70: SS-7 | D70: 15.797873° | E70: 120.609780° | F70: 17.84 | G70: Silty Clay | H70: CH | I70: 30 | J70: 0.4 | K70: 17 | L70: 0.3485 | M70: 0.3552 | O70: 0.4 | P70: 17.1 | Q70: 20 | R70: 12.75 | S70: 0.8008 | U70: 0.4g (RP: 500-yr; STIFF SOIL) | V70: 25
A71: San Manuel | B71: BH-70 | C71: SS-7 | D71: 15.799033° | E71: 120.611473° | F71: 16.32 | G71: Silty Sand | H71: SM | I71: 29.9 | J71: 1.1 | K71: 21 | M71: 0.1977 | N71: 0.21 | O71: 1.1 | P71: 19.8 | Q71: 31 | R71: 15.75 | S71: 0.3499 | U71: 0.4g (RP: 500-yr; STIFF SOIL) | V71: 15
A72: San Manuel | B72: BH-71 | C72: SS-7 | D72: 15.800020° | E72: 120.611164° | F72: 15.1 | G72: Silty Sand | H72: SM | I72: 29.9 | J72: 2.5 | K72: 47 | M72: 0.225 | N72: 0.26 | O72: 2.5 | P72: 20 | Q72: 37 | R72: 35.25 | S72: 0.3069 | U72: 0.4g (RP: 500-yr; STIFF SOIL) | V72: 20
A73: Victoria | B73: BH-72 | C73: SS-7 | D73: 15.535479° | E73: 120.689187° | F73: 14.18 | G73: Silty Sand | H73: SM | I73: 19.4 | J73: 6 | K73: 61 | M73: 0.1915 | N73: 0 | O73: 6 | P73: 21 | Q73: 32-35 | R73: 45.75 | S73: 0.2752 | U73: 0.3g (RP: 500-yr; STIFF SOIL) | V73: 20
A74: Victoria | B74: BH-73 | C74: SS-7 | D74: 15.535636° | E74: 120.689206° | F74: 13.88 | G74: Silty Sand | H74: SM | I74: 19.4 | J74: 6 | K74: 60 | M74: 0.157 | N74: 0 | O74: 6 | P74: 21 | Q74: 32-35 | R74: 45 | S74: 0.2695 | U74: 0.3g (RP: 500-yr; STIFF SOIL) | V74: 20
A75: Victoria | B75: BH-74 | C75: SS-7 | D75: 15.597176° | E75: 120.664616° | F75: 13.88 | G75: Sandy Silt | H75: ML | I75: 19.6 | J75: 3 | K75: 34 | L75: 0.1583 | M75: 0.2443 | N75: 0 | O75: 3 | P75: 18 | Q75: 25 | R75: 25.5 | S75: 0.5747 | U75: 0.3g (RP: 500-yr; STIFF SOIL) | V75: 15
A76: Victoria | B76: BH-75 | C76: SS-7 | D76: 15.597202° | E76: 120.664573° | F76: 13.88 | G76: Silty Sand | H76: SM | I76: 19.6 | J76: 3 | K76: 38 | M76: 0.2204 | N76: 0 | O76: 3 | P76: 18 | Q76: 32-35 | R76: 28.5 | S76: 0.2802 | U76: 0.3g (RP: 500-yr; STIFF SOIL) | V76: 20
A77: Victoria | B77: BH-76 | C77: SS-7 | D77: 15.589208° | E77: 120.698247° | F77: 12.96 | G77: Sandy Silt | H77: ML | I77: 22.2 | J77: 1.1 | K77: 17 | L77: 0.1526 | M77: 0.2943 | O77: 1.1 | P77: 18 | Q77: 25 | R77: 10 | S77: 0.5211 | U77: 0.4g (RP: 500-yr; STIFF SOIL) | V77: 15
A78: Victoria | B78: BH-77 | C78: SS-7 | D78: 15.596175° | E78: 120.698729° | F78: 10.22 | G78: Sandy Silt | H78: ML | I78: 22.6 | J78: 3 | K78: 19 | L78: 0.16 | M78: 0.2547 | O78: 3 | P78: 18 | Q78: 25 | R78: 14 | S78: 0.569 | U78: 0.4g (RP: 500-yr; STIFF SOIL) | V78: 15
A79: Victoria | B79: BH-78 | C79: SS-7 | D79: 15.558353° | E79: 120.689713° | F79: 11.44 | G79: Clayey Silt | H79: MH | I79: 20 | J79: 1.5 | K79: 21 | L79: 0.26 | M79: 0.34 | N79: 0 | O79: 1.5 | P79: 17 | Q79: 25 | R79: 16 | S79: 0.657 | U79: 0.3g (RP: 500-yr; STIFF SOIL) | V79: 15
A80: Victoria | B80: BH-79 | C80: SS-7 | D80: 15.558274° | E80: 120.689610° | F80: 11.44 | G80: Clayey Silt | H80: MH | I80: 20 | J80: 1.5 | K80: 24 | L80: 0.27 | M80: 0.3462 | N80: 0 | O80: 1.5 | P80: 17 | Q80: 25 | R80: 16 | S80: 0.692 | U80: 0.3g (RP: 500-yr; STIFF SOIL) | V80: 15
A81: Victoria | B81: BH-80 | C81: SS-7 | D81: 15.543797° | E81: 120.681065° | F81: 13.57 | G81: Silty Sand | H81: SM | I81: 18.6 | J81: 6 | K81: 36 | M81: 0.2209 | N81: 0 | O81: 6 | P81: 20 | Q81: 32-35 | R81: 27 | S81: 0.319 | U81: 0.3g (RP: 500-yr; STIFF SOIL) | V81: 20
A82: Victoria | B82: BH-81 | C82: SS-7 | D82: 15.543676° | E82: 120.681087° | F82: 13.88 | G82: Silty Sand | H82: SM | I82: 18.6 | J82: 6 | K82: 45 | M82: 0.2351 | N82: 0 | O82: 6 | P82: 19 | Q82: 32-35 | R82: 33.75 | S82: 0.3272 | U82: 0.3g (RP: 500-yr; STIFF SOIL) | V82: 20
A83: Tarlac City | B83: BH-82 | C83: SS-7 | D83: 15.4297 | E83: 120.64 | G83: poorly graded sand with silt | H83: SM | I83: 11.9 | J83: 1.3 | K83: 0.49 | L83: 0 | M83: 17 | O83: 1.3 | P83: 19.9 | Q83: 33 | R83: 49 | S83: 10 | T83: dense | U83: 0.35g (RP: 475-yr; STIFF Soil)
A84: Tarlac City | B84: BH-83 | C84: SS-7 | D84: 15.48974 | E84: 120.59 | F84: 38.2 | G84: silty sand | H84: SM | I84: 7.9 | J84: 4.5 | K84: 0.38 | M84: 19.78 | O84: 4.5 | P84: 21 | Q84: 35 | S84: 31.49 | V84: 35000
A85: Tarlac City | B85: BH-84 | C85: SS-7 | D85: 15.48961 | E85: 120.59 | F85: 38.5 | G85: silty sand | H85: SM | I85: 7.9 | J85: 4.5 | K85: 0.57 | M85: 20.65 | O85: 6 | P85: 21 | Q85: 37.5 | S85: 21.54 | V85: 70000
A86: Tarlac City | B86: BH-85 | C86: SS-7 | D86: 15.46881 | E86: 120.6532 | F86: 18.4 | G86: silty sand | H86: SM | I86: 13.5 | J86: 3 | K86: 67 | M86: 14.7 | O86: 3 | P86: 21 | Q86: 37.5 | S86: 34.53 | V86: 70000
A87: Tarlac City | B87: BH-86 | C87: SS-5 | D87: 15.52992 | E87: 120.5932 | F87: 26.05 | G87: silty sand | H87: SM | I87: 9.2 | J87: 1.5 | K87: 18 | L87: 0 | M87: 22.08 | N87: 0.26 | O87: 1.5 | P87: 19.5 | Q87: 32 | R87: 18 | S87: 22.5 | U87: 0.4g (RP: 500-yr; STIFF Soil) | V87: 15000
B88: BH-87
B89: BH-88
B90: BH-89
B91: BH-90
B92: BH-91
B93: BH-92
B94: BH-93
B95: BH-94
B96: BH-95
B97: BH-96
B98: BH-97
B99: BH-98
... B103: BH-102

Sheet 10.5m-12.0m
A1: Municipality | B1: Borehole ID | C1: Sample No. | D1: Latitude | E1: Longitude | F1: Elevation | G1: Soil/Rock Description | H1: USCS Symbol | I1: Fault Distance (km) | J1: Ground Water Table | K1: SPT N-Value | L1: Plasticity Index (PI) | M1: Natural Water Content (ω) | N1: Mean Particle Size (D50) (mm) | O1: Groundwater Level (m) | P1: Unit Weight (γ) | Q1: Foundation Width (B) | R1: Foundation Depth (D) | S1: Internal Friction Angle | T1: Length-to-width ratio (L/B) | U1: Corrected SPT-N Value (N1(60)) | V1: Fines Content | W1: Effective Overburden Presssure | X1: Total Overburden Pressure | Y1: Relative Density | Z1: Peak Ground Acceleration | AA1: Cyclic Stress Ratio (CSR) | AB1: Elastic Modulus (Es) (MN/
A2: Anao | B2: BH-1 | C2: SS-6 | D2: 15.715506° | E2: 120.623904° | F2: 9.28 | G2: Sandy Silt | H2: ML | I2: 26.3 | J2: 28.5 | K2: 16 | L2: 0.1792 | M2: 0.2825 | N2: 17.92 | O2: 28.5 | P2: 20 | Q2: 27.5 | R2: 12 | S2: 0.5869 | U2: 0.4g (RP: 500-yr; STIFF Soil) | W2: 10000 to 30000
A3: Anao | B3: BH-2 | C3: SS-6 | D3: 15.759126° | E3: 120.600236° | F3: 19.65 | G3: Silty Sand | H3: SM | I3: 30.8 | J3: 1.5 | K3: 28 | M3: 0.2108 | N3: 0 | O3: 1.5 | P3: 20 | Q3: 30 | R3: 21 | S3: 0.3312 | U3: 0.3g (RP: 500-yr; STIFF Soil) | W3: 15000
A4: Anao | B4: BH-3 | C4: SS-6 | D4: 15.759537° | E4: 120.600182° | F4: 15.99 | G4: Silty Sand | H4: SM | I4: 30.8 | J4: 1.5 | K4: 21 | M4: 0.1854 | N4: 0 | O4: 1.5 | P4: 21 | Q4: 30 | R4: 15.75 | S4: 0.2695 | U4: 0.3g (RP: 500-yr; STIFF Soil) | W4: 15000
A5: Bamban | B5: BH-4 | C5: SS-6 | D5: 15.27346° | E5: 120.56187° | F5: 73.5 | G5: Sandy Lean Clay | H5: CL | I5: 19.8 | K5: 50 | L5: 0.13 | M5: 0.3336 | P5: 17.1-19.2 | Q5: 31-40 | S5: 0.661 | U5: 0.4g | V5: 0.123
A6: Camiling | B6: BH-5 | C6: SS-6 | D6: 15.686632° | E6: 120.412972° | F6: 8.98 | G6: Clayey Silt | H6: MH | I6: 7.6 | J6: 4.5 | K6: 43 | L6: 0.236 | M6: 0.393 | O6: 4.5 | P6: 16.5 | Q6: 27.5 | S6: 0.661 | U6: 0.4g (RP: 500-yr; STIFF Soil) | W6: 20
A7: Camiling | B7: BH-6 | C7: SS-6 | D7: 15.686638° | E7: 120.413130° | F7: 9.28 | G7: Clayey Silt | H7: MH | I7: 7.6 | J7: 5 | K7: 35 | L7: 0.262 | M7: 0.3557 | O7: 5 | P7: 17.1 | Q7: 27.5 | S7: 0.649 | U7: 0.4g (RP: 500-yr; STIFF Soil) | W7: 20
A8: Camiling | B8: BH-7 | C8: SS-6 | D8: 15.686652° | E8: 120.412968° | F8: 8.67 | G8: Brown, Clayey Silt of medium plasticity | H8: MH | I8: 8.3 | J8: 6 | K8: 52 | L8: 0.23 | M8: 0.3736 | O8: 6 | P8: 21 | Q8: 27.5 | S8: 0.633 | U8: 0.4g | W8: ########
A9: Camiling | B9: BH-8 | C9: SS-6 | D9: 15.686296° | E9: 120.412971° | F9: 9.59 | G9: Brown, Clayey Silt of medium plasticity | H9: MH | I9: 8.3 | J9: 7 | K9: 17 | L9: 0.245 | M9: 0.3719 | O9: 7 | P9: 21 | Q9: 27.5 | S9: 0.653 | U9: 0.4g | W9: 15-40
A10: Camiling | B10: BH-9 | C10: SS-6 | D10: 15.686062° | E10: 120.412563° | F10: 9.59 | G10: Brown, Clayey Silt of medium plasticity | H10: MH | I10: 8.3 | J10: 7 | K10: 27 | L10: 0.22 | M10: 0.3322 | O10: 7 | P10: 21 | Q10: 27.5 | S10: 0.647 | U10: 0.4g | W10: 15-40
A11: Camiling | B11: BH-10 | C11: SS-6 | D11: 15.732336° | E11: 120.434617° | F11: 3.8 | G11: Silty Sand | H11: SM | I11: 11.3 | J11: 4.3 | K11: 17 | M11: 0.1961 | N11: 0 | O11: 4.3 | P11: 20 | Q11: 30-32 | R11: 13 | S11: 0.292 | U11: 0.2g (RP:500-yr; ROCK SITE) | W11: 15
A12: Camiling | B12: BH-11 | C12: SS-6 | D12: 15.656521° | E12: 120.400915° | F12: 6.92 | G12: Sandy Silt | H12: ML | I12: 4.8 | J12: 6 | K12: 30 | L12: 0.15 | M12: 0.2393 | O12: 6 | P12: 18.1 | Q12: 25 | R12: 23 | S12: 0.57 | U12: 0.4g | W12: 15
A13: Gerona | B13: BH-12 | C13: SS-6 | D13: 15.635467° | E13: 120.624711° | F13: 16.9 | G13: Clayey Silt | H13: MH | I13: 19 | J13: 7.5 | K13: 47 | L13: 0.276 | M13: 0.3274 | N13: 0 | O13: 7.5 | P13: 17 | Q13: 27.5 | R13: 35 | S13: 0.662 | U13: 0.3g (RP: 500-yr; STIFF Soil) | W13: 20000
A14: Gerona | B14: BH-13 | C14: SS-6 | D14: 15.555744° | E14: 120.600555° | F14: 23.61 | G14: Silty Sand | H14: SM | I14: 11.3 | J14: 3 | K14: 30 | M14: 0.2256 | N14: 0 | O14: 3 | P14: 0 | Q14: 30-32 | R14: 22.5 | S14: 0.226 | U14: 0.3g (RP: 500-yr; STIFF Soil) | W14: 15000
A15: Gerona | B15: BH-14 | C15: SS-6 | D15: 15.555718° | E15: 120.600598° | F15: 23.61 | G15: Silty Sand | H15: SM | I15: 11.3 | J15: 3 | K15: 31 | M15: 0.2349 | N15: 0 | O15: 3 | P15: 19 | Q15: 30-32 | R15: 23.25 | S15: 0.241 | U15: 0.3g (RP: 500-yr; STIFF Soil) | W15: 15000
A16: Gerona | B16: BH-15 | C16: SS-6 | D16: 15.592509° | E16: 120.620622° | F16: 23.91 | G16: Silty Sand | H16: SM | I16: 15.5 | J16: 3 | K16: 36 | M16: 0.1716 | N16: 0 | O16: 3 | P16: 20 | Q16: 32-35 | R16: 27 | S16: 0.275 | U16: 0.3g (RP: 500-yr; STIFF Soil) | W16: 20000
A17: Gerona | B17: BH-16 | C17: SS-6 | D17: 15.592510° | E17: 120.620552° | F17: 23.9 | G17: Silty Sand | H17: SM | I17: 15.5 | J17: 3 | K17: 30 | M17: 0.1897 | N17: 0 | O17: 3 | P17: 20 | Q17: 30-32 | R17: 23 | S17: 0.191 | U17: 0.3g (RP: 500-yr; STIFF Soil) | W17: 15000
A18: Gerona | B18: BH-17 | C18: SS-6 | D18: 15.556476° | E18: 120.573764° | F18: 23.91 | G18: Silty Sand | H18: SM | I18: 9 | J18: N.E | K18: 34 | M18: 0.1459 | N18: 0 | O18: N.E | P18: 20 | Q18: 32-35 | R18: 26 | S18: 0.309 | U18: 0.3g (RP: 500-yr; STIFF Soil) | W18: 20000
A19: Gerona | B19: BH-18 | C19: SS-6 | D19: 15.556501° | E19: 120.573845° | F19: 23.91 | G19: Silty Sand | H19: SM | I19: 9 | J19: N.E | K19: 39 | M19: 0.1892 | N19: 0 | O19: N.E | P19: 19 | Q19: 32-35 | R19: 29 | S19: 0.287 | U19: 0.3g (RP: 500-yr; STIFF Soil) | W19: 20000
A20: Gerona | B20: BH-19 | C20: SS-6 | D20: 15.578777° | E20: 120.573149° | F20: 20.56 | G20: Clayey Silt | H20: MH | I20: 11.1 | J20: 12 | K20: 24 | L20: 0.2026 | M20: 0.3599 | N20: 0 | O20: 12 | P20: 17 | Q20: 25 | R20: 18 | S20: 0.6569 | U20: 0.3g (RP: 500-yr; STIFF Soil) | W20: 15000
A21: Gerona | B21: BH-20 | C21: SS-6 | D21: 15.578761° | E21: 120.573483° | F21: 21.48 | G21: Clayey Silt | H21: MH | I21: 11.1 | J21: 4.5 | K21: 24 | L21: 0.2289 | M21: 0.3709 | N21: 0 | O21: 4.5 | P21: 17 | Q21: 25 | R21: 18 | S21: 0.6174 | U21: 0.3g (RP: 500-yr; STIFF Soil) | W21: 15000
A22: Gerona | B22: BH-21 | C22: SS-6 | D22: 15.600169° | E22: 120.544751° | F22: 15.07 | G22: Clayey Silt | H22: MH | I22: 11.1 | J22: N.E | K22: 33 | L22: 0.25 | M22: 0.3557 | N22: 0 | O22: N.E | P22: 17 | Q22: 25 | R22: 25 | S22: 0.617 | U22: 0.3g (RP: 500-yr; STIFF Soil) | W22: 15000
A23: Gerona | B23: BH-22 | C23: SS-6 | D23: 15.600168° | E23: 120.544618° | F23: 15.07 | G23: Clayey Silt | H23: MH | I23: 11.1 | J23: N.E | K23: 33 | L23: 0.24 | M23: 0.3582 | N23: 0 | O23: N.E | P23: 17 | Q23: 25 | R23: 25 | S23: 0.632 | U23: 0.3g (RP: 500-yr; STIFF Soil) | W23: 15000
A24: Gerona | B24: BH-23 | C24: SS-6 | D24: 15.589244° | E24: 120.597051° | F24: 21.96 | G24: Silty Sand | H24: SM | I24: 13.3 | J24: 2.5 | K24: 46 | M24: 0.1494 | N24: 0 | O24: 2.5 | P24: 21 | Q24: 32-35 | R24: 35 | S24: 0.255 | U24: 0.3g (RP: 500-yr; STIFF Soil) | W24: 20000
A25: Gerona | B25: BH-24 | C25: SS-6 | D25: 15.58917° | E25: 120.597011° | F25: 21.66 | G25: Silty Sand | H25: SM | I25: 13.3 | J25: 2.5 | K25: 49 | M25: 0.1519 | N25: 0 | O25: 2.5 | P25: 21 | Q25: 32-35 | R25: 37 | S25: 0.268 | U25: 0.3g (RP: 500-yr; STIFF Soil) | W25: 20000
A26: Gerona | B26: BH-25 | C26: SS-6 | D26: 15.555633° | E26: 120.608133° | F26: 23.3 | G26: Silty Sand | H26: SM | I26: 12 | J26: 2 | K26: 43 | M26: 0.1713 | N26: 0 | O26: 2 | P26: 20 | Q26: 32-35 | R26: 32.25 | S26: 0.27 | U26: 0.3g (RP: 500-yr; STIFF Soil) | W26: 20000
A27: Gerona | B27: BH-26 | C27: SS-6 | D27: 15.555650° | E27: 120.608052° | F27: 23.3 | G27: Silty Sand | H27: SM | I27: 12 | J27: 2 | K27: 26 | M27: 0.1632 | N27: 0 | O27: 2 | P27: 20 | Q27: 30-35 | R27: 19.5 | S27: 0.2 | U27: 0.3g (RP: 500-yr; STIFF Soil) | W27: 15000
A28: Gerona | B28: BH-27 | C28: SS-4 | D28: 15.596727° | E28: 120.608189° | F28: 24.22 | G28: Silty Sand | H28: SM | I28: 24.2 | J28: 1.5 | K28: 51 | M28: 0.1321 | N28: 0 | O28: 1.5 | P28: 21 | Q28: 32-35 | R28: 38 | S28: 0.285 | U28: 0.3g (RP: 500-yr; STIFF Soil) | W28: 20000
A29: Gerona | B29: BH-28 | C29: SS-2 | D29: 15.572991° | E29: 120.551964° | F29: 32.44 | G29: Silty Sand | H29: SM | I29: 9.3 | J29: 10 | K29: 79 | L29: 0 | M29: 0.2475 | N29: 0.22 | O29: 10 | P29: 19.6 | Q29: 40 | S29: 0.3 | U29: 0.4g (RP: 500-yr; ROCK Site) | W29: 25000
A30: Gerona | B30: BH-29 | C30: SS-6 | D30: 15.602424° | E30: 120.593012° | F30: 24.52 | G30: Silty Sand | H30: SM | I30: 11.1 | J30: 4.5 | K30: 41 | M30: 0.1496 | N30: 0 | O30: 4.5 | P30: 21 | Q30: 32-35 | R30: 31 | S30: 0.28 | U30: 0.3g (RP: 500-yr; STIFF Soil) | W30: 20000
A31: Gerona | B31: BH-30 | C31: SS-6 | D31: 15.602593° | E31: 120.593001° | F31: 25.13 | G31: Silty Sand | H31: SM | I31: 11.1 | J31: 4.5 | K31: 47 | M31: 0.1502 | N31: 0 | O31: 4.5 | P31: 0 | Q31: 32-35 | R31: 35 | S31: 0.279 | U31: 0.3g (RP: 500-yr; STIFF Soil) | W31: 20000
A32: Moncada | B32: BH-31 | C32: SS-6 | D32: 15.745085° | E32: 120.576019° | F32: 14.8 | G32: Sandy Silt | H32: ML | I32: 26.5 | J32: 2 | K32: 37 | L32: 0.16 | M32: 0.2784 | O32: 2 | P32: 21 | Q32: 27.5 | S32: 0.56 | U32: 0.3g | W32: 30-80
A33: Moncada | B33: BH-32 | C33: SS-6 | D33: 15.744907° | E33: 120.576261° | F33: 15.7 | G33: Sandy Silt | H33: ML | I33: 26.5 | J33: 2 | K33: 26 | L33: 0.2 | M33: 0.2878 | O33: 2 | P33: 21 | Q33: 27.5 | S33: 0.59 | U33: 0.3g | W33: 15-40
A34: Moncada | B34: BH-33 | C34: SS-6 | D34: 15.769566° | E34: 120.575766° | F34: 12.9 | G34: Silty Sand | H34: SM | I34: 27 | J34: 1.05 | K34: 18 | M34: 0.1775 | O34: 1.05 | P34: 20 | Q34: 32.5 | S34: 0.3434 | W34: 15-50
A35: Moncada | B35: BH-34 | C35: SS-6 | D35: 15.769692° | E35: 120.575525° | F35: 12.3 | G35: Silty Sand | H35: SM | I35: 27 | J35: 1 | K35: 39 | M35: 0.1955 | O35: 1 | P35: 21 | Q35: 35 | S35: 0.2277 | W35: 20-50
A36: Moncada | B36: BH-35 | C36: SS-6 | D36: 15.808724° | E36: 120.571566° | F36: 14.2 | G36: Sandy Silt | H36: ML | I36: 28.5 | J36: 1 | K36: 27 | L36: 0.19 | M36: 0.2296 | O36: 1 | P36: 21 | Q36: 27.5 | S36: 0.561 | W36: 15-40
A37: Moncada | B37: BH-36 | C37: SS-6 | D37: 15.808848° | E37: 120.571571° | F37: 14.2 | G37: Sandy Silt | H37: ML | I37: 28.5 | J37: 1 | K37: 21 | L37: 0.168 | M37: 0.282 | O37: 1 | P37: 21 | Q37: 27.5 | S37: 0.563 | W37: 15-40
A38: Moncada | B38: BH-37 | C38: SS-6 | D38: 15.737812° | E38: 120.577325° | F38: 246.9 | G38: Sandy Silt | H38: ML | I38: 26.1 | J38: 6 | K38: 20 | L38: 0.1481 | M38: 0.2888 | O38: 6 | P38: 21 | Q38: 27.5 | S38: 0.5237 | W38: 15-40
A39: Moncada | B39: BH-38 | C39: SS-6 | D39: 15.737879° | E39: 120.577483° | F39: 246.9 | G39: Sandy Silt | H39: ML | I39: 26.1 | J39: 6 | K39: 18 | L39: 0.1698 | M39: 0.2167 | O39: 6 | P39: 21 | Q39: 27.5 | S39: 0.5287 | W39: 15-40
A40: Moncada | B40: BH-39 | C40: SS-6 | D40: 15.744291° | E40: 120.596494° | F40: 13.55 | G40: Clayey Silt | H40: MH | I40: 27.3 | J40: N.E. | K40: 36 | L40: 0.1153 | M40: 0.3914 | N40: 0 | O40: N.E. | P40: 17 | Q40: 25 | R40: 27 | S40: 0.6198 | U40: 0.3g (RP: 500-yr; STIFF SOIL) | W40: 15
A41: Moncada | B41: BH-40 | C41: SS-6 | D41: 15.744070° | E41: 120.597089° | F41: 12.94 | G41: Clayey Silt | H41: MH | I41: 27.3 | J41: N.E. | K41: 33 | L41: 0.204 | M41: 0.3251 | N41: 0 | O41: N.E. | P41: 17 | Q41: 25 | R41: 24.75 | S41: 0.6825 | U41: 0.3g (RP: 500-yr; STIFF SOIL) | W41: 15
A42: Paniqui | B42: BH-41 | C42: SS-6 | D42: 15.645909° | E42: 120.529080° | F42: 11.11 | G42: Sandy Silt | H42: ML | I42: 15.1 | J42: 6 | K42: 26 | L42: 0.146 | M42: 0.2323 | O42: 6 | P42: 18.3 | Q42: 25 | R42: 20 | S42: 0.527 | U42: 0.4g (RP: 500-yr; STIFF Soil) | W42: 15000
A43: Paniqui | B43: BH-42 | C43: SS-6 | D43: 15.664740° | E43: 120.555608° | F43: 14.46 | G43: Clayey Silt | H43: MH | I43: 18.2 | J43: 2 | K43: 15 | L43: 0.23 | M43: 0.3327 | N43: 0 | O43: 2 | P43: 17 | Q43: 22.5 | R43: 11.25 | S43: 0.62 | U43: 0.3g (RP: 500-yr; STIFF Soil) | W43: 12000
A44: Paniqui | B44: BH-43 | C44: SS-6 | D44: 15.664765° | E44: 120.55554° | F44: 14.46 | G44: Clayey Silt | H44: MH | I44: 18.2 | J44: 2 | K44: 13 | L44: 0.29 | M44: 0.3515 | N44: 0 | O44: 2 | P44: 17 | Q44: 22.5 | R44: 9.75 | S44: 0.603 | U44: 0.3g (RP: 500-yr; STIFF Soil) | W44: 12000
A45: Paniqui | B45: BH-44 | C45: SS-6 | D45: 15.642894° | E45: 120.528764° | F45: 14.16 | G45: Silty Sand | H45: SM | I45: 15.2 | J45: 3 | K45: 37 | M45: 0.2225 | N45: 0.19 | O45: 3 | P45: 19.5 | Q45: 37 | R45: 27.75 | S45: 0.3488 | U45: 0.3g to 0.4g (RP: 500-yr; STIFF Soil) | W45: 20000
A46: Paniqui | B46: BH-45 | C46: SS-6 | D46: 15.636114° | E46: 120.543763° | F46: 18.15 | G46: Clayey Silt | H46: MH | I46: 16 | J46: 3 | K46: 15 | L46: 0.259 | M46: 0.3226 | O46: 3 | P46: 20 | Q46: 27.5 | S46: 0.674 | U46: 0.3g (RP: 500-yr; STIFF Soil) | W46: 10000 to 30000
A47: Paniqui | B47: BH-46 | C47: SS-6 | D47: 15.636527° | E47: 120.543634° | F47: 17.8 | G47: Silty Sand | H47: SM | I47: 16 | J47: 3 | K47: 10 | M47: 0.1461 | O47: 3 | P47: 19 | Q47: 30 | S47: 0.311 | U47: 0.3g (RP: 500-yr; STIFF Soil) | W47: 7000 to 20000
A48: Paniqui | B48: BH-47 | C48: SS-6 | D48: 15.691076° | E48: 120.553470° | F48: 15.68 | G48: Silty Clay | H48: CH | I48: 20.1 | J48: 3 | K48: 10 | L48: 0.3837 | M48: 0.3928 | N48: 0 | O48: 3 | P48: 17 | Q48: 19.5 | R48: 7.5 | S48: 0.8355 | U48: 0.3g (RP: 500-yr; STIFF Soil) | W48: 13000
A49: Paniqui | B49: BH-48 | C49: SS-6 | D49: 15.693865° | E49: 120.551974° | F49: 13.25 | G49: Clayey Silt | H49: MH | I49: 20.2 | J49: 1 | K49: 14 | L49: 0.261 | M49: 0.3914 | O49: 1 | P49: 17 | Q49: 22.5 | R49: 11 | S49: 0.623 | U49: 0.3g (RP: 500-yr; STIFF Soil) | W49: 12000
A50: Paniqui | B50: BH-49 | C50: SS-6 | D50: 15.677637° | E50: 120.58916° | F50: 11.1 | G50: Clayey Silt | H50: MH | I50: 22.2 | J50: 3 | K50: 16 | L50: 0.25 | M50: 0.3571 | O50: 3 | P50: 21 | Q50: 27.5 | S50: 0.666 | U50: 0.3g (RP: 500-yr; STIFF Soil) | W50: 1500 to 6000
A51: Paniqui | B51: BH-50 | C51: SS-6 | D51: 15.677583° | E51: 120.589097° | F51: 11.1 | G51: Clayey Silt | H51: MH | I51: 22.2 | J51: 3 | K51: 34 | L51: 0.24 | M51: 0.3625 | O51: 3 | P51: 21 | Q51: 27.5 | S51: 0.653 | U51: 0.3g (RP: 500-yr; STIFF Soil) | W51: 30000 to 80000
A52: Paniqui | B52: BH-51 | C52: SS-6 | D52: 15.668819° | E52: 120.584161° | G52: Clay | H52: CH | I52: 18 | J52: 1 | K52: 66 | L52: 0.38 | O52: 1 | P52: 22.458 | R52: 46.573 | S52: 0.8248 | U52: 0.5g (RP: 500-yr; STIFF Soil)
A53: Paniqui | B53: BH-52 | C53: SS-6 | D53: 15.669577° | E53: 120.580887° | G53: Silty Sand | H53: SM | I53: 18 | J53: 1 | K53: 58 | L53: NP | O53: 1 | P53: 21.012 | R53: 43.338 | S53: 0.2669 | U53: 0.5g (RP: 500-yr; STIFF Soil)
A54: Paniqui | B54: BH-53 | C54: SS-6 | D54: 15.669652° | E54: 120.580584° | G54: Silty Sand | H54: SM | I54: 18 | J54: 1 | K54: 59 | L54: NP | O54: 1 | P54: 20.453 | R54: 45.115 | S54: 0.4115 | U54: 0.5g (RP: 500-yr; STIFF Soil)
A55: Pura | B55: BH-54 | C55: SS-6 | D55: 15.625795° | E55: 120.650289° | F55: 18.12 | G55: Silty Sand | H55: SM | I55: 20.3 | J55: 6 | K55: 41 | M55: 0.1543 | N55: 0 | O55: 6 | P55: 21 | Q55: 32-35 | R55: 30.75 | S55: 0.2096 | U55: 0.3g (RP: 500-yr; STIFF SOIL) | W55: 20
A56: Pura | B56: BH-55 | C56: SS-6 | D56: 15.625836° | E56: 120.650662° | F56: 17.51 | G56: Silty Sand | H56: SM | I56: 20.3 | J56: 6 | K56: 42 | M56: 0.2155 | N56: 0 | O56: 6 | P56: 20 | Q56: 32-35 | R56: 31.5 | S56: 0.2294 | U56: 0.3g (RP: 500-yr; STIFF SOIL) | W56: 20
A57: Pura | B57: BH-56 | C57: SS-6 | D57: 15.643867° | E57: 120.672856° | F57: 13.55 | G57: Sandy Silt | H57: ML | I57: 23.4 | J57: 3 | K57: 14 | L57: 0.1393 | M57: 0.2823 | O57: 3 | P57: 17.7 | Q57: 22.5 | R57: 14 | S57: 0.5859 | U57: 0.4g (RP: 500-yr; STIFF SOIL) | W57: 12
A58: Ramos | B58: BH-57 | C58: SS-6 | D58: 15.686441° | E58: 120.635555° | F58: 1.66 | G58: Clayey Silt | H58: MH | I58: 24.2 | J58: 3 | K58: 24 | L58: 0.21 | M58: 0.2757 | N58: 0 | O58: 3 | P58: 18 | Q58: 25 | R58: 18 | S58: 0.5618 | U58: 0.3g (RP: 500-yr; STIFF SOIL) | W58: 15
A59: Ramos | B59: BH-58 | C59: SS-6 | D59: 15.666889° | E59: 120.642879° | F59: 13.86 | G59: Clayey Silt | H59: MH | I59: 23 | J59: 1 | K59: 24 | L59: 0.2615 | M59: 0.359 | O59: 1 | P59: 17 | Q59: 25 | R59: 18 | S59: 0.6365 | U59: 0.3g (RP: 500-yr; STIFF SOIL) | W59: 15
A60: Ramos | B60: BH-59 | C60: SS-6 | D60: 15.684023° | E60: 120.639705° | F60: 9.59 | G60: Clayey Silt | H60: MH | I60: 24.2 | J60: 21 | K60: 21 | L60: 0.2783 | M60: 0.3687 | N60: 0 | O60: 21 | P60: 17 | Q60: 22.5 | R60: 15.75 | S60: 0.6405 | U60: 0.3g (RP: 500-yr; STIFF SOIL) | W60: 12
A61: Ramos | B61: BH-60 | C61: SS-6 | D61: 15.685089° | E61: 120.637294° | F61: 13.86 | G61: Silty Sand | H61: SM | I61: 24.2 | J61: 1 | K61: 18 | L61: 0 | M61: 0.2137 | N61: 0.2 | O61: 1 | P61: 19.5 | Q61: 32 | R61: 13.5 | S61: 0.3058 | U61: 0.4g (RP: 500-yr; STIFF SOIL) | W61: 15
A62: San Manuel | B62: BH-61 | C62: SS-6 | D62: 15.786314° | E62: 120.605458° | F62: 18.12 | G62: Silty Sand | H62: SM | I62: 30.8 | J62: 3.5 | K62: 24 | M62: 0.2029 | N62: 0 | O62: 3.5 | P62: 20 | Q62: 30-32 | R62: 18 | S62: 0.279 | U62: 0.3g (RP: 500-yr; STIFF SOIL) | W62: 15
A63: San Manuel | B63: BH-62 | C63: SS-6 | D63: 15.786300° | E63: 120.605656° | F63: 16.9 | G63: Silty Sand | H63: SM | I63: 30.8 | J63: 4.5 | K63: 24 | M63: 0.1512 | N63: 0 | O63: 4.5 | P63: 21 | Q63: 30-32 | R63: 18 | S63: 0.302 | U63: 0.3g (RP: 500-yr; STIFF SOIL) | W63: 15
A64: San Manuel | B64: BH-63 | C64: SS-6 | D64: 15.798112° | E64: 120.611316° | F64: 20.87 | G64: Sandy Silt | H64: ML | I64: 30 | J64: N.E. | K64: 28 | L64: 0.159 | M64: 0.2594 | N64: 0 | O64: N.E. | P64: 18 | Q64: 25 | R64: 21 | S64: 0.554 | U64: 0.4g (RP: 500-yr; STIFF SOIL) | W64: 15
A65: San Manuel | B65: BH-64 | C65: SS-6 | D65: 15.798144° | E65: 120.611495° | F65: 21.17 | G65: Sandy Silt | H65: ML | I65: 30 | J65: N.E. | K65: 29 | L65: 0.162 | M65: 0.2335 | N65: 0 | O65: N.E. | P65: 18 | Q65: 25 | R65: 22 | S65: 0.525 | U65: 0.4g (RP: 500-yr; STIFF SOIL) | W65: 15
A66: San Manuel | B66: BH-65 | C66: SS-6 | D66: 15.785400° | E66: 120.613728° | F66: 13.86 | G66: Silty Sand | H66: SM | I66: 31.3 | J66: 5 | K66: 26 | M66: 0.2205 | N66: 0 | O66: 5 | P66: 20 | Q66: 30-32 | R66: 19.5 | S66: 0.3361 | U66: 0.3g (PHIVOLCS: 500-yr RP; STIFF SOIL) | W66: 15
A67: San Manuel | B67: BH-66 | C67: SS-6 | D67: 15.785383° | E67: 120.613613° | F67: 13.55 | G67: Silty Sand | H67: SM | I67: 31.3 | J67: 3 | K67: 30 | M67: 0.1833 | N67: 0 | O67: 3 | P67: 20 | Q67: 30-32 | R67: 22.5 | S67: 0.3043 | U67: 0.3g (PHIVOLCS: 500-yr RP; STIFF SOIL) | W67: 15
A68: San Manuel | B68: BH-67 | C68: SS-6 | D68: 15.785220° | E68: 120.613398° | F68: 14.77 | G68: Silty Sand | H68: SM | I68: 31.3 | J68: 3 | K68: 16 | M68: 0.2207 | N68: 0 | O68: 3 | P68: 19 | Q68: 30-32 | R68: 12 | S68: 0.3361 | U68: 0.3g (PHIVOLCS: 500-yr RP; STIFF SOIL) | W68: 15
A69: San Manuel | B69: BH-68 | C69: SS-6 | D69: 15.797873° | E69: 120.609780° | F69: 19.34 | G69: Clayey Silt | H69: MH | I69: 30 | J69: 0.4 | K69: 14 | L69: 0.232 | M69: 0.3584 | O69: 0.4 | P69: 16.8 | Q69: 22.5 | R69: 10.5 | S69: 0.6788 | U69: 0.4g (RP: 500-yr; STIFF SOIL) | W69: 12
A70: San Manuel | B70: BH-69 | C70: SS-6 | D70: 15.799033° | E70: 120.611473° | F70: 17.82 | G70: Silty Sand | H70: SM | I70: 29.9 | J70: 1.1 | K70: 15 | M70: 0.1862 | N70: 0.19 | O70: 1.1 | P70: 20 | Q70: 31 | R70: 11.25 | S70: 0.3379 | U70: 0.4g (RP: 500-yr; STIFF SOIL) | W70: 15
A71: San Manuel | B71: BH-70 | C71: SS-6 | D71: 15.800020° | E71: 120.611164° | F71: 16.6 | G71: Silty Sand | H71: SM | I71: 29.9 | J71: 2.5 | K71: 41 | M71: 0.2299 | N71: 0.21 | O71: 2.5 | P71: 20 | Q71: 37 | R71: 30.75 | S71: 0.3148 | U71: 0.4g (RP: 500-yr; STIFF SOIL) | W71: 20
A72: Victoria | B72: BH-71 | C72: SS-6 | D72: 15.535479° | E72: 120.689187° | F72: 15.68 | G72: Silty Sand | H72: SM | I72: 19.4 | J72: 6 | K72: 60 | M72: 0.2205 | N72: 0 | O72: 6 | P72: 20 | Q72: 32-35 | R72: 45 | S72: 0.3361 | U72: 0.3g (RP: 500-yr; STIFF SOIL) | W72: 20
A73: Victoria | B73: BH-72 | C73: SS-6 | D73: 15.535636° | E73: 120.689206° | F73: 15.38 | G73: Silty Sand | H73: SM | I73: 19.4 | J73: 6 | K73: 60 | M73: 0.1877 | N73: 0 | O73: 6 | P73: 21 | Q73: 32-35 | R73: 45 | S73: 0.342 | U73: 0.3g (RP: 500-yr; STIFF SOIL) | W73: 20
A74: Victoria | B74: BH-73 | C74: SS-6 | D74: 15.597176° | E74: 120.664616° | F74: 15.38 | G74: Sandy Silt | H74: ML | I74: 19.6 | J74: 3 | K74: 28 | L74: 0.1668 | M74: 0.2899 | N74: 0 | O74: 3 | P74: 18 | Q74: 25 | R74: 21 | S74: 0.5389 | U74: 0.3g (RP: 500-yr; STIFF SOIL) | W74: 15
A75: Victoria | B75: BH-74 | C75: SS-6 | D75: 15.597202° | E75: 120.664573° | F75: 15.38 | G75: Sandy Silt | H75: ML | I75: 19.6 | J75: 3 | K75: 38 | L75: 0.1738 | M75: 0.2524 | N75: 0 | O75: 3 | P75: 18 | Q75: 25 | R75: 28.5 | S75: 0.5709 | U75: 0.3g (RP: 500-yr; STIFF SOIL) | W75: 15
A76: Victoria | B76: BH-75 | C76: SS-6 | D76: 15.589208° | E76: 120.698247° | F76: 14.46 | G76: Sandy Silt | H76: ML | I76: 22.2 | J76: 1.1 | K76: 12 | L76: 0.1889 | M76: 0.2702 | O76: 1.1 | P76: 18 | Q76: 25 | R76: 12 | S76: 0.5552 | U76: 0.4g (RP: 500-yr; STIFF SOIL) | W76: 15
A77: Victoria | B77: BH-76 | C77: SS-6 | D77: 15.596175° | E77: 120.698729° | F77: 11.72 | G77: Sandy Silt | H77: ML | I77: 22.6 | J77: 3 | K77: 18 | L77: 0.135 | M77: 0.2528 | O77: 3 | P77: 18 | Q77: 25 | R77: 14 | S77: 0.536 | U77: 0.4g (RP: 500-yr; STIFF SOIL) | W77: 15
A78: Victoria | B78: BH-77 | C78: SS-6 | D78: 15.558353° | E78: 120.689713° | F78: 12.94 | G78: Clayey Silt | H78: MH | I78: 20 | J78: 1.5 | K78: 18 | L78: 0.25 | M78: 0.3423 | N78: 0 | O78: 1.5 | P78: 17 | Q78: 22.5 | R78: 14 | S78: 0.678 | U78: 0.3g (RP: 500-yr; STIFF SOIL) | W78: 12
A79: Victoria | B79: BH-78 | C79: SS-6 | D79: 15.558274° | E79: 120.689610° | F79: 12.94 | G79: Clayey Silt | H79: MH | I79: 20 | J79: 1.5 | K79: 31 | L79: 0.27 | M79: 0.3416 | N79: 0 | O79: 1.5 | P79: 17 | Q79: 22.5 | R79: 23 | S79: 0.7 | U79: 0.3g (RP: 500-yr; STIFF SOIL) | W79: 12
A80: Victoria | B80: BH-79 | C80: SS-6 | D80: 15.543797° | E80: 120.681065° | F80: 15.07 | G80: Silty Sand | H80: SM | I80: 18.6 | J80: 6 | K80: 34 | M80: 0.1939 | N80: 0 | O80: 6 | P80: 20 | Q80: 32-35 | R80: 25.5 | S80: 0.3316 | U80: 0.3g (RP: 500-yr; STIFF SOIL) | W80: 20
A81: Victoria | B81: BH-80 | C81: SS-6 | D81: 15.543676° | E81: 120.681087° | F81: 15.38 | G81: Silty Sand | H81: SM | I81: 18.6 | J81: 6 | K81: 36 | M81: 0.1356 | N81: 0 | O81: 6 | P81: 21 | Q81: 32-35 | R81: 27 | S81: 0.3464 | U81: 0.3g (RP: 500-yr; STIFF SOIL) | W81: 20
A82: Tarlac City | B82: BH-81 | C82: SS-6 | D82: 15.4297 | E82: 120.64 | G82: silty sand | H82: SM | I82: 11.9 | J82: 1.3 | K82: 0.31 | L82: 0 | M82: 17 | O82: 1.3 | P82: 18.1 | Q82: 29.5 | R82: 33 | S82: 10 | T82: loose to medium dense | U82: 0.35g (RP: 475-yr; STIFF Soil)
A83: Tarlac City | B83: BH-82 | C83: SS-6 | D83: 15.48974 | E83: 120.59 | F83: 39.7 | G83: sandy silt | H83: ML | I83: 7.9 | J83: 4.5 | K83: 0.28 | L83: 0.1398 | M83: 27.87 | O83: 4.5 | P83: 21 | Q83: 27.5 | S83: 52.23 | W83: 25000
A84: Tarlac City | B84: BH-83 | C84: SS-6 | D84: 15.48961 | E84: 120.59 | F84: 40 | G84: sandy silt | H84: ML | I84: 7.9 | J84: 4.5 | K84: 0.49 | L84: 0.1289 | M84: 26.9 | O84: 6 | P84: 21 | Q84: 27.5 | S84: 56.21 | W84: 50000
A85: Tarlac City | B85: BH-84 | C85: SS-6 | D85: 15.48394 | E85: 120.618 | F85: 30.9 | G85: silty sand | H85: SM | I85: 10.9 | J85: 1 | K85: 86 | M85: 23.12 | O85: 1 | P85: 21 | Q85: 37.5 | S85: 25 | W85: 70000
A86: Tarlac City | B86: BH-85 | C86: SS-6 | D86: 15.46881 | E86: 120.6532 | F86: 19.9 | G86: silty sand | H86: SM | I86: 13.5 | J86: 3 | K86: 50 | M86: 13.5 | O86: 3 | P86: 21 | Q86: 35 | S86: 13.82 | W86: 35000
A87: Paniqui | B87: BH-86 | C87: SS-8 | D87: 15.677637° | E87: 120.58916° | F87: 8.1 | G87: Poorly Graded Sand | H87: SP | I87: 22.2 | J87: 3 | K87: 29 | M87: 0.1397 | O87: 3 | P87: 21 | Q87: 35 | S87: 0.022 | U87: 0.3g (RP: 500-yr; STIFF Soil) | W87: 20000 to 50000
A88: Paniqui | B88: BH-87 | C88: SS-8 | D88: 15.677583° | E88: 120.589097° | F88: 8.1 | G88: Clayey Silt | H88: MH | I88: 22.2 | J88: 3 | K88: 20 | L88: 0.24 | M88: 0.366 | O88: 3 | P88: 21 | Q88: 27.5 | S88: 0.646 | U88: 0.3g (RP: 500-yr; STIFF Soil) | W88: 15000 to 40000
A89: Paniqui | B89: BH-88 | C89: SS-8 | D89: 15.669577° | E89: 120.580887° | G89: Silty Sand | H89: SM | I89: 18 | J89: 1 | K89: 76 | L89: 1 | O89: 1 | P89: 19.608 | R89: 52.782 | S89: 0.4957 | U89: 0.5g (RP: 500-yr; STIFF Soil)
A90: Pura | B90: BH-89 | C90: SS-8 | D90: 15.625795° | E90: 120.650289° | F90: 15.12 | G90: Clayey Silt | H90: MH | I90: 20.3 | J90: 6 | K90: 25 | L90: 0.2358 | M90: 0.304 | N90: 0 | O90: 6 | P90: 17 | Q90: 25 | R90: 18.75 | S90: 0.6286 | U90: 0.3g (RP: 500-yr; STIFF SOIL) | W90: 15
A91: Pura | B91: BH-90 | C91: SS-8 | D91: 15.625836° | E91: 120.650662° | F91: 14.51 | G91: Clayey Silt | H91: MH | I91: 20.3 | J91: 6 | K91: 25 | L91: 0.2743 | M91: 0.3176 | N91: 0 | O91: 6 | P91: 18 | Q91: 25 | R91: 18.75 | S91: 0.6374 | U91: 0.3g (RP: 500-yr; STIFF SOIL) | W91: 15
A92: Pura | B92: BH-91 | C92: SS-8 | D92: 15.643867° | E92: 120.672856° | F92: 10.55 | G92: Sandy Silt | H92: ML | I92: 23.4 | J92: 3 | K92: 13 | L92: 0.154 | M92: 0.2468 | O92: 3 | P92: 18.1 | Q92: 22.5 | R92: 13 | S92: 0.5556 | U92: 0.4g (RP: 500-yr; STIFF SOIL) | W92: 12
A93: Ramos | B93: BH-92 | C93: SS-8 | D93: 15.686441° | E93: 120.635555° | F93: -1.34 | G93: Clayey Silt | H93: MH | I93: 24.2 | J93: 3 | K93: 31 | L93: 0.2197 | M93: 0.3839 | N93: 0 | O93: 3 | P93: 17 | Q93: 25 | R93: 23.25 | S93: 0.64 | U93: 0.3g (RP: 500-yr; STIFF SOIL) | W93: 15
A94: Ramos | B94: BH-93 | C94: SS-8 | D94: 15.666889° | E94: 120.642879° | F94: 10.86 | G94: Clayey Silt | H94: MH | I94: 23 | J94: 1 | K94: 20 | L94: 0.2716 | M94: 0.359 | O94: 1 | P94: 17 | Q94: 22.5 | R94: 15 | S94: 0.6365 | U94: 0.3g (RP: 500-yr; STIFF SOIL) | W94: 12
A95: Ramos | B95: BH-94 | C95: SS-8 | D95: 15.684023° | E95: 120.639705° | F95: 6.59 | G95: Clayey Silt | H95: MH | I95: 24.2 | J95: 21 | K95: 39 | L95: 0.2106 | M95: 0.3577 | N95: 0 | O95: 21 | P95: 17 | Q95: 25 | R95: 29.25 | S95: 0.6174 | U95: 0.3g (RP: 500-yr; STIFF SOIL) | W95: 15
